prenda,tau_hat_oobpredictions,tau_hat_oobvarianceestimates
78133041,0.09518730787952309,0.0042800389462747685
42124669,0.17229720956469968,0.003284643467078516
42123981,0.13656852344103906,0.0028316142977305096
42123978,0.13601139268416607,0.005549284980928209
42123980,0.13627853483094418,0.004685912384928563
42123982,0.134853086651147,0.005253770003580487
42123979,0.14990484662727868,0.004978401389882652
5524248,0.16629431829910526,0.004299856158531246
10462066,0.1552971261754044,7.907896177047017e-4
3595471,0.2596399203089734,0.005346272203923085
78133121,0.09606625524952674,0.004247022354965039
42125021,0.08430219115459726,0.003007883495802142
78134822,0.10845301030993944,0.0032140129041133645
5522747,0.19771582067982912,0.0010952171284467353
10463800,0.13541016378326584,0.0053214143274926224
80117247,0.1702984362837053,0.0011432186923153401
80118911,0.17873042592736205,0.0017471135714852454
78132608,0.09353467289511674,0.0010676238923479305
3595411,0.08369534133446146,0.0037901497915255864
5514273,0.16714537926564169,0.0066672949616491
78133514,0.08948313625145732,0.002595344352290585
80118770,0.1849631482226994,0.0036177938015617807
3592101,0.24674901467217963,0.002414268489964651
78133294,0.0898239112015285,0.004326116766038002
42124383,0.12291569340251592,0.004449108136664308
80117915,0.13195337510795202,0.0029769049255388784
3594093,0.180740157925722,0.003881471460251603
3594094,0.18327536032166025,0.0037216222528708323
78134579,0.1816417695741757,0.003981374791493956
5514473,0.16602157579264448,0.003603793704734697
5514472,0.18807715548732926,0.0015513632627527387
78133246,0.06999738290497481,0.008014668963789153
78133302,0.14557995714312105,0.007012070186564057
3586696,0.1725907454492948,0.0075390808692729
78134815,0.13050741288055212,0.0058560746459024185
80117111,0.24873752403747162,0.004194250790340464
10462438,0.14766493517467918,0.006307405713731988
80117948,0.11774363125864502,0.0016638793324371733
80118817,0.12257438394338944,0.004840403648742517
78134238,0.14548783697108475,0.007170227561779183
80117050,0.16378229686189336,0.003979363516518208
5524168,0.1774428694161344,0.0017314479127859101
5524169,0.18049790949426198,0.001556846470150651
5524167,0.1792314446821429,0.0027689538452498
78133298,0.12958974726582467,0.003544352623859457
3595416,0.15277615567049369,0.004693688745205242
3595417,0.14358257372935415,0.009074936207392565
10462663,0.12499427840373495,0.00111525805614424
78136307,0.1446679101741402,0.004141406668178751
42124966,0.16979240984806956,0.0014725303628748978
3595825,0.12785963524162375,0.002215519832664461
80118831,0.11108474309776535,0.005104202492254265
10463192,0.18733745151501208,0.00459539192737291
10463191,0.19090444448480276,0.0034549350584356224
42125177,0.19089112755068366,0.003069418024148907
42125178,0.18338505785286707,0.0023596583560616894
42124516,0.07889256450041278,0.00338909963139128
5521228,0.09640997450303036,0.0036732264078194786
80116972,0.12353262902280208,0.0028473882625193524
80118823,0.20439751787337593,0.004420803151327965
42123807,0.176824886263743,0.003960548191097746
42123801,0.18876869317939343,0.009080989384357536
42123806,0.17268696229683894,0.0039990777248124065
42123805,0.18242649963013538,0.00587831966426969
42123804,0.2015787868095311,0.008415733899559016
42123803,0.17630353835091883,0.004857816104531652
5524106,0.15952658836053302,0.006602860189072485
42124562,0.11217371011248374,0.0016192042792700489
78134221,0.10337100012465714,0.0014230136687277473
5521223,0.15808483875114757,0.005477125538130217
42124249,0.1303681125476167,0.007431592250437825
42124250,0.12197591097435616,0.007190109013621769
80116886,0.19040922059600712,0.003526503096315447
10463861,0.16885120774179452,0.004548356880649109
3594441,0.09245867498096863,0.001042372602120199
80117604,0.11645706789941349,0.004443677732614049
42123733,0.22495412085076286,0.00473167097714052
10462090,0.11050798313812002,0.005048765725325238
80117230,0.17584240081174277,0.002130181844188254
80117229,0.17936106227027213,0.0023341519726414865
80119076,0.10228399666858813,0.002373495592453453
5521205,0.18399896779571204,0.00407185218044187
3594273,0.1461732311048997,0.0063022667661168435
42124735,0.22504618125904371,0.003217736005576999
5524172,0.21943792958906405,0.00455862668015361
5524173,0.2193824021620912,0.004298387001307465
5524505,0.2096564512063018,0.005493196082352334
3591950,0.09336390346743009,0.005672170831785504
3595302,0.1677787753335781,0.0027698976036418547
80117944,0.13230287612188432,8.707941403390458e-4
80118493,0.09141943332690047,0.0029055510720671805
80118097,0.19639285502096632,0.01016684561916367
10462074,0.23123475527019915,8.4967607565714e-4
78132622,0.028219099169269745,0.001395890874339949
78134608,0.2290176943413872,0.006273063854620553
78134609,0.2174840439139082,0.00412587217673108
3594442,0.14932961709257883,0.001142247593143791
78133282,0.10752311205231384,0.0012506235328701037
10462501,0.17668747665010234,8.377015219450455e-4
42125804,0.19957181577616148,0.005479395794231078
10463579,0.13992441361469704,0.0018170397501006044
42125772,0.16510660995947424,0.0022633571171219863
42125774,0.16486144853550266,0.0013342792101138448
42126569,0.23155296785912768,0.0014926860851275769
42123714,0.17609730081591482,0.0028083549116171592
42123713,0.17720332980926057,0.002784056335401284
42123758,0.1349633301482336,0.0013787453385329883
78133137,0.11313301822261843,0.0020189328823289384
78133138,0.11468803597746037,0.0015924781041114977
42125108,0.2400685830986448,0.002959605154548992
42125110,0.24069358458950685,0.004255421878211162
42125107,0.23933891384943706,0.003561561274381717
42125109,0.23254122546106332,0.0034124487629156935
10462896,0.23453756118876573,0.003746271115672369
42123847,0.16160087255241434,0.0027401086051786344
42123846,0.16158906761420025,0.0018723463824534357
78133753,0.12254756643653343,0.0022236559588723797
3591920,0.11297802899767352,0.00213919415985276
3595480,0.05825716691767608,0.0075769299263695
3594491,0.2279644846740972,0.0076004064786547474
3594490,0.2347848634831014,0.00686785892903965
3594489,0.23441996852310132,0.006130486830878715
42122499,0.11270939463040978,0.0072918961280806615
3591978,0.18237407170302616,0.006632606316155553
78134187,0.04778546244314146,0.004755755187728807
78134186,0.06534507514339474,0.005816759512274201
78134188,0.0488804363099155,0.0033411872308283844
78133609,0.05918239359123603,0.0076097755845297484
78134245,0.0889229674063685,0.004527993337982179
5520265,0.09061515134527721,0.007588764765421123
78134291,0.040273774379449706,0.0061928801162448414
78134292,0.03858140740958926,0.0030032007961380116
10463845,0.05164398872005445,0.0034880729877869374
3594123,0.14250640985879434,0.004485419454981955
78136131,0.0704589034308899,0.0017548318692979382
42125564,0.05153614172576171,0.0028784874762161315
78134399,0.11407872054777721,0.0015707958932620978
3594455,0.09597935274928852,0.0033216593369420414
10462870,0.1354487025652101,0.00415818618063663
78134462,0.10951473985298486,0.0019724017042279723
10463906,0.083824764423758,0.0017177302120611362
42124526,0.11332417166404922,0.002631157416541621
80117465,0.15362917821634148,0.004368519182512903
78134225,0.11558787075310524,0.0074901648044491224
78136370,0.10091619228331161,0.0032113395323396755
5514315,0.2513065070104348,0.012465471376218574
5514314,0.2707321127564091,0.007993350709645618
5514313,0.2535261981223276,0.011013613681059246
5514312,0.2692970379618323,0.008090195767627132
5514311,0.2706552048375328,0.011104732571276886
3594459,0.25514655272965236,0.005025442642085327
80116703,0.11936861552107406,0.002103722270876619
80116705,0.12143193402501752,0.0029911777456530174
80116704,0.10443251082613421,0.003547562819444987
5514185,0.2086012114812429,0.00420710017727333
10463443,0.20668258720270025,0.001976007151471102
42125371,0.16319786110346338,0.003278947759110202
42125369,0.1688297961205697,0.0018012835417521795
42125375,0.1800282003335166,0.00207066183192176
42125374,0.16639324056685795,0.0017502501678119424
42125370,0.16525050956587847,0.001899509748307192
42125376,0.16126305168104363,0.004588531712066061
42125372,0.17546814802595948,0.00115808436273867
42125373,0.16604829630897047,0.00171686028842574
78133043,0.17372550385419555,0.002996710762785933
78133023,0.09294480826164928,0.003999224711031444
3591946,0.1545979843831809,0.004308655634205093
80116935,0.11744665021511827,0.006235325798231771
80116934,0.11653593153185052,0.006209749674293314
78132605,0.11270814369125112,0.0035819514071536844
78133641,0.13020517756230657,0.0037448692155048384
78136042,0.08840950629266636,0.0035714765328214056
78134360,0.17294584561758056,0.003808078546439739
80116727,0.11983387983909705,0.0068018034718865346
3591992,0.11490713740638865,0.003395539896556151
3594463,0.08105004835926137,0.002379015912527978
10463021,0.17275070258024694,0.004706347487968699
10463015,0.13053129570687652,0.0035648436643115817
3591947,0.17985052012703293,0.006613480253928618
10463784,0.12080918020562818,0.0028459373665581465
80117146,0.15377578603619535,0.004376085660847585
80117688,0.12673021891187727,0.003584852081491339
80117687,0.12424759597205372,0.004373456115264631
80117686,0.13178502688477872,0.005344309915997383
42125170,0.08980654015312822,0.006043223920318336
78133047,0.16167679142522853,0.004259991465236844
10462072,0.14637780131137823,0.0021511053811543177
78133765,0.16253386250259233,8.31119840715966e-4
78134212,0.16307063359828122,0.0014338150885917283
78134211,0.17585392544201744,0.0011233018190059266
78134024,0.18933490648190313,0.0072530349043483915
78133914,0.10526816364170849,0.0027059504677173296
3594294,0.1473002810794924,0.00660476805071075
42123955,0.12295913351581222,0.004805629737887093
80116741,0.12779425024361077,0.003477198316077743
78133356,0.01579755153656108,0.0011681877598072824
80118794,0.1146680724894618,0.001163248614388907
80117729,0.09936069310251969,0.0030095020152991554
10463420,0.06269453446232896,0.004275902126567899
10463414,0.11235536444843454,0.003446076963399653
10463419,0.061836789066276265,0.0037894434715925606
10463417,0.06763875870166308,0.00518243431202949
10463416,0.08638333022380386,0.0036553592526334623
10463418,0.0622798885490735,0.004961510817871074
42123515,0.1286101514780385,0.002451799993533224
3594268,0.15824796812714642,0.006348986094003073
3594267,0.163179700812016,0.00679981363885897
3594269,0.1749874617133428,0.005674843389815987
80116992,0.08150648705630491,0.0037875100163843136
78132936,0.12002464415708813,9.779542358626502e-4
78134289,0.07166614942239087,0.0034324097882304297
78134290,0.061718988750947584,0.0035839976746475447
78132739,0.09573247261020468,0.0025960143753004936
78134514,0.1095281529315811,0.0030484843791220868
78134164,0.10797676141827708,0.003031683983026793
78132932,0.13008676410666445,0.006112817090566768
10463185,0.1308783536212513,0.0076932255600096165
80118864,0.0900828143412533,0.00628328938779724
10463215,0.16749219949414793,0.0029979150794142077
78134391,0.15312976619667723,0.002037300147897608
78134390,0.15944406679760215,0.0023950817629085027
80116889,0.14210794545786629,0.0027158016592995697
80116891,0.1370190568745378,0.001468081760850017
80116890,0.13613889186794373,0.0015779088403676117
80118398,0.1293592310984159,0.001075545738855284
3594117,0.08076706586312417,0.0034713897878000085
80118495,0.13007792501835308,0.0012904121107190866
80118840,0.08208975935605613,0.0018516244177520453
3591768,0.11375997349177756,0.004777763518181062
78133160,0.14282732936187614,0.005233446673240417
78134771,0.1548080992163872,0.0024395252228276215
10463526,0.10550659445549905,7.454180054695474e-4
10463525,0.11424639093647136,6.868897076145039e-4
80118464,0.13765757982207616,0.0034593072504374768
78134482,0.18537887751041304,0.005568384614481256
78136376,0.09717035849597873,8.32126071201836e-4
3595367,0.14935045092642346,0.008734591222498308
80116884,0.12244575154046489,0.005294490099232599
80117239,0.16088721278170712,0.002349528848779934
78134859,0.07806311492096447,0.001045859201045825
10462941,0.10336425497284718,5.6819778335009e-4
10464055,0.133157161144078,9.147193218262562e-4
78134056,0.06400505759350845,0.0016706850019524485
80117116,0.1701574732268721,0.0021892518531266827
5520195,0.12031737720562309,0.004515974715455189
3591999,0.14318514285652684,0.00348249814550319
80119058,0.1251010594566787,0.0018756047410651276
42124540,0.12841477896514103,0.0038562048316435177
80117722,0.11854130165541167,0.0023206747002804903
3594466,0.11391628201074364,0.0027718494941027967
3592065,0.06333834087721667,0.002643943933942908
42125747,0.15819438521192508,0.00226887454294054
78133902,0.0284884509935891,6.747183033968584e-4
80116938,0.115341599262302,0.002503513779535742
78132629,0.13631389069123032,0.0030282574161081322
10463186,0.0720514669784104,0.004872131682608938
10462862,0.11193505551245295,0.004323155713016063
5521330,0.18786857122201192,0.0032342227897213666
5521329,0.20145942995081337,0.003983133257961758
42124395,0.0966973892767767,0.0041989249214478466
10463524,0.20035708179277842,0.005045871956503368
3594084,0.187862499099704,0.00396018664687595
80117727,0.23058180997553843,0.007117406871294383
80117728,0.24553798848089045,0.002265240272667762
3594404,0.1751586304174585,0.005692515287269268
80119085,0.09340104250923073,0.0013875260771769283
10463312,0.0988230460982712,0.00449988028063023
80117262,0.07766606965139555,0.004493258663733338
42125176,0.13839143155428651,0.00423838542858074
10463164,0.17177414563857776,0.00470731666455461
80118829,0.17550919975159035,0.0065671602066314175
5514213,0.21000019711968843,0.003887450982402156
10463025,0.07311439597104884,0.005721288560488367
42125576,0.11080498681493604,0.0034284597795847973
78133629,0.07136220912269603,0.0025389227515065136
42125802,0.16687870532162788,0.007290602940539577
80118763,0.12866712849058956,0.0028754720006185903
42124663,0.18938198894698163,8.171120381104536e-4
42124662,0.17811762483738333,6.664191651643038e-4
42124661,0.17561700315001216,7.636486563268553e-4
42124758,0.08805035799598679,0.0030010468708947056
10462828,0.08770546857718599,0.0020191997456011487
10463921,0.1309200528778507,0.006808952609871223
5521237,0.14643676670147704,0.004656920521804884
80117634,0.1807164706694475,0.001160662635957081
78134692,0.11879356514698741,0.004772011291860801
78134761,0.10510882197530921,0.005652911119045482
78134760,0.10553592930216152,0.0056787011929358665
3594388,0.18161945775204513,0.00824827734144141
10463578,0.168882217909634,0.004546319449779953
78132493,0.0980742510630298,0.004024649420971313
42123983,0.21310652952963183,0.002015238581633417
78132586,0.08726966288586933,0.003833245529385771
78132958,0.15744021384062326,0.007367164271222513
78132957,0.15746039800363237,0.007669020580440285
78132959,0.1573747139713743,0.0074279248957080475
42125813,0.15510649701344198,0.0032476513379361143
78136261,0.12476932547635289,0.0073275506206618
3595963,0.19734655716498137,0.008206299772357897
3595962,0.21470163256645036,0.0026714206337891794
3595329,0.12149744591762139,0.004626405022023693
42124578,0.11563497477318854,0.012048618029506799
5520277,0.2609025544933289,0.004898595780343838
10462557,0.07290535206884396,0.001559189811096141
78133724,0.07616942018595177,0.002911202030617304
42123952,0.2194447469834353,0.00903173770261837
80116750,0.1074618744964248,0.004720456991051523
80118015,0.1707718803865302,0.004531494525142071
3593988,0.14282527380353727,0.0064745515364923656
10462694,0.12386565536991752,0.0022316353899951243
78134823,0.07311887967851878,0.004524799880528289
80117723,0.10063784436925688,8.780548642246355e-4
10463772,0.15044872062843626,0.0021745905633407726
3592339,0.2286407688706415,0.003217730090224439
78132548,0.045786008352115,0.0015090606377432042
80118852,0.18169097457170635,0.003611520057207481
42123860,0.14545797968195215,0.001146323991593777
3594482,0.13829331493232114,0.006804174623637758
78133396,0.1908742580351889,0.0020868668709432825
5514194,0.11904100252379775,9.447036094260182e-4
42123783,0.056198272190412284,0.002624026564877029
78133974,0.07693970837289321,0.0020901299237273906
42123993,0.1323278857490952,0.00499394632678631
3594475,0.1671660077841432,0.004594959319497235
42124032,0.10065618540622695,0.0033568204236104127
80118409,0.11321574108085794,0.003950752574620528
78133226,0.25017420700173426,0.0016440196020280384
78133227,0.25332821171538633,0.002495929954021133
78133223,0.2509462919399551,0.00368954430613296
78133224,0.22671094740331896,0.0026503193014609763
78133228,0.25044481220664844,0.004277571680913112
78133225,0.2391934369885321,0.00376882736213585
10463314,0.12179914804046404,0.004547612156079573
78133505,0.1115664402195973,0.0026739072602319077
80116761,0.1870543420217951,0.004776300637191989
42125017,0.17817583688918898,0.0014520661901810683
10463555,0.04505712290578612,0.00833134347851865
42125248,0.14600507547867073,0.004997654459196099
78132791,0.10722265879698191,0.005501803407418888
80116974,0.17649272742098832,0.004517686979346301
80118047,0.07839382921788089,0.0049404022295681796
80117876,0.08799465692316419,0.0019408729237212347
10462594,0.10378684818362617,0.0033835292799278527
42125803,0.06333733045227476,8.910218287929133e-4
42123817,0.1868481506862357,0.009867088683714543
42123690,0.1357499527805713,0.004706338288350121
78132945,0.0724300206660559,8.801065745980591e-4
5524249,0.15189087957156105,0.0065965994655742015
42123821,0.12943581651023015,0.0035676351366585833
78133420,0.1038332886337296,0.00839239792526863
5522835,0.18618012293406921,0.003036379560119673
42123622,0.19495177992292054,0.005764259197505224
78133908,0.07211992648291794,6.347664628430635e-4
78133907,0.06956805966027826,0.0017169480850558647
3594387,0.11753636758015762,0.0028060162279464522
78131771,0.14368306798963232,0.006682593087672277
3586684,0.1919050488868757,0.004853905740423711
10463163,0.10882517944490487,0.0015956618429973186
10463213,0.13468226961924437,0.001480556510851186
78133625,0.1518181802796002,0.0010622696843795498
78136383,0.0805351626919069,0.0014891195115385814
80118463,0.15270816509035662,0.0046305180985906635
3591901,0.162112743590385,0.0033334755593460285
80118869,0.07583977899815578,0.005390472134116508
5522818,0.2225102980002922,0.0016826628652655436
80117381,0.21836177084744135,0.005230420922853262
80117382,0.21763204735304828,0.004259185636686788
78133725,0.13140227735900117,0.003768761668490167
3594092,0.19911286499094644,0.008186743656093246
80118926,0.20187207969296936,0.006106057004426477
78132750,0.07733569581784554,0.004600569902199277
78132731,0.10609825378115527,0.0013568666253661672
10464304,0.11399059583538383,0.0024078258940936786
80117299,0.16682785171568018,0.002926573876743926
10462946,0.08958728240762692,0.003305256638795431
80116979,0.10896772316479299,0.006057570591545735
10464303,0.13232317842753458,0.0030979512853007035
10463006,0.14733093277875609,0.0010583171601030385
10463007,0.15747328563079413,0.0034798056855381296
78134030,0.08972146632674527,0.001981780136661386
78136001,0.12122334936952597,0.005451409657934594
3595833,0.13297216037617202,0.004004984626167378
10463042,0.12340560169561557,0.004789991219735017
78134486,0.10452999109272104,0.0010086883156709401
78134023,0.13306325420660223,0.0032484776953592906
80117703,0.13040199984073175,0.003248983446226569
78134126,0.0846338210523181,0.004216758400979252
42124226,0.1154162833247581,0.003209214033104305
42124224,0.11858323941230699,0.004229674708740401
42124225,0.11858895492511842,0.004312871642803904
42126601,0.0807339794548258,0.003685551596803957
80116760,0.10939599385760623,0.001965733553226024
3594433,0.1352124150046866,0.0027043541431404235
10462922,0.09206628092521421,0.0039006859624507173
80116893,0.05928817831240591,0.005994637447253779
80116894,0.0785214649615501,0.006853433053699507
80116895,0.06326202556200182,0.006772294156665044
10462948,0.10009663351118396,0.0024538273617225937
10462916,0.22444816624782798,0.002882549643593991
10462917,0.21577897961714987,0.0016485041371035014
78133893,0.0725479036658808,0.0028873468998992357
78133892,0.06255124707163905,0.003815124458926344
78136119,0.08540931257269437,0.00618973366687632
78136117,0.08278667138132004,0.004892389759609894
78136118,0.08297159805602632,0.004508863220534523
42123486,0.05144391075352968,0.0010372006135298333
80117238,0.14291406623181344,0.00452699949408584
78132983,0.10458754327638653,0.0018940456802635773
78132839,0.1483895538483826,0.0018543967247710755
10462942,0.11875523786751488,0.0031042924311668247
80117246,0.12432447122165363,0.0012135699873908512
80119328,0.11029532894598082,0.003305608969596319
80119329,0.11613843985462675,0.004050656736029661
80117053,0.1510424107881635,0.0013721873155129038
42124728,0.06204389860611723,0.0025541299509839388
42124729,0.0576248189976891,0.00257608533690902
78133033,0.0761361755492205,0.0025447008093532103
5520212,0.13215262783426698,0.004913514560245308
5520213,0.1324897869570976,0.00488455577408455
10463100,0.1332430711764992,0.002631983502728527
5520278,0.20443454792115837,0.009152512267729509
5514350,0.1655494554783489,0.0045657112831659205
5514349,0.16447615992765804,0.0036473048694086836
5514348,0.16480651600937937,0.002994345738925771
5522665,0.24207262653475242,0.005780355764638452
10463432,0.10551508675730177,0.0013598655542439349
10463454,0.18842790655495134,0.004559078010789519
10462035,0.10518280452047882,0.0015612617866503317
5522632,0.10567806682476,0.005918551848130128
5523075,0.19400723654950427,0.004357819780086601
78134320,0.16920231861701537,0.009023121682470395
3595398,0.06138637482201442,0.0015773415991429955
3595397,0.06058584154357909,0.0017599465778486629
3595399,0.06291429771538262,0.001531961259800355
3595401,0.06106684338937909,0.001804987436885555
3595400,0.05961069465894802,0.0016658979829574179
3595479,0.08606627596453727,0.003158219170240183
42124545,0.10214225426919285,0.0030984442729769233
80118762,0.22245322338780654,0.0012750303717616513
42125590,0.26160415084298677,0.002837218753848908
42125591,0.24161661787384814,0.0042149125269165715
42125588,0.25629537048055084,0.0023789677721603045
42125589,0.2615535138381334,0.002765275499675848
42123996,0.08660504560825882,0.006701676713306217
42123995,0.0928616099901715,0.0030218432244441696
3586603,0.10905952519614917,0.002436007321628371
5514306,0.1803634549740015,0.006150561578372656
80118937,0.10580021528149977,0.002111812157802929
80117529,0.11398020239249065,0.006293282853820963
3595913,0.15300232119229945,0.0040327573933083075
42125608,0.05519157568856363,0.0030574150234110335
10462678,0.052703130358851394,0.00105557604701971
10463436,0.10011915163044903,0.0039320448881084045
80118077,0.13133819643149705,0.004330375169128206
42124229,0.2012818903789092,0.007308949240131285
5514457,0.09592165423991193,0.007033297979394936
78133375,0.08193660312376418,0.004568865793532206
80117701,0.14137033723329565,0.0021746868893627765
78136328,0.1684681084804238,0.004991188301265268
78136327,0.1746602081832163,0.0044096621385007785
3595311,0.17142974831659374,0.0029494065700022896
78133952,0.12465214583660038,0.006030798530105447
78135073,0.13702898610305567,0.007732988400303164
42125650,0.07541274442060891,0.002250250447373832
10462036,0.08392005140501345,0.003313628087686993
42125443,0.11722367257952793,0.0029242842588667814
10462872,0.16248667607651532,0.0029565981377395667
3595429,0.2358813808033686,0.003494321201466505
42124551,0.19713838257822883,0.004349508239283662
42124732,0.16380416924766988,0.002597370766636538
42125274,0.08362750042014082,0.006325361022207454
42125275,0.09485713618923791,0.0018874038151166228
5522617,0.1756539007745816,0.005924958466288363
78133639,0.14771641916426612,0.003628271870117951
80117150,0.11870097246322485,0.004921344264390506
3592045,0.15798256416640732,9.61914040617995e-4
78134142,0.06581171265531215,0.004961349245693415
10463198,0.04767760302550468,0.0010854191019676017
42124327,0.1456370628587119,0.0017639719534764215
3591976,0.10076205231938055,0.005921071439358999
80116718,0.15893636093922608,0.0022449611789942016
5521331,0.20754134438122165,0.006013533823710553
42126029,0.06733123079754033,0.006340361052655083
80118822,0.14321220284208583,0.0036118092474809317
3591991,0.11688291234855877,0.002335236522643136
42123784,0.11351215497310561,0.00936877838823725
10462554,0.06186477532456363,0.0025286211595241617
10463563,0.06390145438586564,0.002188243721822233
42124708,0.09480493612966236,0.005234504544511731
80117674,0.12212740219137412,0.0063946356271127784
10462822,0.08256708077170304,8.189035238656364e-4
10462428,0.08363851171448505,0.0024153287521759235
42124651,0.15391317002929258,0.0018158317622367836
10462422,0.14611842489347754,0.005082561284955209
42123490,0.10722198633232878,0.0013616311224153967
42123491,0.10640993285309502,0.0013352132488406074
80118481,0.19005606114442014,0.006198618350902254
42124320,0.13106320350428272,0.0016299284359583902
78134523,0.057226102045780464,0.0021973044413395202
80117778,0.12573104950767314,0.006321014366763292
80116758,0.1721728905523975,0.004155727900786789
80116757,0.21729923484955202,0.005340969160185842
78132627,0.09112197935622278,0.003451228874664634
10463756,0.10253182873306518,9.20580388135416e-4
10463755,0.10535696812759478,9.484391939958551e-4
78133978,0.07672395244013393,0.008738673660190393
5522935,0.2154013605040516,0.009666230679255013
5522934,0.21764342041495433,0.009504315350742452
5522936,0.21663664324998053,0.01009944246696279
5522933,0.2145575262223721,0.010387785761888398
78132517,0.14104623269396874,0.005303364367326484
78132516,0.13417115012771877,0.0042464233970315995
5520169,0.18545563682188815,0.004584480380014696
10463020,0.06994085338356769,0.001289412085690682
10463018,0.08385570971641063,0.0010817752142433428
10463019,0.08659850429411732,0.0010243397370828535
80117978,0.1009832975411648,0.001698278271292328
10462062,0.08969304247428796,0.0020092645295113664
3592344,0.11480547575718719,0.0016431947858594972
80117023,0.11054054389467137,0.0035482662936893628
10463013,0.13612637286525045,5.833025411601921e-4
3595472,0.20057777074617167,0.0018216666796250906
80117601,0.1043432894644912,0.005277136760942557
5521201,0.0745451665162432,0.0012803604063217787
5514193,0.23286841008633485,0.0015414739632790256
78136122,0.06636530467577381,0.0031153429887212022
42125702,0.1825524174671255,0.0020991383551995503
10463446,0.13084734944628543,0.003505210289846136
3592009,0.10061664241220805,0.0050905387685235524
42125029,0.11385772382556142,8.751528194903108e-4
42124638,0.20002725402024304,0.0015721014265469323
42123772,0.14672363599673174,0.0010095039324974817
42123773,0.15388260889530267,0.0019957516263127764
5521303,0.22465421537750957,0.00788118874710029
5521302,0.2291601848191152,0.0067541204979418516
3591003,0.22379614163674696,0.009380841956940196
78134453,0.06919123009390914,0.005875383148500759
80117425,0.12132888786950448,0.0016157337793518346
78133111,0.09525922439535575,0.005705073669918516
10463956,0.12729862986240484,0.002636443024050882
10463953,0.12292694686757898,0.001433182264004906
10463955,0.14265060732434906,0.002090417251916248
10463952,0.1231040453005335,0.002066139221244539
10463957,0.14174320206701618,0.0013685739849973206
10463959,0.10382639036988843,0.0014988525314835197
10463958,0.10587983152011878,0.0014167436768565496
80117046,0.12560256435049177,0.00423572116212532
80117157,0.07944122644121387,0.004382524516062408
42126539,0.1732641943277536,0.004056278412285682
42126541,0.17196319405192145,0.0035689828935454256
42126540,0.17213030200468185,0.003393832189407133
42124756,0.073538156539398,0.0038025115837142746
5514216,0.1037914244278681,0.0019114345018017879
42125163,0.1227306639396157,0.004315714469259146
42125162,0.1239808119124495,0.004287788129425126
3595204,0.13626175750565783,0.004062298341622088
80119334,0.11215777910239781,0.003037761911716768
42126024,0.16930384064816156,0.004437289778021389
42125964,0.10130446946769822,0.004475815203076131
42125961,0.10258402076084028,0.005097357274484581
42125960,0.09778149123462467,0.004292773325225085
42125963,0.10130446946769822,0.004475815203076131
42125962,0.09473902500771021,0.005235616959345512
78134843,0.19444768957949404,0.010575201267819597
42123510,0.14013065890485982,0.001745928340301493
42123512,0.13510462857582425,0.002675142483605022
42123509,0.13510462857582425,0.002675142483605022
42123511,0.14522534894862515,0.002419017650864097
3592194,0.17324054246754522,0.004746265963338897
80116710,0.12351049316706485,0.005868112308870172
78133635,0.12243464355101913,0.001918246386284126
3595426,0.07526989291170158,0.005331538830353711
3590975,0.2043639645759634,0.002806667857753578
3592025,0.20365832880034768,0.0027768990003561806
10462543,0.10223094369883037,0.003630604915918136
78132509,0.09210626247149084,0.0030936526074656487
80117491,0.1354974139143418,0.0027223927553570097
42124703,0.21824220093565913,0.0033340647266778475
80116825,0.12203088979524111,0.0018240168653471662
80116826,0.12287310794719712,0.0020512455501335773
80117698,0.13582662092605535,0.0017690185429600856
80116982,0.13057258716046746,0.003426776551014302
80117677,0.11998054533852874,0.0042778297704064785
42125742,0.10035608584867346,0.0021703557678861875
42125582,0.22082443391181614,0.0025560698531621713
78134640,0.07955000004409644,0.0012490465903260153
42124626,0.1488594942735556,0.003233874578255438
80118013,0.13335069075183437,0.0030341019293311402
80118012,0.13525200203991294,0.00540442003246708
80117689,0.13522146629566376,0.005072188123503138
80118010,0.14551582429909488,0.005779363737900943
80118003,0.13292494671765226,0.005520887460615097
80118007,0.13571982920172576,0.005342953867443229
80118009,0.13522146629566376,0.005072188123503138
80118011,0.13126423368119378,0.005412893756266488
80118008,0.1397065736413024,0.005359081960355436
80118893,0.13299434061596424,0.0016046471969359656
80117695,0.20289396551940062,0.006752617162810635
3594428,0.1519765995448547,0.0021423236037173155
42123760,0.11442824166554164,8.343390482878701e-4
42123777,0.09808253378706941,6.473417452429117e-4
3591892,0.15326505713315025,0.001658569806246655
78132596,0.07183650975542477,0.006636917004519859
78134016,0.11862911670325076,0.006571128910898361
80118476,0.13313130531100117,0.003134626457814236
80118477,0.13289973819634932,0.0012611878740345023
80118474,0.13875503641770012,0.0023109209729103674
78133953,0.09010748580094032,0.003732984807513967
78133954,0.13284478662417953,0.008441073457505095
78132956,0.11554924174052748,0.006370394861587147
80118789,0.22477726952860522,0.005269442550357398
80117646,0.17685171941436667,0.0010936701842285419
80115973,0.1431086660502354,0.0017231345278816475
10463848,0.10565748202010358,0.006775349484139701
5524105,0.17665577301354046,0.0014723245448382248
78134015,0.09930105313088211,9.337288806650986e-4
3594096,0.09384540546673958,0.0028037332400886175
5522997,0.2422823953879847,0.005419405852728147
80117051,0.13430133596964702,0.004530841168380178
10463515,0.12599595136653044,8.629321098609808e-4
78132977,0.11143295080246142,0.003934717014821363
3592247,0.1912814771734099,0.0035395681127101124
80118486,0.1984995986838156,0.002766243002359169
80117965,0.1026488078060033,0.00267405174152928
78133615,0.08875355172416016,0.00555990784499898
10462556,0.10160281309912643,0.003310611558814636
10462810,0.06915742307202619,0.0019962220544833876
3594100,0.21522208458426859,0.00796842762669285
80118873,0.14568029104583333,9.372573551576567e-4
5524501,0.15435274571279475,0.0012506857046036116
10463256,0.2097329012683799,0.005188086695419957
10463257,0.2090856146061111,0.006907897693458355
80118872,0.13572839711469165,0.0010322688166514694
10463075,0.10385828195363332,0.001968627143490119
78134536,0.1481748339777337,0.0054787965132471386
78134017,0.1879825619894434,0.009747922658175576
5514277,0.2550808780079622,0.002250807039165712
10462928,0.11876973285325973,0.005294615434142445
80117383,0.10916903716125424,0.0014207672514137495
42124630,0.267282878224699,0.0034849356057443403
42124761,0.18814197878643116,0.005145103070721981
78133769,0.1387068196388611,0.004073385186216181
78136371,0.0864521703579114,0.0018029504177288316
78136372,0.11311357905754452,0.0012636626778585848
78132530,0.08095295735466886,0.007091294322778383
78132529,0.07710458363299276,0.00812133735526806
78132528,0.07884885334305301,0.007946957017835394
78132531,0.08325013044422955,0.003349529743792176
42123633,0.18792551964763715,0.0016000563011194114
10463430,0.13732761448412517,0.00401008639153806
78132506,0.0800760142717164,0.0030589120254468772
78132620,0.11653450913245818,0.0013412218488770744
42125106,0.17706100422769766,0.0024822876022695425
78134209,0.11505334180066361,0.002854165651432469
80118004,0.10993180780404835,9.498479127541212e-4
80118006,0.10748456560242023,9.276734567939295e-4
42124720,0.12639218588818618,0.006031294379890097
78133029,0.17520015290756816,0.006750808602850922
80117147,0.15176588444109929,0.00589321875669444
80117438,0.09237139241160312,0.006119496226025941
78135021,0.06768206377644204,0.004493060808729565
5524115,0.1214284094926613,0.010440195826412068
10462838,0.13230726911245172,0.007352763674074544
3595820,0.18869862488137804,0.0022989780323769077
42125208,0.15953533554113228,0.0032802475283667727
80115946,0.11235391855936289,0.0035870989884967926
10463450,0.13765296157958262,0.007246937116105119
78135033,0.13599085515813528,0.005911274498067347
5521159,0.1774235170319994,0.004414923706276665
5521158,0.17614297630850292,0.005046882797253289
5521160,0.17473548674900763,0.005873233514105898
5521328,0.20484055821977099,0.0028958797770309765
78133249,0.10669848704897558,0.004890177601721961
10462883,0.09409110442517549,8.10020693820543e-4
10462882,0.11397802452528792,0.004200303918455878
80117717,0.13206961418744506,0.0015439767877950717
80117027,0.16182967527137762,0.002922180678048343
78133778,0.11980880556062258,0.0016924915367920084
42124693,0.11723561304712209,0.005900782753291059
42126018,0.13685274047857454,0.006521486092267279
10462520,0.14376371058918938,0.0026835567234617173
10462521,0.1350487608317959,0.003416439104756632
80117439,0.1192193597855171,0.006304399294917813
80118736,0.09476696683250872,0.0035916758569107953
78132778,0.14673771377478478,0.002015850708567994
78136250,0.12623528669628697,0.0061846025348471
5522630,0.127999325694557,0.004014320500315423
80117878,0.11851812955835424,0.0015613500357983658
42123791,0.1714523951009991,0.003697388701823871
42123792,0.17150924392393985,0.00366742881235438
78134994,0.14370664841073805,0.004511797469199349
42123769,0.12069447695656502,0.0029417070566163774
42123770,0.11524916934124681,0.003349503560914451
78132737,0.08750715809815862,0.004254310946123886
5514309,0.08672739159197704,0.002149053645361342
5521191,0.0883442210950743,0.0023625028515181037
5514310,0.10561438308569761,0.0032949777407532436
5521192,0.08280730159359453,0.0031249842524966225
80118675,0.17354041339875206,0.003413554090080144
3595301,0.07211182406568088,0.0034668529996372045
3592072,0.12081353219668657,0.0011307300043001383
3592036,0.10095722136965363,0.005129675509780117
3594436,0.14999011425170145,0.004034960468161937
5522741,0.25118428200149395,0.002821942161025998
5522739,0.25098823079588795,0.002914520296836264
5522737,0.2502679903660429,0.0020900547310061073
5522738,0.25158581614353615,0.002329300550480651
5522740,0.24957872421853675,0.0021519236977108934
78132488,0.06561013097480377,0.006551775066740849
42124038,0.19386199696666764,0.0011011576893762399
42124037,0.18612237327154374,8.74154006249816e-4
78134141,0.14405041868519097,0.0034787896084682514
80117540,0.1302844389363604,0.006079444962984477
80117105,0.0803043026900081,0.0014818778395808028
42125768,0.1279407235207596,0.007402295208294496
42125769,0.12855261694430126,0.00669649620580962
5514284,0.21061695416910836,0.0044850220533664414
78134210,0.07360384126952521,9.281129705355747e-4
5522621,0.2058498874789774,0.0028960042754968126
80117550,0.16673906962854196,0.005652628972843938
80117548,0.16981867636854753,0.003715713707762949
80117549,0.16564424262492736,0.005905117467117685
78134234,0.16496450771184737,0.002491736475978898
78134233,0.1704934584566088,0.002805377672130145
5521169,0.1868661891309069,0.003050364916033141
5521168,0.1888211442046544,0.0030194508192192965
80117109,0.19525285048274482,0.0033015782913685073
80117450,0.09170072396257009,0.005236574949758153
10463798,0.11112346006865775,0.0030653997941694827
10463797,0.10399116726341671,0.0024293327363122132
42123638,0.12683549391822818,0.004790708460028882
78133712,0.16101877169840006,0.001839739417846045
10463536,0.12001324933287273,0.0022548953561469308
42125615,0.10116027480418963,0.005379855794863103
78134323,0.10279354988852406,0.002573654960017822
10462573,0.1202276081189694,8.985650955222516e-4
10464069,0.08823087150922869,0.004348082589252268
78132581,0.0980338016255477,0.0012974885107923902
78134801,0.10974571441626463,0.004344949506416074
10463792,0.12828167648022065,0.005061492535479015
80119079,0.16785289093666003,0.004321453992816769
3592285,0.14763585455277534,0.002489771147307467
3592286,0.14148665898861756,0.001855142235200466
3592283,0.14794149261531522,0.0019766392222856062
3592284,0.14672507997794917,0.0031842509651114283
80115932,0.16870422371492208,0.004025497093149548
5522994,0.18012009329641648,0.005223991735124355
80117526,0.07184551153432212,0.0019383101191217471
80117958,0.1367383980841778,8.214243433500171e-4
42123734,0.1750965931347457,0.004260323101439517
42123736,0.16392846226218194,0.003180348010568401
42123735,0.1607511266074061,0.002187443312427369
42123737,0.17446761058585902,0.005040545551008628
3595313,0.16699203369888402,0.0026853355319701308
3595958,0.1350845779404135,0.0066002339107533985
10463448,0.11738792814752338,0.0011243465091147664
78133512,0.09794725306436622,0.0028587872781252717
5523006,0.16809333223879264,0.0024268697770998427
78134003,0.1679167785908494,0.011415947854116235
5524525,0.1794442685033692,0.004979113314035257
78135045,0.017236149128262254,0.008016639316439318
3595819,0.05177844389012397,0.0035629869373197858
78133057,0.08780171762898738,0.0049609043159798685
42124318,0.12560951071112447,0.002099115006077206
10462441,0.1711290203182627,0.008366448066661767
10462440,0.16359374133938978,0.004282941628226623
78133236,0.04862721188223892,0.0065856634530715484
5521323,0.2555534890086403,0.004848722240659374
5521321,0.2442853971790682,0.0018049521220003125
5521320,0.25218714015604154,0.005331205008011591
5521322,0.2523675912220811,0.005902614742001705
5521219,0.2383871429090517,0.004510284824585031
80116738,0.1193192708437277,0.005339067044692647
78132820,0.13172332805518894,0.004976882646568787
3594376,0.09046934700832651,0.004830618010663091
80117564,0.17143803423534212,0.005398759403085047
78134051,0.09012196230351038,0.006392678709732208
3595421,0.1444804495584763,0.0036868359740139965
10463522,0.12241180075957836,0.004752162041552973
42123688,0.17192974308544937,0.0016891321820528382
80118444,0.10094925057829343,0.0019139210710163012
3592230,0.16936398001651,0.004906144082292922
5514202,0.22266103104597082,0.0027255068034804223
3595864,0.1786048647971524,0.0030873883574082856
80117355,0.1481718897073973,0.005825971426673558
42125757,0.20223889615062843,0.0024918622231767367
78136262,0.10284974113712367,0.003236230558759633
80117732,0.09292774077760978,0.0017305108534576188
78134301,0.1481818260542921,0.0011513916035288203
78134299,0.14227913962831765,0.0024822956151130077
78134300,0.15705265489878723,0.0014118200450671523
80118768,0.16760229400414914,0.008437113824613438
3593980,0.15554701687705183,0.002080096942246347
78132569,0.054102166470340406,0.0035831891564533035
78132571,0.05721922228770469,0.0033175442919600746
78132570,0.06383103050009593,0.0023901794627396557
78133011,0.12738820662489156,0.0011618055643485689
78133010,0.12394316948795495,0.0010121218951013033
78133930,0.06453998487758282,0.005791649882557279
78132952,0.039174043335470865,6.833830297544039e-4
3595427,0.13207904940356038,7.185655890130632e-4
80117354,0.06603422773607977,0.003223563167114799
5522624,0.18420818020433105,0.004024259540232795
5522625,0.15926652868097682,0.002751230222327166
10463846,0.10446458455325135,0.005318458862731968
10462567,0.13138770089840968,0.006111496413068682
3592381,0.14112569293989294,0.0023683030587961077
3592383,0.13355883468683222,0.0028912894360576835
3592382,0.13048863141317266,0.002828747014400536
3592385,0.17173838060263935,0.005332290694352514
3592380,0.129565141195178,0.0019620157367964087
3592384,0.15203475401591446,0.0023895715189988396
78134213,0.15910997822340484,0.002571784590930931
78134214,0.15688632500229915,0.003109577286397041
78132995,0.07238574813448119,0.0035876655644986
80116878,0.15088640495615716,0.0011498509638426268
80116877,0.15728767111519204,0.0019097809679471092
10463052,0.17752395796178977,0.005264269146488205
78133501,0.059594673303757256,0.004931426813172961
78133617,0.04441364418037919,0.006134817331210958
5521298,0.23516687195272673,0.0024040217064617954
5521299,0.2348351785273061,0.0026666586261163577
42124239,0.12010893065193853,0.00173967878168703
42124240,0.12095818064401494,0.0014284856026399767
78132593,0.12906174161933792,0.0016383936384336039
78132594,0.14274961107139264,0.0014589450733222026
78135176,0.18184241086351607,0.004927994977944974
78135175,0.1822794611068972,0.003049898379252294
78135177,0.16800370003611925,0.00585766347123335
78135178,0.17947478522157456,0.0060105301312463515
10463802,0.07469238630989244,0.0059766180690205796
78132536,0.12743968051994162,0.0024978921505812855
80118562,0.13730449968706504,0.0011495144560697626
3595202,0.1836547205666446,0.005233512684775237
42125583,0.14154602165212243,0.001345734649907012
78131753,0.1735826187898195,0.005822681672470731
78131752,0.17284066041727983,0.006272330059916937
78131754,0.17763858524025145,0.006696590615159508
78131755,0.17511298771403702,0.005858960320282163
80116876,0.11608592722456303,0.004769717119719024
80116875,0.1222028307964458,0.005044012099850528
80117089,0.14776504492355222,0.0020231168850544943
80116823,0.13367021757056122,0.0023532929528181897
78134067,0.043095834419859376,0.004085569882146114
5522666,0.19831332188316736,0.006209912002331617
78134521,0.06238705760184331,0.0010943946210302947
78132508,0.13352079835602643,0.0018190717424434062
78132953,0.17461005626218667,0.007795415182926734
42125377,0.23163699088189565,0.0046636623913785275
78135005,0.10153296267460112,0.008172087576177106
78134999,0.098495420138589,0.007893931946692419
78135004,0.10233664520834627,0.008777550056859231
42123849,0.13904122597963728,0.003995424026600054
78135029,0.10905944707699818,0.002967018807981366
42123518,0.11420177932864112,0.003522092358337453
42125751,0.16402561276838812,0.0059222469367695785
42125750,0.16368715996400152,0.004708899141818712
80116820,0.15199499757445217,0.0026202972058979087
80116822,0.13584755339412738,0.0012803362570761394
80116821,0.14735050127064633,0.004692311828813006
42123623,0.24078117825244774,0.002694211257016545
78136173,0.03523015822450954,0.005699053209802249
78133052,0.12051772476328215,0.0019378969337233653
5524226,0.17412882616656603,0.00453233277800716
80116721,0.21625050755652672,0.003127352107052901
78134172,0.08908527757377382,0.0011214277472733772
80118738,0.12894097178959196,0.0024745456723649162
80118739,0.1209278413355039,0.0013592274462768657
80119011,0.14267416461912086,0.004813990393913459
80119010,0.14775271518010497,0.0063620349130009
42125055,0.13429647961995936,0.0010240350232271606
42125056,0.1398608104071284,9.576094670380986e-4
42125057,0.16218898830139217,0.004248787341490867
78133527,0.11185081182910112,0.0024888847735005317
78133528,0.12011285348258,0.002829183490515591
5514265,0.2598415615184084,0.002492449095812766
78133976,0.08472413545165569,0.0013468418003292396
80117678,0.12677486637090318,0.004500596498076644
80117682,0.12330130348930103,0.003955288785891722
80117681,0.13368646317212607,0.0027700376781140445
80117679,0.13120370463491643,0.0044715454089851985
3594293,0.1367042562063009,0.0041999309428665385
42126011,0.2006959989617914,0.00411208091038244
80117691,0.09589091303420755,0.005184883879910417
80117692,0.11106007316959325,0.004177892622023432
80117693,0.07710189315849217,0.00294556229966796
80118530,0.06588896862119922,0.0028086436978303248
80118529,0.06725494762031356,0.0014334226512614672
5520155,0.14134670212415043,0.006347508490744543
5520174,0.16072716528444886,0.006998782838830425
10463219,0.1200800002779764,0.0024497090453896226
80115989,0.09595979729543147,0.006373873820580479
78132811,0.11312405752956237,0.004417571643584454
78134786,0.13633403858572612,9.86714800601861e-4
80116717,0.11067980384499718,0.004790979944040197
5514188,0.14733447954987033,0.0013382276697263573
5514189,0.16754356175108523,0.0023030351653882566
42125385,0.20826240631352216,0.004783469059521279
80117740,0.10972303705439597,0.001507606304574913
80117483,0.16934354640470137,0.0031633305930771514
78132733,0.09228031202887539,0.007563614504078902
42123506,0.14894971009967892,0.004926900997431761
5524162,0.200143074694822,0.008312099004539974
78134773,0.14827902920349872,0.009902377803732963
78134772,0.14901268123842504,0.010153143417540752
78134775,0.15689897578954543,0.007639075529523538
78134774,0.16589054584676385,0.00667669874609131
78134776,0.14866637993850146,0.009663192473117702
10462426,0.08925567442174888,0.002073184781439743
10463857,0.14222314422759497,0.0021484156594938917
5514569,0.17421778112452646,0.002420766988850976
5522753,0.22175748106047105,0.007554915888533153
5522754,0.22214609181876863,0.007265876868283112
5524602,0.1801009866628448,0.0018699828207241966
10462905,0.07041689411406434,0.002426762556183497
10462903,0.08994838318565333,0.004118774243626062
10462904,0.09078214765709212,0.0035761863512635047
78132981,0.1027290455512678,0.0010008833162309144
80117039,0.11841408008820879,0.003941488395465571
78133119,0.057813925234512134,0.003139111192046886
78133120,0.05803786912921065,0.00342124002838562
78134201,0.060949331708253375,0.003085135424630075
3594464,0.1654148058774169,0.005631341014437727
10463210,0.14435521218516525,9.304103525636606e-4
42125700,0.14854215705779142,0.0012559550646878779
42125701,0.12913694045421006,0.0011424457335234353
5514204,0.16433547152662462,0.0011546543283808882
10463781,0.1774367598469318,0.005667776772710617
80117375,0.1627039092445755,0.007383662690855544
80117446,0.1761209960253442,0.007289757263010964
42126036,0.22712929250756878,0.0031977481623627828
78136308,0.099992867688531,7.779589054345017e-4
5514332,0.20188563336542173,0.004628946930583923
3595357,0.12107731164950808,0.0021222175104759797
78134516,0.12403933853366444,0.005007721497777198
80117364,0.11637266602589647,0.0029688030807658175
42125565,0.2385299646342355,0.003952856034756056
78133110,0.0830333704596542,0.0026294966318805985
78134485,0.10721067080944878,0.0016485962006691814
80117844,0.12172499119211945,0.0035567816221970974
78134645,0.12839506956016755,0.00439463092243281
42124219,0.130423213702166,0.0017828968695531582
42124218,0.1403326388607908,0.0013858592355938044
5524176,0.16992980131080765,0.003556953048864999
5524177,0.17258487782733536,0.004308057253632158
42125293,0.1451319324777849,7.952634191920691e-4
80116016,0.18673746031645155,0.001972955082949867
78133105,0.1093835144668589,0.003086987107681937
78134694,0.12835074741058308,0.0033725383257254206
3595212,0.07682580794945158,0.0040037446839305615
10463435,0.05314136835998635,9.630914525929914e-4
78132705,0.10977260229407833,0.0018056838889519058
3593983,0.11519552642646401,0.001781054996198397
3593984,0.1170916328445356,0.0011822209647920656
5524171,0.16465929340169363,0.0034555054962568297
10462588,0.21050420026227504,0.0036149677982108795
78134777,0.16235762070512139,0.00580313491508343
78134778,0.16518261656224292,0.005064677253958762
42123968,0.1146236070045714,0.006132515940704703
42123521,0.15424753565269622,0.001259834791714311
42124563,0.13543908084221365,0.004064178459418176
78132982,0.11575549416432984,0.009802162423774415
5514326,0.1622308140133949,0.009403154570495325
42124637,0.17428986692585066,0.002768115699923042
78134614,0.14452349619388302,0.003318745950173058
78132976,0.09627170139786834,0.003454118399404323
80116744,0.2005194675160057,0.007815859831220007
5524256,0.17103061964252875,0.007759585073731809
78136034,0.08747023392807514,0.003202930367678625
10462515,0.12514946368191263,0.0015275904683031485
5520267,0.2748984844305098,0.006749732246825786
5520268,0.280657805029612,0.008936459794038669
3595829,0.15530207916502164,0.002240572148895335
80118685,0.17898118986400047,0.0033031122215878652
80118682,0.1646367117264008,0.003251613333778781
80118681,0.18121666917054705,0.0035799127855068473
80118658,0.13320047406956917,0.002316443242800416
5514214,0.12389884397103881,0.0022675947223588
3594067,0.0899247935016082,0.002287075983502688
78133136,0.13487350212531815,0.003866608919553354
78133135,0.13179341819639975,0.005844104899894563
78132579,0.12967537297936813,0.00254364608990759
3586699,0.19626534252305092,0.002837621040172419
80117115,0.16412348967267898,0.0030269909105268837
3594110,0.13432583798066133,0.0016884012724663968
80116737,0.11873491709948111,0.007272706266840308
78135058,0.13767493557704918,0.0021173983274423696
3594120,0.12038645235425918,0.0017028190327355996
10463173,0.10321512411101437,0.0018447984079201217
5523005,0.22776105318517997,0.004274933058447557
80117112,0.1461641629856534,0.0030617917876925296
80117113,0.14510079905093004,0.002358249450986334
80117114,0.14634669261643676,0.003641612669675128
78132777,0.03893566766808967,0.0012196506337003824
80115935,0.1496919275001963,0.005547944594897358
78132978,0.1128810711316812,0.0017379447431101435
3595487,0.14122258943070062,0.003182793866993206
78136164,0.03135647600956784,0.0022954922486286564
78136163,0.024963679474543553,0.0037578531613960352
78136162,0.028205681837804465,0.005957361702511498
42123832,0.17359099545642345,0.0020902771490704073
78136273,0.18314824570570565,0.005054125056094448
80117081,0.11269895505028768,0.006700661879666182
10463529,0.13997508480316367,0.0013883161840778676
80116872,0.1232563601411154,0.0033650579231046147
80116871,0.1264443830136379,0.0020034073254004
78136106,0.09403172996635684,0.006126069905862796
78135098,0.10666118114548913,0.007444761546053165
78135094,0.09192345784779342,0.006368096392875004
10464022,0.16552091538263813,0.003155919645058155
80117301,0.20023034256047698,0.004074076194905296
78132634,0.1260390693108082,0.0011792452526921344
78132938,0.06443650868886973,0.001022252951643933
5522622,0.15467171228285947,0.005560243621970459
5524328,0.16578090322850136,0.005176190070890273
3595418,0.15484428448369877,0.00442801454399031
78136283,0.17254003461449985,0.0073891594490675325
78136284,0.175779367572875,0.00635389614445354
78136282,0.17309016178734657,0.006232298923886567
10463108,0.1160841304487214,0.0017778583984231029
5521309,0.1613116823964328,0.005902635494367974
78132997,0.1337836711226092,0.010461015129574796
78133746,0.11329921055883724,0.001835299820727592
3595334,0.11207249117118422,0.0013896999322370934
80116838,0.10370314450979735,0.007492691163173741
78133896,0.09044571927464586,0.004815648164241953
10462881,0.17414868867285932,0.004225003057319237
78136285,0.13444312817249152,0.006469147994796706
10462031,0.10999349573673958,0.0015902683212536512
80118494,0.13459752467256345,9.80588147429037e-4
3594323,0.04290193872923208,0.0019840763608424054
80116973,0.1768546286507496,0.0040794469112178725
80115930,0.13665611581239248,0.004870291737525254
78134309,0.0751258885804064,0.0025392257399978833
78134527,0.12172053787149484,0.003594158176596923
80118889,0.1049446176316112,0.002213539592310147
5523029,0.217472153617175,0.005560053010518015
5523030,0.217472153617175,0.005560053010518015
10463933,0.22062804678998899,0.006883605767264485
10463934,0.22150793966183477,0.005381167645504289
10463501,0.09862222944034714,0.0014836910523935178
10462899,0.07741212949970629,9.908757486658203e-4
10462517,0.11072686276653355,0.003147766424425225
78133640,0.09107491549158975,0.0012108777313805975
10463949,0.12834666591844487,0.0024254912665817125
5514330,0.0744871042274537,0.001346212595493511
80117019,0.22804695720624246,0.002710180492153354
80117470,0.11750547433146534,0.007768736609277346
80117611,0.09381834006816214,0.007388200320392781
80117612,0.0905608554258947,0.0065705431134759
10462400,0.06893866491544728,0.003040433766509074
10463090,0.04849837287895428,0.00530455507359082
78133994,0.1333724716059443,0.0017949591039349813
78134241,0.06833977326732742,0.005133769664313047
3594427,0.20137198091187505,0.0018059512409375161
10463441,0.1581490887862197,0.004090548762893452
5514212,0.11455733977295872,0.006275492888197094
80117879,0.12012862821488356,0.0016898656148952326
80116765,0.11805033785387951,0.005326771636419442
78133128,0.09738547555825011,0.0010414777804796768
78133061,0.09601320354278885,0.0033985242002048353
78131730,0.1233613772677822,0.0029551248156140597
10462563,0.0713410526398735,0.004786451861174371
10462561,0.0713410526398735,0.004786451861174371
10462562,0.07796644328775451,0.004638973439294317
42125164,0.1569514895124815,0.003316538386637168
42125166,0.15728471163314384,0.003361499051492959
42125165,0.1534879812896435,0.004362888265860926
80115955,0.1391316583909039,0.005451936924281506
3591017,0.07118985789130945,0.0039931504163592335
3591015,0.07118985789130945,0.0039931504163592335
3592396,0.07118985789130945,0.0039931504163592335
3591016,0.06637894384540279,0.003915939128123932
3592394,0.07520828691727668,0.0035551930159502137
3592390,0.08661058290773085,8.13651812516982e-4
3595405,0.07054378327516965,0.003847847294290371
3592397,0.07007305976096716,0.0035684616072841685
3592392,0.07979357950600346,0.0013610876948124636
3592387,0.09306523446106539,9.861832888999702e-4
3592393,0.07010336602705361,0.0035423167231903884
3592391,0.07279989940928953,0.0017442232114942763
3592395,0.06683971366084089,0.004356771546053112
3592388,0.07289105923440921,0.003066176741678145
3592389,0.06759691258217208,0.0037306654171216057
3592386,0.0920695857217217,0.0011164320774659964
78136248,0.09584470199698122,0.007317249554428679
10462867,0.10464748988440187,0.0018055375436655554
10462868,0.10551940895837991,0.0015157206337876514
78134531,0.18469466546797364,0.0076385170060463995
78134532,0.18212903008654086,0.0055253795934617446
78134529,0.18750171493899312,0.005648846632605299
78134530,0.19112850377146462,0.005734233770032895
78134158,0.1587577042574813,0.0016603715100866683
5514209,0.16401480441467098,0.003165378408291323
10463500,0.053304291722237,0.00260614470118497
78133130,0.07079109436298504,0.0027053078507296123
3594393,0.11842259907813626,0.00678649208595008
78135036,0.1239174321933909,0.0036363358503567846
3591011,0.062355074915624635,0.004281512788228142
78133973,0.038233599837443684,0.004708384957793801
3591027,0.2111366084095053,0.007734122866510625
3591028,0.2034307066455717,0.006429761644084684
3591025,0.21896792725336606,0.012023079025996973
3591026,0.2217776996421852,0.010497487316223115
3591022,0.20328583309804885,0.007296522366454518
3591029,0.21952891478372846,0.010055131614014844
3591024,0.21906143475453807,0.011730182928583662
3591021,0.21656832514192342,0.009336541328906026
3591023,0.20998414894565867,0.008628343610519337
5522845,0.10145365943704442,0.0026227172834450956
5522843,0.0852214630620549,0.004255846546121746
5523031,0.17669794421679297,0.0021801954299978245
10463520,0.1489830104728481,0.003164765951609028
10463519,0.1424608460025981,0.003084164114219548
10463518,0.14035901705769527,0.003477417500182326
42125219,0.19509604713792045,0.00606250540808877
80117133,0.09659155152107941,0.0028823359030962564
3592327,0.22718182465521078,0.002764938437471558
3592326,0.23215326651097545,0.0020014625868103536
3592331,0.22817118096503708,0.0026751056934008334
3592335,0.19433368700781475,0.0013700177975219678
3592330,0.19621092664841988,0.00493154585089605
3592336,0.19578365104879686,0.0013085711550956045
3592328,0.20653946901469625,0.0031312082965571494
3592332,0.1925714376511557,0.001580007065676089
3592334,0.18872067840218104,0.0014270957190087804
3592337,0.18872067840218104,0.0014270957190087804
3592329,0.20487359218510368,0.003317795166651348
3592333,0.19226469034678395,0.0012050153898231198
3586695,0.05879575041237796,0.004092531136867905
78136244,0.07356330083412484,0.00243979255856631
42123703,0.13325824436188946,0.004146100518481518
42123704,0.1320845539489961,0.004231065940484677
78134111,0.11878208875799362,0.003441594024025061
78134110,0.10741995316524754,0.003389056256048168
78134112,0.11624650918396906,0.003174135239319782
78134113,0.11239158260051532,0.0053718742322977926
78134698,0.08786691951229182,0.005305517229679842
78136297,0.15245507490665058,8.620895007232883e-4
10463235,0.12320862038481253,0.005075638180846933
10463847,0.18261416254031143,0.0033025852111983243
3594498,0.07510306610181372,0.0035428216192828145
78136011,0.14090645761242196,0.00228252730441216
78133036,0.03729787100717534,0.00180709136198961
42124650,0.11805674301304463,0.007811554300137034
80118776,0.19797096140605155,0.0042328211432804096
5522948,0.21133061137014783,0.005169911142877184
80117827,0.1902302063749713,0.006891533638799213
80116006,0.055241407797016195,0.0016526003910756967
42123994,0.1734214956122424,0.0015039634041319817
80119008,0.16178644023020766,0.0027709922442650334
78134988,0.07256702295957355,9.806061215504522e-4
42123848,0.1653508819574252,0.0012928871969459948
5520276,0.256728250849299,0.0011379466959039845
5520275,0.26909638501187755,0.002235165595771185
80116897,0.2164016615077556,0.003859593586263527
42123520,0.27695077988720307,0.005643972067726088
78133165,0.12243860656866529,0.0024340404066000992
80118659,0.14548263316385435,0.0076156542310511985
3592049,0.10888938913464592,0.0030797194936801556
42126040,0.19021105310492503,0.002170759359945411
5514331,0.2603708250476341,0.0035648532132923497
10462503,0.0899609718454456,0.0039407677277027145
3591951,0.11281511047677546,0.005980200453185058
10463945,0.1353334468523,0.0025550581111539574
78131776,0.1175979422897757,0.0026525196325744693
80116020,0.16220238078837415,0.003997560710734707
42124525,0.16744018272589792,0.005857979323748415
78133275,0.09916791520618944,0.003444853406133386
42125198,0.14043403693738507,0.0022267115974145416
80117016,0.11191519442987768,0.00447462468470046
80117866,0.13807433659462287,0.0010104561942504077
10462937,0.17078330852150092,0.003776869332501152
10462910,0.11448721024542985,0.0028739316558933836
10462406,0.14686384258319066,0.0026204288801388916
80118309,0.17522754411783634,0.004513330389749067
78134791,0.09394319247162865,0.0027698494198642653
78134790,0.09339029704943878,0.0029211895911902654
10462583,0.1314408412867643,0.0025468307132192813
42125229,0.12672789860707515,0.001826479229073792
42125230,0.1265361881575591,0.0020069967809920927
42125228,0.12534279878897814,0.0022266286350343814
78133398,0.10959786606578158,0.0055606198733380565
80117657,0.10332699914186978,0.004423216383910178
78135047,0.1370955143705237,0.0037887206510129287
3586585,0.10591142055596187,0.005336451520591299
42126557,0.08344012518417868,0.001438477167270794
42124645,0.10743440298494221,0.0022505183991778765
10463084,0.18204510557686027,0.005086107969005609
42123624,0.15051222241588427,0.007061452460377696
3595969,0.15454746387080304,0.0028069949059046292
42123818,0.16693004757920715,0.0011848086478508327
42123820,0.1577528128296363,0.003619128007555936
42123819,0.16650787541814602,0.001553537387604209
42125852,0.11785002525696037,0.001084802907142534
10462689,0.05872304809914312,0.002926021015205398
80118391,0.18187752376299754,0.002053101464604699
80116755,0.1502111533968427,0.004130182662881145
42123708,0.12752555997666332,0.0035167159954714268
10462799,0.10735735555981843,0.001543116153496041
42125811,0.0947834170010941,0.004020667061981082
42125810,0.09702927070609672,0.0046294696898735565
80118455,0.15092061777759125,0.002842131150572853
5523032,0.1743072974876528,0.0014059136615312076
5524526,0.1495470037982631,0.011368660616771923
78132715,0.15885344842128196,0.009748068630232715
3595960,0.1304420605584734,0.004743375084591536
10463950,0.12952036116027849,0.0021147857234115495
80116733,0.15220942838628634,0.006025653254400141
10463462,0.09180389880689772,0.002277158960860207
42124740,0.1991636090056775,0.005108015803260687
42124741,0.19669575446556822,0.003989042388875455
80117153,0.09253816134251337,0.0024691968919688797
80116835,0.16388278788416655,0.0037821999499336647
80116837,0.166982816416378,0.005245686914536757
80116836,0.16354242951056447,0.0037547970860184595
78133915,0.1404092404228175,0.005027054682466524
78133916,0.1412485884554055,0.005618475217905859
42126604,0.09818127111448845,0.005235320212260509
3592241,0.1395023415666188,0.0030386270953236946
3592240,0.13725124758427393,0.002677703357939213
78134166,0.11583409805711643,0.0052358536718578735
3591983,0.1880358310140002,0.006770021812495611
3586601,0.195221331861646,0.004636590395361016
78134585,0.06400769332250535,0.003125420630083962
80117960,0.14574695299233656,0.0041215364732878285
80117961,0.14310627900736816,0.003507479826238503
42125105,0.03854108166193553,0.003929960033480196
78133357,0.1378971217159518,0.007126083244672863
80117975,0.12064674590062917,0.0014213388027289227
80117832,0.19911317372242401,0.002551103656930283
80118559,0.17818144251055024,0.004577881486859672
78133065,0.08486331001057731,0.002446825643771511
5514354,0.23293683198268147,0.004590842817589391
5514353,0.23406535516992139,0.004268223563373899
5514355,0.2347173213541483,0.0036308098183017814
78133425,0.10924994442952879,0.007074826458649174
42123754,0.09692670443716637,0.005153908882431146
42123753,0.08527288921509793,0.00553716626464586
42123752,0.074792128972322,0.008835004848042739
42123751,0.10699653296733673,0.004871122862586478
3594266,0.16150778845643693,0.0025879968591093648
5522647,0.20766265261614827,0.003036050472254051
10463896,0.08009351895440277,0.0031373734386292633
78134914,0.1113481034872759,0.001161683628113574
78134915,0.11209719133780113,0.001418571272706066
78134916,0.11793270762689838,0.0011390771316314822
78134847,0.10237925850350245,0.0029703254417542
80119001,0.11336617089206731,0.0025830838282876172
78134371,0.11579829227311705,0.00657016226080397
5520272,0.22841748892892763,0.010789510563157988
80116740,0.16134774137927774,0.0015710058148034585
80116742,0.2247741037416385,0.001726141730875788
42123780,0.11381407474850848,8.016797254027644e-4
78134506,0.1178628247309262,0.0024351325458141343
3592027,0.18808754605241623,0.007445558976215731
10463458,0.10868888116675299,0.0015567369584302102
5524608,0.16538309237695267,0.006433743737024264
5524607,0.16627728096550873,0.0066222607174597665
3592078,0.14146613539001018,0.0032731736442308036
42123840,0.104883362345238,0.0016157638632152453
78133281,0.1205849260028066,0.0023458023349949837
42125765,0.21538368881022416,0.009636604860996403
42125764,0.21118005249377725,0.010566562025771277
42125766,0.2120679316702993,0.00746289445739177
42125763,0.2170090394537099,0.00950523618237357
78134304,0.1409284393215279,0.008492489110877913
10463211,0.12163354179570547,0.003171663761295174
80116883,0.112173169174312,0.0018165071728000225
78131732,0.1587981068557988,0.010561202734367118
10463783,0.11537772266718743,0.005588398401395625
80117566,0.20203722544588074,0.002175711942553734
78134386,0.14049769314488794,0.004702229375389755
78136107,0.1462243783238894,0.002397307757664385
10462446,0.20833576902262957,0.0063411101568774195
80118533,0.168573184774162,0.002077742426859104
80118880,0.12778136375475313,0.002713192491231103
5522620,0.23678482483835153,0.0025418527413726085
78134324,0.10342624320081187,0.0041244525552307865
10463232,0.09219794410857417,0.0027223461169730645
5524160,0.1028440905139283,0.003644341957343609
5524161,0.11515381237075965,0.002449415517605096
80118304,0.13794760919252386,0.002470711339319706
80116749,0.13468885987167398,6.011189148871342e-4
78133925,0.17505425024062848,0.005646321147219613
78133926,0.18284675159476335,0.005627615363956974
78131798,0.10000631962060573,0.003191169336199335
78131797,0.10059044422453745,0.0011674648786941903
10463214,0.07987585434462688,0.0013050588389310802
80116936,0.12165177356038413,0.0033417375260578093
80116933,0.12808908357095677,0.005154649373946009
42123673,0.17223338582107153,0.005236672571287784
42123677,0.16896558973929898,0.0045473429775955854
42123675,0.18784816385522227,0.00505639080821564
42123678,0.19236913039766318,0.0039021051948057595
42123676,0.1896810335330908,0.005522823360636095
80117431,0.14785172878253602,0.0043928159633076355
10462418,0.11306621651863044,0.001496703807677819
10463043,0.054972597274298735,0.003766322177636254
10462876,0.16720186510636056,0.005079743901887528
42123484,0.15251216186373118,0.004759211735116904
78133627,0.16940830753069255,0.005026447191943638
42124060,0.10857839787806665,0.005370816985690122
42122481,0.11282098880433683,0.001964830581660381
78134615,0.15569209999617764,0.005043976219379412
5521213,0.15234847967199733,0.003611443469592503
10462051,0.06863675611469809,0.002671375733157823
3594508,0.14877383488508641,0.006498397672990693
10462831,0.1053901372614418,8.057877115714963e-4
10462830,0.13345646008718684,0.003358352995779652
10462832,0.10907633137959269,0.0010202921255443352
78134185,0.1413591780198387,0.004585599820655226
5521166,0.14777839808988225,0.0028183402691428034
3591760,0.12738625412127513,0.0036995298031611778
3591759,0.1315618198318608,0.0033117942138645544
3591762,0.1312269884503663,0.0029774602987716696
3591761,0.1312269884503663,0.0029774602987716696
42124253,0.16169256290470568,0.002390064181925592
10463348,0.15570560687769208,0.0021345405346636205
5520214,0.16946656926084425,0.0018690324313337234
80118816,0.13414553349573977,0.005132235520419237
78136399,0.17210105611585294,0.0044519702265552775
42124252,0.11046957442284752,0.0023674431439018252
5521307,0.20240712767999422,0.006061520392520029
78132821,0.0673282779340928,0.00157616350898991
78132822,0.06704641811494792,0.0016079113927454465
80116980,0.11702732135148053,0.002904158322794352
80117912,0.0943826093485945,0.003687788922701983
80117096,0.11536396241111674,0.0024419825997007557
80117095,0.1270723184359611,0.0033385789208040047
5514215,0.16490113099469214,9.460337215023481e-4
3594374,0.24342576490594142,0.004469794937265508
5521162,0.16630578917630484,0.004885495961124022
5520185,0.22282867153369743,0.0023947559532572216
78136125,0.09445242851160901,0.0013276883195639704
78136124,0.0961670830705822,0.0019067925248118871
78134984,0.20374001018421398,0.005270696123001809
3595347,0.09948891709746711,0.005165986710570781
42123503,0.229550481506095,0.006287655612768542
42123504,0.22723240429353955,0.005232946020828225
80118697,0.137920976762638,0.0038675524607570348
10463048,0.11867951449764236,0.003752439858241825
42125101,0.09839431267310529,0.0020007297281827412
78133261,0.14724843767587065,0.004601074432708936
78134200,0.1239113662368123,0.006906424287046174
42122491,0.24606704059232923,0.005928370775623759
10462433,0.07734401971624368,0.0026754733922754728
10463503,0.14452820546301196,9.04011088586384e-4
42124054,0.1984081410859524,0.002906766898253436
5522669,0.13778678256872395,0.0012653815393056929
78134652,0.09593629655990067,0.004757814667310265
78134653,0.07580303780580101,0.0029967115920193
78132487,0.1264361403437846,9.185150672870366e-4
78136278,0.0910538093023373,0.006702205722446061
3594391,0.17031516144026748,0.0012034592206308769
42124071,0.12906125751591055,0.007171728941880216
3590970,0.11456419275231185,0.0030018876902263925
78133719,0.07809638268675474,0.007263649426927394
5522942,0.18683108218721586,0.005148917543671749
5520261,0.2107910983624677,0.004325434191528441
10463943,0.16882832707555737,0.0010773919797955186
78135188,0.07223015745157377,0.004466500826091916
80116839,0.13686525809008648,0.0038756442163640475
80116900,0.17605027809706003,0.0016863139541304804
80116899,0.18466511271935035,0.0019251745163502846
10463318,0.0974042116373701,0.001957546071818758
10462908,0.10300733569726234,0.0019349974825991476
78134768,0.09714485195804426,0.00517928806447973
78134789,0.08351311200323251,0.005165548400365529
80118485,0.06879587053665898,0.0067505210296041245
78134328,0.12074388712508652,0.0019780342112301454
42125387,0.09738956065114879,0.001080075782140302
80116885,0.11961425526744578,0.004099648877917917
78134546,0.07641684475072419,0.005591585572296063
80117357,0.1071341917578253,0.005373113280850972
10463317,0.19565096672922544,0.0015023399797226054
78131775,0.05659861161821454,0.006639517180723812
3595395,0.13803188139358907,0.0021745181037081695
3595393,0.13557262301784184,0.0018475991652940156
3595392,0.13420345249869348,0.00539149470802896
3595394,0.13642023503534514,0.0051289569307830015
42124707,0.11488233573416687,0.0036350262643896343
78135006,0.12136987425753816,0.004670709418376362
80116989,0.1606308717136171,0.0024630583106401227
78134544,0.05232633089069789,0.0018666050567709108
80117706,0.05474772699451635,0.0035082427045042886
80117705,0.05061898584297158,0.002850491532294838
80117704,0.07511465496149776,0.002874413120072381
78136360,0.12547833851996784,0.001906270922706495
5522996,0.12734988703674682,0.0027455129390258986
3594099,0.16105626354926308,0.004402865353123134
3592265,0.13623608142951446,0.0031264740480128387
5522813,0.14753684931149905,0.00202062573774839
42124674,0.15398196311480639,0.006872836027652566
42124673,0.15347005251049933,0.009483645984001308
42124670,0.1529462334657712,0.009297366238841219
42124671,0.15407240062664304,0.007637164885702524
42124672,0.15390341632031515,0.009284912558491395
10463844,0.10274984472277497,0.0015196646265110416
80117297,0.126382496441209,0.005944226983954545
10462595,0.1352307332192222,0.0013093057673493737
10463055,0.08398799428185393,0.007422964361848848
78136038,0.11391858595086796,0.001429759490334335
10462048,0.16778822987129458,0.0033545375208424086
10462049,0.1597147158377623,0.0039060638253990317
10462047,0.16879792794737553,0.004805357542204823
10462050,0.15992201109110984,0.003316868538348865
80118945,0.09031401504823655,0.0042281235835595005
3594509,0.07616255472422921,0.002242756288196942
3595904,0.1314841251340968,0.004050838699693665
3595903,0.14565468770184498,0.008990895479254263
3595905,0.12027022463740496,0.00429296490554999
10462814,0.09110211371635933,0.0017162678297479301
10462813,0.09066749289780392,0.0018817950845187452
78134827,0.09898718499358589,0.0019676952251314376
80118921,0.19456406924964384,0.0031169582954400964
80118920,0.209421665251992,0.00463932709979067
80118922,0.2115452828651699,0.0021836370146601394
78134643,0.06246507232343956,6.840306911380231e-4
42123541,0.17428889577283618,0.002501912685089538
78133296,0.049803934927126654,0.0018697837519977144
80116831,0.2127677519771426,0.0049275253046818426
78136329,0.10467141960861805,0.0032771110418647934
3592050,0.17461595717223455,0.0028008710470619523
5514197,0.15708262877683263,0.001381829080596753
80117471,0.13636248786113242,0.006019051420831035
3591952,0.12570836460076545,0.0041679195503535
78134361,0.1471849291801014,0.00258909309348244
78134363,0.15751598001895073,0.0021778622248023994
78134366,0.15926680773425186,0.0016508924158314343
78134367,0.13872846823270524,0.0015273182201022027
78134362,0.14545987707232302,0.0021094211411822553
78134303,0.16769033188493795,0.007639961913519028
10462431,0.09145332721041562,0.0020422316969384265
80117945,0.10833941588290101,0.0014760095499169344
78133921,0.05813739739305899,0.004848158351431073
10463561,0.08432256239800427,0.0010333459631094786
78133235,0.14709553411929688,0.004061017333653266
3591997,0.22229338058444414,0.006286972122784323
80117123,0.18982654742409036,0.003468546645449057
42124535,0.12420609039025148,0.0027247151770249476
78133951,0.09316234561197724,0.007414642749580554
10463093,0.2551646190558577,0.006981175272441056
10463094,0.239190087607817,0.005507903627590596
80118767,0.1456550014593721,0.005034709023116036
3592279,0.08576772402496699,0.0035069228916762775
3592276,0.11002681425150267,0.002719273948982469
3592278,0.08189278860751321,0.004972589401845365
3592280,0.1123016865636708,0.003133380957161151
3592282,0.07909803871285637,0.0018185706987466238
3592277,0.10472685844869015,0.001889421359369729
3592281,0.09446550246091737,0.0044060973707059515
3592275,0.11081657328631496,0.0027053818771055776
80118483,0.09881956415151785,0.002482196615741648
10463484,0.11649543823521684,0.002940662584101248
5524331,0.19074487331397233,0.004988551882519653
10462945,0.09802920358464408,0.0025220632528042157
3594118,0.08858655495090581,0.0018657386444850667
78136264,0.09383312198217136,0.0014973951124427527
78132939,0.10040633513520636,0.00199385577467736
42124329,0.07046817476803098,0.0015098104706754948
78134217,0.07737804635630449,0.0060253106958357144
78134473,0.1934050460712532,0.0045896881437610575
78133909,0.08887106700547909,0.00126314685504941
10463009,0.11536752372858126,0.003715236028262048
10462034,0.10177989343789345,0.004570375360707779
10463465,0.11324683003522056,0.007643431199486225
5522633,0.1418941713592418,0.004753716833031153
78134020,0.02031628390168322,0.002786937015092256
5514281,0.14085395412603144,0.0032670167535870636
10463003,0.09023897851294287,0.002606880341538398
3594446,0.10251952228019842,0.0010005469546942704
78133411,0.13939259495578765,0.004769202892517877
80118319,0.19121514653376598,0.0017508154809054819
10463910,0.12585566153664238,0.0010365911536988391
10463908,0.12585566153664238,0.0010365911536988391
10463909,0.12530558470719666,0.0010324420066743722
10463911,0.12313992307977668,0.0010922693809633493
10462416,0.1650258738853162,0.007850194801991808
10462935,0.145805219802202,0.007064818292579064
10462933,0.145988794897159,0.007142518098094805
10462936,0.1363033704046258,0.008164063106124051
10462934,0.14532129990331313,0.006108424330494204
80117826,0.2077571423679813,0.0031806578759052038
42123635,0.19578569844113597,0.005190543835788229
78133744,0.08120739741050863,0.00835345604478035
42123988,0.1411509253370453,5.611396609148814e-4
3586698,0.14087478781336868,0.005006979232713979
3586697,0.1427643076000468,0.003874240638307145
80117569,0.13758367499055407,0.002281017069077741
80116993,0.10779662443925503,0.003041794072250475
10462452,0.10345461329805752,0.005576654239553247
10462417,0.0658988590579076,0.001908587225087926
42124254,0.0732597274142504,0.0025485007628571524
78134385,0.08697612955948207,0.0028627520346946817
78134517,0.08485252384382821,0.00693770503084136
80117925,0.1498831307303008,0.001023245504953709
80117924,0.14910240900814298,9.79361363307328e-4
80116751,0.1385550283820859,0.004513492892226712
80118684,0.10120365622778175,0.006440179073974649
10462080,0.21098477494135742,0.0018340918675468563
78133534,0.0920703124535737,0.0035103789099518805
78133545,0.14057971575780692,0.005257877880456379
5514477,0.13692166316522325,0.004668663065369769
78133163,0.08972357371063172,0.006160384921497226
10463573,0.161030658013184,0.002452832970674041
3592056,0.14181387433232026,0.002349399731996037
3592055,0.14301216125863697,0.002315838883584207
80116983,0.11731973146771035,0.0017682697310073393
80117413,0.10851911043715166,0.0010099517455225229
3595946,0.17812043489641613,0.0016661919843832507
80116701,0.12147318593919415,0.001260055512203504
78134611,0.08087300716896205,0.0029887734689915163
78134612,0.09055726176980004,0.0031027641170326683
78134613,0.08070712546022177,0.0023832031684331324
10462866,0.12903145619615022,0.0016272161901077563
78133051,0.15007630146273118,0.007126617158521404
78136379,0.12339013241408199,0.005848490379709647
3592376,0.06934274705729017,0.005540764676775097
3591953,0.10984001218255056,0.004908231423739957
5514280,0.172220040557043,0.003318528577366859
78134036,0.10073705825887797,0.0031672588455563186
78132998,0.1526513200929252,0.007077899471773766
3595826,0.0959103513412348,0.005901973186627746
78133274,0.09940238873056174,0.0020556670190281377
78133968,0.15565941565431723,0.003067009814724748
78133031,0.13840687774424362,0.005921052041962791
78135059,0.08439586579259314,0.003232165800092974
5514453,0.19832657901748343,0.006323281364604498
78133360,0.12454912208066386,0.003992900978579255
78136258,0.06376721259263857,0.006569562360268934
78134145,0.07415635906110545,0.001158238851063725
10462875,0.14410863482015765,0.0053361876385476514
80117406,0.13318388902015957,0.0029717447882416344
78133761,0.09913838833141526,0.0026860170749224235
78134584,0.0287953373038003,0.0015344149158459312
80117159,0.18744224726292014,0.006764307673543035
80119061,0.19357067192017757,0.0016620704006719827
78134802,0.11735609594064655,0.0030520804391919146
80118456,0.12309330618082413,0.005386677133828116
78134673,0.08920943874025519,0.0019098335370456034
3595377,0.1620182467149623,0.0012183696091673211
10462566,0.24930728267120858,0.00620794875404671
78131749,0.1037920024239968,0.002145608680702016
3595374,0.2134369470866301,0.003458768799250959
78133927,0.1094003835035419,0.0011625535978645545
10462424,0.07789597492132745,0.0012994906404445816
10463499,0.11116303134205834,0.0011569627683714351
3594112,0.1002071416695295,0.0037323962643018927
10463247,0.19351818555371905,0.0032807756691953754
10462909,0.11968350593550679,0.002309814311645386
42125614,0.1164943380242434,0.007328103225670463
80118311,0.12750701825707925,5.982964763921912e-4
42124730,0.1509587883761388,0.003993232160674037
80118842,0.16976353004259437,0.0034483042456783164
80116881,0.10532996392690042,0.005671297431651691
80116882,0.10915226247473787,0.004388298426240331
78134308,0.0806508699352784,0.001030245010753818
78133427,0.026976383050105038,0.0027751788262325543
78135044,0.083848403472434,0.004449270128057875
10462930,0.15436174385571877,0.0038284906599347765
10462932,0.13700948728935775,0.0020288305499060887
10462931,0.1383873589850881,0.002307685588800741
78134950,0.08354515117364118,0.004900924627807481
80117100,0.13949753531598105,0.002385878465762732
78134504,0.15988462937751954,0.003100375933016182
78136008,0.09890769348600727,0.004640139034260912
80117754,0.10707941255759691,0.005384846515055816
3594443,0.10512829939920543,0.0024261508772630727
5520180,0.16681809981239692,0.003216131996043254
5524116,0.10873846991497087,0.003929631155710435
10462897,0.08504011542240239,0.003799635822428347
78132576,0.15666908220917417,0.006441805307071059
42123973,0.23167294613591535,0.007729482939133998
42123975,0.2298575399468811,0.00987474257889242
42123974,0.232529605306386,0.008018343870858785
78136362,0.12393495249746495,0.004397429933701837
78134465,0.11100676197049883,0.005878918855778892
3591909,0.07999587953115665,0.010308122758917916
3591910,0.0801831686947111,0.011663944030565861
3591907,0.09699774068009713,0.010924909486879937
3591908,0.08361679528684136,0.009249897095768435
78133784,0.11250045405864816,0.005730588570304648
42123796,0.2000888695942212,0.0036878801373087166
42123797,0.19630177713745547,0.006564496020646743
42123795,0.20326175722510437,0.004857154472624902
5524254,0.18611735941146643,0.0036614728049020598
5522634,0.1607491638583925,0.003815387984519079
78132785,0.16142111357139985,0.0089725625974964
42123726,0.08045268428351038,0.004166817927879504
80118833,0.14987731991876715,0.006088895691447555
78133891,0.08326370994023047,0.007184604691998004
42123722,0.11216208268661773,0.003699899686045826
10463496,0.12765720409005676,0.0025273365966500877
10463495,0.11295606323707415,0.002236771350630341
78133517,0.15867727333763618,0.004555483290905074
78132588,0.13907416297903474,0.008548433498647257
10463809,0.20555857364663513,0.007207268662893157
10463808,0.19736773757829384,0.004951968289338474
10463812,0.20866314626193883,0.005089331642808527
10463806,0.20762688474443125,0.0045026345101786165
42123540,0.16412348609228058,0.004276085747090496
10462451,0.13703934189853625,0.0031642303623728146
3586675,0.15112438063281616,0.006154807127900955
10463858,0.09998073100708904,0.0013980619161284454
5514282,0.2321364870190963,0.00370788940068005
78134974,0.10482477952441795,0.0030368767012719064
78134973,0.11073681729638174,0.0026705455042623874
10462590,0.10506791462066364,9.396503886522751e-4
3594091,0.11502639256536097,0.0028522625204854585
3591927,0.13625664608733457,0.004609354735690323
3594090,0.11476451964536635,0.0022986598095838624
3594326,0.11797782206613691,0.002400889313444482
3594325,0.08658057727766012,0.001438923062132176
42123839,0.08515017123404367,0.0019414639216318351
78132970,0.07766237163753836,0.0035552134280585597
42123989,0.08362236422964157,0.003687950687760202
42125120,0.11614908851222037,0.004802219231037989
3594086,0.10993100279768483,0.005632205456164927
78134931,0.12360335591847903,0.004997779741073544
80117437,0.11442295005888764,0.0033119374433626786
80118022,0.15662086588595373,0.003924139808416483
42124781,0.09787998957344933,0.0036543348593663094
10463502,0.06428653032508626,0.003034540692161008
78132607,0.08410182308709344,0.004758332772752371
78135060,0.1109970261651833,0.0036014847104497943
80116739,0.1612093505986149,0.001916309721698582
10463153,0.12939635122026408,7.505593007051557e-4
5522833,0.08914269290315469,0.006997429707225649
10462485,0.27466172704792885,0.006465342655922746
10463457,0.1829173230528286,0.0029758100969870093
3590979,0.09009246712433443,0.004484814388793777
78133975,0.14186766862237757,0.0038600179390970565
78132979,0.13556339251432,0.004075935021075029
78132722,0.1137186531533718,8.52360368800729e-4
10462666,0.09924945484741504,0.0018186898419543676
10462664,0.10615692890489806,0.0011409111431082842
10462665,0.10230543381506518,0.0020278821806853616
5522619,0.13729460093975204,0.001927380768659406
80117094,0.12207693947658647,0.004120149552730979
10462367,0.1024395061186691,9.513478701078338e-4
5522752,0.22839665785901492,0.0059031295153105295
5524153,0.1914430524400307,0.0044568360084033375
42124315,0.2074409195262636,0.0032012203221280086
42124316,0.17621800832391965,0.002604263501016872
42124317,0.20276478376238846,0.002788362679707454
10463107,0.12324756311861937,0.003978420104006486
78134464,0.17476105275259965,0.006043801542849164
78132935,0.12141164194191631,0.007953263171685208
80117836,0.08958818683580183,0.00461375614167695
3592320,0.1342422734907702,0.0029316835682980462
3592321,0.10997078830003151,0.002473920228626098
78134860,0.06821563014720176,0.0017735299667769162
78132946,0.0809871724305819,0.0012898626228655527
10463480,0.13602754686287752,0.0047024127116896235
10463422,0.08734908876817038,0.003291707673776944
78134206,0.23440628821620124,0.009605384258309688
10462366,0.10513999583325567,0.001461816007032248
3594379,0.17395911810997697,0.006186903296079103
10463056,0.038173603927560695,0.002889618425451951
78134817,0.11145144617543504,0.004313558133635688
80118046,0.069992655467037,0.004851947301228028
78133359,0.045503071258830484,0.0016271487192535536
42124392,0.10460874786726992,0.0032052641511477633
42124391,0.11395372315782228,0.0029217703125308005
10462951,0.1305878638300125,9.459896660583616e-4
80117861,0.19907577266604362,0.0019083308689031241
78133634,0.15466969554234186,0.0026608288017171597
80117339,0.12299201980109326,0.003674374436914548
3595964,0.08862883848149887,0.003415207097532876
78134547,0.1289399526175867,0.0029407379892419667
78134548,0.1381651193184537,0.0017532236208931933
80116014,0.10633081321135561,0.003882560137352816
10462829,0.11794055779807708,6.996009010706329e-4
3592083,0.11743277994582339,0.0012600030272126809
3592082,0.1122115485914391,0.002264700623299791
3594322,0.09082086179695531,0.0036189192983887243
5524609,0.19156110194103385,0.0015099890222197868
80119062,0.10921678067787895,0.0027295365258403663
5522639,0.1929063102481129,0.0025757014748173583
78134616,0.07427274076626805,0.004708804390647229
80117125,0.19900114753153256,0.003419213156788982
80117126,0.1615555077549886,0.0019301612115915179
80117831,0.15314761669863128,0.004121171903732194
80117131,0.12218554438723928,9.870690249182976e-4
80117130,0.1376743767194006,0.0010474840444994163
78136169,0.1251081355214149,0.001445402945735856
10462818,0.096867535738515545,0.005801620877428841
78134575,0.12248964878401444,0.0016984633949762454
42123790,0.08273238564276611,0.0019409904328378065
80117378,0.04924129863510289,0.005723691448711157
78133231,0.1136571824455349,0.00633703376610935
42125455,0.14171646890564774,0.006320779105437623
10463058,0.09540838898459349,0.005198480751250369
42126603,0.0850744454364866,0.0028549433465171834
78131733,0.11994691445449301,0.004574302540706714
80118025,0.08050914900996188,0.002256587149087879
78133547,0.07545875542949862,0.00364886447080399
10463757,0.2124111467065022,0.0038284751964052814
42125995,0.22767265198580156,0.003816391078678066
42125993,0.22822386955568938,0.0040691618735296965
42125994,0.22638638658769714,0.0021632591510046175
42125992,0.22814071765860297,0.004082048171876981
10463989,0.13644604519253414,0.0030210023708806626
10463218,0.0832913035170357,0.005587058598974912
3591748,0.15355273124577987,0.001972152239232175
42125217,0.18855108362763193,0.00885002985322243
10462399,0.12113995904695576,0.00404038457762238
78131789,0.09436108816693499,0.004519362105049427
42124687,0.18658905282279062,0.0024977048017028555
10462434,0.1346148129586317,0.004157988306826665
5521235,0.1855949694745977,0.005426704976034314
5520207,0.26649139486383283,0.007610819743977741
5522782,0.17839246785875457,0.004943727920234613
80117102,0.18969481727646131,0.00540665799852384
80117101,0.18986668682200455,0.0035097570458868664
10463313,0.06048442232437952,7.224245534096199e-4
80115949,0.09659642477564064,0.0015604460662614077
3594072,0.12330203092577678,0.005065241443761761
80117970,0.08899595749609533,0.002060907734015397
42124247,0.13826803101250254,7.667572967823702e-4
10462396,0.06159334897658997,0.0027797570517033854
3586673,0.0682829365672573,0.0029862081311238706
3586683,0.12125906323531553,0.003229188978347023
78135173,0.08737791710448048,0.004024235955518485
78135174,0.15626759230137988,0.002253751609651638
78134489,0.081100148488444615,0.0035098628225405768
10462487,0.1322659502051205,0.00316204630788805
42123527,0.0640036491335982,0.0011935171901713932
5520258,0.17571941860512033,0.0039917383823573184
80117629,0.12269402304547951,0.006097012064668692
78134254,0.1180646681564751,0.0018963367804634133
3592364,0.0946235092930603,0.0026923340524104625
5521167,0.16187367540504996,0.005837966707245797
5520271,0.23413263559985964,0.00905050076156048
3595910,0.17680953830094712,0.005882463159688291
3595909,0.16657547893592303,0.0056553789702708315
3595908,0.16361172664560014,0.0037212176633515514
42126547,0.1309786829839056,0.00844859663294806
3595955,0.15548463771197385,0.003299489194181527
10462415,0.07045858081796752,0.003541769105891069
80118480,0.12817986663212438,0.005564168117875598
80118479,0.126813403874824,0.005750014191392968
42123947,0.135499440041862,0.0011274094098848212
42123946,0.13924411595617042,0.0013153058611655916
42123945,0.13457674261180294,8.118383067901094e-4
42125997,0.08070706187778408,0.005592447561864932
42125216,0.11869187443476448,0.0016433707716346222
10462819,0.13765527041131634,0.003035304581201289
10463894,0.11992043477076995,0.004768114067280828
10463895,0.1265275171336552,0.004611140600277368
10463893,0.1086249695281055,0.006730371173308121
10463892,0.1077458787832764,0.006823462458205074
10463405,0.1816730984887035,0.006217917839862899
3594318,0.1597835285297975,0.002950216098244546
5521239,0.2536532880974805,0.003049650067086963
80118410,0.1742581553222687,0.0017442002605541323
42123717,0.08737196424635363,0.0016675705110370874
42125204,0.15875295599521463,0.002149867352468291
5514459,0.22983018750372153,0.005081360113209285
10462091,0.16824672398440227,0.0013010555279757644
42124739,0.10287304558748783,0.001432345884981837
42125664,0.09977207343632367,0.0032913021211332465
78134155,0.12998335093078728,0.002288525121058936
10462949,0.10178009037172396,0.002651531360766477
3592030,0.20120332736278823,0.0033056126203427788
78133055,0.08275840768437609,0.0027801609178873966
78136044,0.1270178877646502,0.0027411886512599543
3590982,0.21530303964794373,0.0052427645673133495
3590983,0.21487292424048252,0.004665432689310634
3595201,0.13214950826813787,0.004934711719683229
3592368,0.1242195788525872,0.0029109568165927827
3592366,0.11823028436166269,0.0052878632850194875
3592367,0.11575047626146705,0.004811104054771218
78133626,0.042115057814709485,0.00235807642721648
42124030,0.09631272029707669,0.006556523780756825
80117030,0.1273570809201131,0.003525381586840239
80117028,0.1258784828707844,0.0018066259954734936
80117032,0.1270218102905932,0.0024668583702714877
80117029,0.12635142770464786,0.00265525964285695
80117031,0.12684203285689732,0.0038191682972300092
80117108,0.15992699224186047,0.0020552178521005882
80115994,0.15675762743843044,0.0025564475207590824
80117273,0.20001792518960027,0.00514509724509963
3593989,0.14282635943725314,0.0024648445797442464
10462926,0.05901960806558227,0.001206123118973312
78132557,0.12040436682711413,0.0024621136212642923
5514446,0.21233380403364385,0.00339825712608398
5521312,0.20874560964788752,0.003948462503360036
5514445,0.21199370802015735,0.006400591541593347
5522938,0.21143364501275744,0.00311967709619349
78133013,0.1752881661406525,0.006130148049270083
78133012,0.16607755552346765,0.0065999620817112905
3594492,0.14378669394858717,0.007536870189959671
10463189,0.14683370318721675,0.0024451997771852323
42123507,0.10598083806504482,0.005685287606199143
78133942,0.13368894108945442,0.0017348237200544732
42124686,0.09680866980619454,8.270611700032242e-4
42124748,0.14726459878235554,0.005757803474116513
42124749,0.1354655874485975,0.005962577066078986
78134595,0.1512806530158612,0.0034238720829339454
78134594,0.13559830219127159,0.0057602835396811875
78134593,0.14653611860070626,0.004445588518282041
42125222,0.21329018403394834,0.0075129954072893365
42125224,0.2112907355506791,0.005164756743176991
42125223,0.21577327035474855,0.007878107588774408
5524510,0.19967227008953603,0.004081562229019837
42123984,0.13273894690343224,0.002419984525662783
78133972,0.10745651789061224,0.004472593063680521
5520197,0.15001166655316683,0.0051535129869556915
78133633,0.11185149165954482,0.0061453675524614955
78133632,0.11591375099468319,0.002146798481926854
42124243,0.12077976124694002,0.0012097121028181767
42124244,0.11987263199298116,9.177265389915465e-4
42124241,0.11868071804899455,0.0012814280306355777
42124242,0.11767013680911984,9.84915093165368e-4
78131782,0.09240131616148232,0.003304376143283593
10463017,0.1585681637938522,0.005205318565871471
42125327,0.11858535834178617,0.0029263138493686685
10462812,0.11568011301906098,0.004458215258103933
3592350,0.1779757557723051,0.0026601212259311498
78132534,0.1500322893459747,0.0027212683934734
78133776,0.1318153514545682,0.0035505105676012475
78133638,0.13516536870948376,0.003920131740499448
5514469,0.1416146155615787,0.007060246209479503
5522799,0.15121748840029334,0.004189502403230651
42123644,0.14279145192570883,0.00240343895332503
42123646,0.14418802182833287,0.003186430476235584
42123645,0.1429720299846338,0.002318941819877043
80116752,0.13774993541104097,0.00466789707029531
80117547,0.1926722289399853,0.00830538797359254
80117348,0.11497453800916742,0.004751395778496389
80117350,0.14702430989369084,0.0025507763114247027
80117347,0.11356060753074465,0.004837449979660716
80117349,0.11775099144089919,0.0039051128914404944
5514344,0.14655025483187237,0.007649456466681263
5514342,0.1445024505542822,0.00927336584565581
5514341,0.14694297956087735,0.010099851535404915
5514343,0.144768948917175,0.009382081915404624
80117353,0.1060230903365897,0.0031754431287989173
42123757,0.1255451284633642,0.007936482653210026
80116713,0.12946412307189673,0.003516527029097228
3595425,0.08522683973428405,0.004712705159681189
80119012,0.12552119248857666,0.00600564761902955
78134848,0.09991913624807339,0.0018122290965692754
80118940,0.10138160007021985,0.00373091504685973
80118939,0.09953929003794827,0.004282501165021918
80118938,0.11352743166115649,0.005100961533606058
80116712,0.20932770431046024,0.0011369346801855897
78132933,0.0845058404533742,0.0013264290342674579
78132934,0.083252741170381,0.0014169363023594577
10463451,0.10843518600485638,0.0030677801971197944
3594288,0.17486077637444733,0.006573499450092349
42125290,0.20110386908214295,0.007971676129448492
5522937,0.12755255478569158,0.005171072230802833
42125297,0.15147286557286058,0.006072627457124304
78133256,0.0573397219239153,0.005281010402999509
78133258,0.04411839213557152,0.003825137452273024
78133257,0.042657975919417265,0.0031670828011770196
80115947,0.11194683225761257,0.004209504454738312
80115948,0.11227944417247987,0.004352417038439049
80115945,0.11194683225761257,0.004209504454738312
78133637,0.18762502200621348,0.007323384364593143
42124734,0.0991792513699472,0.002340024629164126
3594082,0.14038812655464458,0.0012039079730228374
3594083,0.13217516207880015,0.0012419820891373925
42125725,0.14178491412742397,9.617104962758752e-4
80117519,0.10339777126607061,0.0018257643535410139
78134824,0.08902922973339837,0.0024205135356874354
3595466,0.14262844936334007,0.0023765651602379173
5514481,0.15346178752877684,0.0038382069185206712
3594469,0.08329205761854817,8.856886758888526e-4
78133394,0.169497276067783,0.006228728523647072
10462549,0.1049884236529457,0.002773423526338746
5524170,0.1582863109121789,0.008116378948200272
80117702,0.13459291826260844,0.0063126835437562236
78133546,0.07310416118502218,0.005341877258635928
42124233,0.18751926980129263,0.003963013990223602
42125022,0.07338173672745202,0.002695092720517848
10463773,0.09674204936880638,0.002511067431390435
3594075,0.1923511294437717,0.005317461985889108
3592043,0.0903039568989169,0.003060480205486654
80118935,0.0731640853689924,0.00276462339770949
80116928,0.0813563487942641,0.005016824838744486
80117741,0.028939796727085666,0.0015821114126943492
42123632,0.17047176110079962,0.005913852921689988
42124328,0.12561764397891118,0.0028590937208784186
10462421,0.1090732551564881,0.0016904937053224586
10462923,0.13877754900906886,0.0020621069204480157
80117242,0.10921265719032891,0.00395275711600096
78132824,0.13425901452117406,0.0024165104623970536
10463081,0.1087621167438824,0.009593886264658128
10463080,0.10022706567911764,0.010312130481254064
10463079,0.10022706567911764,0.010312130481254064
10463078,0.10355570370907312,0.009910491207839486
10463077,0.11863770236643893,0.010353134915599657
78134781,0.15092070637314367,0.0012746525602426177
3595813,0.173760929134192,0.004482191767782712
3595810,0.18275366120484776,0.006555136934989943
3595809,0.1325047444551537,0.003238597295688315
3595811,0.1471876742644868,0.004184945067552649
3595814,0.18325874146719148,0.005873148291650029
3595812,0.13387787168193388,0.0042044623982880076
80118741,0.18498946011142314,0.004172847193870503
80118740,0.21935109063576916,0.002245227163287418
3591942,0.10760210824116559,0.005508451519804658
80116732,0.1513283853231889,0.0015569049375826285
80116985,0.1166668277394526,0.003827869761732396
80117605,0.15126210997313927,0.007093078722774987
80117606,0.15596655667509707,0.006818611283031344
78131769,0.05924450754885648,0.0035596236042016462
42123788,0.0780541955509072,0.006549319563960041
80117012,0.16583776984787135,0.004381628202394953
10462551,0.15848922460685125,0.004085124958115842
3590977,0.1080296115423667,0.0039429684673807875
3590978,0.10940502802296986,0.003867181312961245
5514443,0.19745515188279741,0.003912636451823104
3594109,0.14930109192799976,0.002775027026855782
80118726,0.16020970150535888,0.001885610579709163
80117038,0.10485326803501416,0.0010117007218045093
5514278,0.2725262046907701,0.0033591109979104667
10462662,0.07370895035321802,0.0010325359184027764
10462669,0.05207407156785673,0.0012643134250645168
10463012,0.053846721417861024,0.002939214142537381
80116832,0.17407272951429187,0.0010984188505845519
78132926,0.12837886040423008,0.004628919180875907
10462655,0.22225475958182217,0.0023495763115040985
78134718,0.10316853650254229,0.005975341902605874
3590969,0.08444680205103641,0.0018590283581688123
10463997,0.07317184439245378,0.004043663198577114
80118065,0.13281723547247112,0.0013108979423561485
80118088,0.20414674742806166,0.0037189141918304944
78134496,0.07509409032248303,0.0029397993602734685
