NombrePignorante,prenda,dummy_dow1,dummy_dow2,dummy_dow3,dummy_dow4,dummy_dow5,dummy_dow6,dummy_suc1,dummy_suc2,dummy_suc3,dummy_suc4,dummy_suc5,dummy_suc6,prestamo,pr_recup,edad,faltas,dummy_prenda_tipo5,dummy_edo_civil1,dummy_edo_civil2,dummy_edo_civil3,dummy_edo_civil4,dummy_trabajo1,dummy_trabajo2,dummy_trabajo3,dummy_trabajo4,dummy_trabajo5,dummy_trabajo6,dummy_trabajo7,dummy_trabajo8,genero,pres_antes,fam_pide,fam_comun,ahorros,cta_tanda,renta,comida,medicina,luz,gas,telefono,agua,masqueprepa,estresado_seguido,pb,fb,hace_presupuesto,tentado,low_cost,low_time,rec_cel,dummy_choose_same3,dummy_trabajo9,pro_9,reincidence,tau_hat_oob$predictions,tau_hat_oob$variance.estimates,propensity_score
-920924936431e7,42124669,0,0,0,1,0,0,0,0,1,0,0,0,1260,100,50,0.2857143,0,0,1,0,0,1,0,0,0,0,0,0,0,1,1,0,0,0,0,0,0,0,1,0,1,0,1,0,1,0,0,1,1,0,1,1,0,1,0,-0.03160091846421155,3.2760996150756695e-4,0.28645351850703266
-916516169086e7,3595471,0,0,0,0,0,1,1,0,0,0,0,0,1360,100,48,0,0,0,0,1,0,0,1,0,0,0,0,0,0,1,1,0,0,0,0,0,0,0,0,0,0,0,1,1,1,0,1,1,0,0,0,1,0,0,0,-0.03933949876002382,5.269443296829656e-4,0.2810361367457573
-915634713117e7,78133121,0,0,0,1,0,0,0,0,0,1,0,0,480,100,45,0.2857143,0,0,0,1,0,1,0,0,0,0,0,0,0,1,1,0,0,0,1,1,0,0,0,0,0,1,1,0,0,0,1,1,1,1,1,1,0,0,0,-0.024720754652158446,3.9215923621927753e-4,0.29947695977812117
-910705168816e7,5522747,0,0,0,0,1,0,0,1,0,0,0,0,380,100,40,0.14285715,0,0,1,0,0,0,1,0,0,0,0,0,0,1,1,0,1,0,0,0,1,0,0,0,0,0,1,0,0,0,0,0,0,1,0,1,0,0,0,-0.03160816807188936,5.67119891026539e-4,0.27180711513597067
-910323975224e7,10463800,0,0,0,0,0,1,0,0,0,0,0,1,2970,100,39,0,0,1,0,0,0,1,0,0,0,0,0,0,0,0,1,0,0,0,0,0,0,0,0,0,0,0,0,0,0,0,1,1,0,0,0,1,0,1,0,-0.03157631794309137,2.2101810721300805e-4,0.3403409191395367
-908821747816e7,80117247,0,0,0,1,0,0,0,0,0,0,1,0,1900,100,72,0.14285715,0,1,0,0,0,0,0,1,0,0,0,0,0,1,1,1,0,0,0,1,0,0,0,0,0,0,0,1,1,0,0,1,1,0,0,1,0,0,0,-0.04682632429600503,2.8400112637596225e-4,0.206088155383432
-908131838248e7,80118911,0,1,0,0,0,0,0,0,0,0,1,0,1200,50,60,0.2857143,0,0,0,1,0,0,0,1,0,0,0,0,0,1,1,0,0,0,0,0,0,1,0,1,0,0,0,0,0,1,1,0,1,0,0,1,0,0,0,-0.04120742406765665,4.752680275834781e-4,0.21436532025953706
-907261225358e7,3595411,0,0,1,0,0,0,1,0,0,0,0,0,690,100,33,0,0,0,1,0,0,1,0,0,0,0,0,0,0,1,1,1,1,1,0,0,0,0,0,0,0,0,1,1,0,1,0,1,0,1,0,1,0,0,0,-0.02922991190187718,5.782863605892927e-4,0.24605097938169498
-9.0665660440399995e+018,5514273,0,0,0,0,1,0,0,1,0,0,0,0,50,100,47,0,0,1,0,0,0,0,0,1,0,0,0,0,0,1,1,1,1,1,1,0,0,0,0,0,0,0,0,0,1,0,1,1,1,1,0,1,0,0,0,-0.03170969960626142,1.3339995359448184e-4,0.2568616324223069
-899104389128e7,80118770,0,1,0,0,0,0,0,0,0,0,1,0,2470,80,45,0,0,1,0,0,0,0,1,0,0,0,0,0,0,1,1,0,0,0,0,0,0,0,0,0,0,0,0,0,0,0,0,1,0,1,0,1,0,1,0,-0.029190281789104686,5.229760223259475e-5,0.23723657897675693
-893172895562e7,78134579,0,0,0,0,0,1,0,0,0,1,0,0,510,100,45,0,0,0,0,1,0,0,1,0,0,0,0,0,0,1,0,0,0,0,0,0,0,0,0,0,0,0,1,1,1,0,1,1,1,1,0,1,0,1,0,-0.01843538788569516,1.2181999700093517e-4,0.3077822440275435
-888315713377e7,78133246,1,0,0,0,0,0,0,0,0,1,0,0,450,100,60,0,0,1,0,0,0,0,0,0,0,1,0,0,0,0,0,0,0,0,0,0,0,0,0,0,0,0,0,1,0,0,1,1,1,0,0,1,0,0,0,-0.04328653247994571,5.917870863537923e-4,0.3712932994643934
-876040368353e7,78134238,1,0,0,0,0,0,0,0,0,1,0,0,3150,75,30,0.14285715,0,0,1,0,0,0,1,0,0,0,0,0,0,1,1,1,0,0,1,0,0,0,0,0,1,0,1,1,0,0,0,0,1,1,1,1,0,1,0,-0.022730285793444126,3.7966241446013636e-5,0.35875048221119094
-874081601183e7,78133298,0,1,0,0,0,0,0,0,0,1,0,0,1500,100,68,0,0,0,0,0,1,0,0,0,0,1,0,0,0,1,1,0,1,0,0,0,0,0,0,0,0,0,0,0,0,0,0,1,0,0,0,1,0,1,0,-0.04082017336458383,1.668681924099367e-4,0.2390099636169557
-8.7271887025999995e+018,3595416.5,0,0,1,0,0,0,1,0,0,0,0,0,3860,100,37,0.2857143,1,1,0,0,0,1,0,0,0,0,0,0,0,1,1,0,0,1,0,0,0,1,0,0,1,0,1,1,0,0,1,1,0,0,0,1,0,0,0,-0.04298942390823659,3.1609609427206875e-4,0.26051148156027154
-862202788211e7,42125177.5,0,0,0,0,0,1,0,0,1,0,0,0,3850,95,62,0,0,1,0,0,0,1,0,0,0,0,0,0,0,0,1,0,0,0,0,0,0,0,0,0,0,0,1,0,0,0,1,1,0,0,0,1,0,0,0,-0.038004969606643006,5.696364807445998e-4,0.32717567674137527
-859294320223e7,5521228,0,1,0,0,0,0,0,1,0,0,0,0,780,100,33,0,0,1,0,0,0,0,0,0,0,1,0,0,0,0,1,0,1,1,0,0,0,0,0,0,0,0,1,0,0,0,1,1,1,1,0,1,0,1,0,-0.01808668158559738,3.802697163154435e-4,0.2703991633022134
-8.5667613907599995e+018,80116972,1,0,0,0,0,0,0,0,0,0,1,0,1060,100,25,0,1,0,1,0,0,1,0,0,0,0,0,0,0,0,1,0,1,1,0,0,0,0,0,0,0,0,1,0,1,0,1,1,1,0,1,1,0,0,0,-0.020803161459934827,1.8510996050607193e-4,0.23232280810586664
-8.5646699894000005e+018,80118823,0,0,0,0,1,0,0,0,0,0,1,0,3450,100,30,0,0,0,1,0,0,0,1,0,0,0,0,0,0,1,1,1,1,1,1,0,0,0,0,0,0,0,0,1,1,0,1,1,0,0,1,1,0,1,0,-0.033134833797961595,8.96441117093754e-5,0.24309719940441044
-852644270811e7,78134221,1,0,0,0,0,0,0,0,0,1,0,0,80,100,46,0.42857143,0,1,0,0,0,0,0,1,0,0,0,0,0,1,1,0,0,0,0,0,1,0,1,0,1,0,0,0,0,0,1,1,1,1,1,1,0,1,0,-0.02992935541821466,3.2723437241259103e-4,0.29560167974886625
-852314025867e7,5521223,0,1,0,0,0,0,0,1,0,0,0,0,510,100,32,0.42857143,0,0,1,0,0,1,0,0,0,0,0,0,0,1,1,0,0,0,0,0,0,1,0,1,1,0,1,0,0,0,0,0,1,1,1,1,0,1,0,-0.02146813197696497,8.47723015091183e-4,0.26761022291323266
-844605529017e7,80117604,0,0,1,0,0,0,0,0,0,0,1,0,430,100,24,0.2857143,1,0,1,0,0,1,0,0,0,0,0,0,0,0,0,0,0,0,1,0,0,1,0,0,1,0,1,0,0,0,1,0,0,0,1,1,0,0,0,-0.027904345795208188,4.8311759328635963e-4,0.2723642695055807
-843613528974e7,80117229.5,0,0,0,1,0,0,0,0,0,0,1,0,640,100,59,0.85714287,0,0,1,0,0,0,0,0,1,0,0,0,0,1,1,1,0,0,0,1,1,1,1,1,1,0,1,0,1,0,1,0,0,0,0,1,0,0,0,-0.03658605651307606,2.6025068045703556e-4,0.20549264104320722
-8.3895857611599995e+018,5524172.5,0,0,0,0,0,1,0,1,0,0,0,0,3005,100,34,0.42857143,1,0,1,0,0,0,1,0,0,0,0,0,0,0,1,1,1,1,1,0,0,1,1,0,1,0,1,1,0,1,0,1,0,1,1,1,0,1,0,-0.027257343733046526,1.1965045596651901e-4,0.27309832322728367
-837534911153e7,3591950,0,0,0,0,1,0,1,0,0,0,0,0,460,70,39,0,0,1,0,0,0,1,0,0,0,0,0,0,0,1,1,1,1,0,1,0,0,0,0,0,0,0,1,0,0,0,1,1,0,0,0,1,0,0,0,-0.0523388328052726,1.9144855716075068e-4,0.24106630531575304
-826140802688e7,10462501,0,0,0,0,1,0,0,0,0,0,0,1,2500,100,53,0.14285715,0,0,0,1,0,1,0,0,0,0,0,0,0,1,1,1,1,1,1,0,0,0,0,0,1,0,1,1,0,1,0,1,0,0,1,1,0,0,0,-0.04095855254958549,1.086558677753695e-4,0.29877175651950394
-8.2523848828400005e+018,42125804,1,0,0,0,0,0,0,0,1,0,0,0,840,50,63,0.2857143,1,0,0,0,1,0,0,1,0,0,0,0,0,1,1,0,0,0,0,1,0,0,1,0,0,0,0,1,0,0,0,1,1,1,0,1,0,1,0,-0.036096114281233466,2.4751926078223383e-4,0.37537832528711823
-824291165954e7,10463579,0,1,0,0,0,0,0,0,0,0,0,1,5500,100,53,0,0,0,0,1,0,1,0,0,0,0,0,0,0,1,0,0,0,1,0,0,0,0,0,0,0,0,1,0,0,0,1,1,0,1,0,1,0,0,0,-0.026453752830291825,1.8256345243226473e-4,0.3365224670787258
-823485362889e7,42126569,0,0,0,0,1,0,0,0,1,0,0,0,330,100,55,0.2857143,0,1,0,0,0,0,1,0,0,0,0,0,0,1,0,0,0,0,0,1,0,1,0,0,0,0,1,0,0,0,0,0,1,1,0,1,0,0,0,-0.037116764238274855,1.1969311807166308e-4,0.3208502838747853
-821801480267e7,78133137.5,0,0,0,1,0,0,0,0,0,1,0,0,1030,100,28,0,0,0,1,0,0,1,0,0,0,0,0,0,0,0,1,1,0,0,0,0,0,0,0,0,0,0,1,0,0,0,1,0,1,1,0,1,0,0,0,-0.0034358555914002667,7.679025113579666e-4,0.30347473488506477
-820813963544e7,42125108.5,0,0,1,0,0,0,0,0,1,0,0,0,2090,100,45,0.2857143,0,0,1,0,0,0,1,0,0,0,0,0,0,1,1,0,0,0,1,0,0,1,1,0,0,0,1,0,0,0,1,1,1,1,0,1,0,0,0,-0.01948678655343525,6.100784086957618e-5,0.305062224236103
-809142248197e7,3591978,1,0,0,0,0,0,1,0,0,0,0,0,2130,20,58,1,0,1,0,0,0,1,0,0,0,0,0,0,0,1,1,1,1,0,0,1,1,1,1,1,1,1,0,1,0,0,0,1,0,0,0,1,0,1,0,-0.04912788369574721,1.2030965006839915e-4,0.3142547348150913
-807029717627e7,78134187,0,0,0,0,0,1,0,0,0,1,0,0,3636.6666666666665,100,32,0,0,0,1,0,0,1,0,0,0,0,0,0,0,0,1,0,0,1,1,0,0,0,0,0,0,0,1,0,0,0,0,1,1,1,0,1,0,0,0,-0.013010015987112756,7.041151841590242e-4,0.3291508701261408
-802727407911e7,78134245,1,0,0,0,0,0,0,0,0,1,0,0,250,90,43,0,0,0,1,0,0,0,0,1,0,0,0,0,0,1,1,0,0,0,0,0,0,0,0,0,0,0,1,1,0,0,0,1,1,1,0,1,0,1,0,-0.026444946194559716,6.977835946616869e-5,0.31552084371235034
-802124024141e7,78134291.5,0,0,1,0,0,0,0,0,0,1,0,0,2185,100,50,0,0,1,0,0,0,0,0,1,0,0,0,0,0,1,0,1,1,1,0,0,0,0,0,0,0,0,1,0,0,0,0,1,1,1,0,1,0,0,0,-0.024965069956024055,3.885440016375559e-4,0.2634102918573081
-798658895888e7,10463845,0,0,0,1,0,0,0,0,0,0,0,1,330,100,26,0,0,1,0,0,0,1,0,0,0,0,0,0,0,0,0,0,1,0,1,0,0,0,0,0,0,0,1,0,0,0,1,1,1,1,0,1,0,0,0,-0.024735441056554123,9.017681539043857e-5,0.3427998682351572
-798001239887e7,3594123,0,0,0,0,1,0,1,0,0,0,0,0,1140,100,47,0,0,0,0,1,0,0,0,1,0,0,0,0,0,1,1,1,1,0,1,0,0,0,0,0,0,0,1,1,0,0,1,1,0,1,0,1,0,0,0,-0.03999816837222433,4.1395059222184996e-5,0.2210955826282767
-786008894827e7,42124526,0,1,0,0,0,0,0,0,1,0,0,0,2130,50,40,0,0,1,0,0,0,0,0,1,0,0,0,0,0,1,1,0,0,1,0,0,0,0,0,0,0,0,1,1,0,0,1,0,1,1,0,1,0,0,0,-0.023688417055037544,1.907884880475784e-4,0.276276176542314
-784767247664e7,80117465,0,0,0,0,1,0,0,0,0,0,1,0,1200,100,54,0.2857143,0,0,1,0,0,0,0,1,0,0,0,0,0,1,1,0,0,0,0,0,0,0,1,0,0,1,0,0,0,0,0,0,1,1,0,1,0,0,0,-0.02417594508118596,5.106809636196691e-4,0.22578966807839776
-784436117024e7,78134225,1,0,0,0,0,0,0,0,0,1,0,0,1170,50,32,0.42857143,0,1,0,0,0,1,0,0,0,0,0,0,0,1,1,1,0,0,1,1,0,1,1,0,0,0,0,1,0,0,1,1,0,0,1,1,0,1,0,-0.036072813330439976,1.196522142168523e-4,0.3106595315300994
-779478748521e7,42125372.5,0,1,0,0,0,0,0,0,1,0,0,0,4565,90,44,0,0,0,1,0,0,1,0,0,0,0,0,0,0,0,1,1,0,0,0,0,0,0,0,0,0,0,1,1,0,0,1,1,0,1,0,1,0,0,0,-0.030151885184205023,5.791713069469694e-4,0.26537621362044966
-762382285289e7,42125170,0,0,0,0,0,1,0,0,1,0,0,0,2e3,100,39,0,0,1,0,0,0,1,0,0,0,0,0,0,0,0,1,0,0,1,0,0,0,0,0,0,0,0,1,0,0,0,1,0,1,1,0,1,0,0,0,-0.01215397024592617,5.871105336100105e-4,0.3404050740138791
-760758888563e7,78134211.5,0,0,0,0,0,1,0,0,0,1,0,0,860,80,47,0.5714286,0,0,1,0,0,1,0,0,0,0,0,0,0,1,1,1,1,0,0,0,0,0,1,1,1,1,0,0,0,1,1,1,0,1,1,1,0,0,0,-0.02136787071652426,4.388250599294477e-4,0.27785021382877384
-756564202483e7,3594294,0,0,0,0,1,0,1,0,0,0,0,0,2810,90,52,0,0,0,0,0,1,1,0,0,0,0,0,0,0,1,1,0,0,0,0,0,0,0,0,0,0,0,1,1,0,0,1,1,1,1,0,1,0,0,0,-0.03473005911362328,2.580745726471473e-4,0.24694428285723138
-7.5538682927600005e+018,42123955,1,0,0,0,0,0,0,0,1,0,0,0,1940,40,25,0.5714286,0,0,1,0,0,1,0,0,0,0,0,0,0,1,1,1,1,0,0,1,0,1,1,1,0,0,0,1,0,0,1,0,0,0,0,1,0,1,0,-0.031102544533394123,5.763479965073787e-4,0.33570361238339425
-747377834851e7,80117729,1,0,0,0,0,0,0,0,0,0,1,0,330,90,47,0.14285715,0,0,0,1,0,0,0,1,0,0,0,0,0,1,1,0,0,0,1,0,0,1,0,0,0,0,1,0,0,0,0,1,0,1,0,1,0,0,0,-0.0412946544525139,7.314854560118975e-5,0.2136878329061938
-746889877976e7,10463417.333333334,0,1,0,0,0,0,0,0,0,0,0,1,1176.6666666666667,100,28,0.14285715,0,1,0,0,0,1,0,0,0,0,0,0,0,0,0,1,0,0,1,0,0,0,1,0,0,0,1,0,0,1,1,1,0,0,1,1,0,0,0,-0.030802402611825853,3.9646186559337283e-4,0.3222801026371428
-745002269265e7,80116992,1,0,0,0,0,0,0,0,0,0,1,0,1830,100,18,0.85714287,0,1,0,0,0,0,0,1,0,0,0,0,0,1,1,1,0,1,0,1,1,1,1,1,1,0,1,0,0,0,1,0,0,1,1,1,0,0,0,-0.02119403813938581,1.086143910675153e-4,0.2408613612820204
-739863003457e7,78134289.5,0,0,1,0,0,0,0,0,0,1,0,0,1110,70,22,0,0,0,1,0,0,0,0,0,0,0,1,0,0,1,0,0,0,0,0,0,0,0,0,0,0,0,1,0,1,0,0,0,1,1,0,1,0,0,0,-0.009914489361562678,5.436708855259331e-4,0.35692026062885746
-733763515741e7,78132932,0,0,0,0,0,1,0,0,0,1,0,0,4200,100,20,0,0,0,1,0,0,0,1,0,0,0,0,0,0,0,1,0,0,1,0,0,0,0,0,0,0,0,1,0,0,0,0,1,0,1,0,1,0,0,0,-0.017828231543950718,7.495360269889333e-4,0.315091492040387
-732666810301e7,10463215,0,0,0,1,0,0,0,0,0,0,0,1,1830,100,63,0,0,1,0,0,0,1,0,0,0,0,0,0,0,0,1,1,1,0,0,0,0,0,0,0,0,0,0,0,0,0,0,0,1,0,0,1,0,0,0,-0.03996486731386465,1.5979815009075447e-4,0.3031237388579515
-73027496579e8,3594117,0,0,0,0,1,0,1,0,0,0,0,0,1620,100,41,0,0,0,1,0,0,1,0,0,0,0,0,0,0,1,1,0,0,1,1,0,0,0,0,0,0,0,1,0,0,0,1,1,0,0,0,1,0,0,0,-0.03606401034001571,0.00025964038025230133,0.256007076592034
-718647252784e7,80117239,0,0,0,1,0,0,0,0,0,0,1,0,130,100,55,0.42857143,0,1,0,0,0,0,0,1,0,0,0,0,0,1,1,0,1,0,0,1,0,0,1,1,0,0,0,1,0,0,0,1,1,1,1,1,0,0,0,-0.04001111207207887,3.988402438443559e-4,0.20947242922620582
-702996763928e7,80117722,1,0,0,0,0,0,0,0,0,0,1,0,1550,80,43,0,0,0,1,0,0,1,0,0,0,0,0,0,0,1,1,1,0,0,1,0,0,0,0,0,0,0,1,0,0,0,1,1,0,0,1,1,0,0,0,-0.037633241033024484,2.518616405729342e-4,0.23307516407230922
-692286284649e7,3594084,0,0,0,1,0,0,1,0,0,0,0,0,3750,75,62,0,0,1,0,0,0,0,0,1,0,0,0,0,0,1,1,0,0,0,1,0,0,0,0,0,0,0,0,0,1,0,0,0,1,0,0,1,0,0,0,-0.045958209267318265,3.3415805911550354e-4,0.24429125223988202
-677922675783e7,42125176,0,0,0,0,0,1,0,0,1,0,0,0,100,100,27,0.14285715,0,0,1,0,0,0,0,1,0,0,0,0,0,1,1,0,0,1,0,0,0,0,0,0,1,0,1,0,1,0,0,1,1,1,0,1,0,0,0,-0.015923744656428682,1.5861916217152594e-4,0.2964316355766439
-673091513581e7,42125802,1,0,0,0,0,0,0,0,1,0,0,0,6390,100,59,0,0,0,1,0,0,0,0,1,0,0,0,0,0,1,1,0,0,1,0,0,0,0,0,0,0,0,1,1,0,0,0,0,1,1,0,1,0,1,0,-0.03198655158841353,3.094302164434175e-4,0.3434215589855242
-668935883311e7,42124758,1,0,0,0,0,0,0,0,1,0,0,0,1060,100,42,0.14285715,0,1,0,0,0,0,0,1,0,0,0,0,0,1,1,1,1,0,0,0,0,0,0,0,1,0,1,0,0,0,1,1,1,1,1,1,0,0,0,-0.031311945365373205,3.772261659872401e-5,0.38755360877178474
-66877037645e8,10463921,0,0,0,1,0,0,0,0,0,0,0,1,1170,100,20,0.14285715,0,0,1,0,0,1,0,0,0,0,0,0,0,0,1,0,0,1,0,0,0,0,0,0,1,0,1,0,0,0,1,0,0,0,0,1,0,0,0,-0.022857635284679555,3.500397964633631e-4,0.3638677189869177
-659658848121e7,42123983,0,1,0,0,0,0,0,0,1,0,0,0,510,100,42,0,0,1,0,0,0,0,1,0,0,0,0,0,0,0,0,1,1,0,0,0,0,0,0,0,0,0,1,0,0,0,0,0,0,1,0,1,0,0,0,-0.03522029630934345,1.6749771368782508e-4,0.29101371667317827
-64602614319e8,5520277,0,0,0,0,1,0,0,1,0,0,0,0,2010,50,70,0.42857143,0,0,0,0,1,0,0,1,0,0,0,0,0,1,1,0,0,0,0,1,1,1,0,0,0,0,0,1,0,0,1,0,1,1,0,1,0,0,0,-0.03317438360367766,1.1591929094074692e-4,0.2352374793358095
-645683079329e7,42123952,1,0,0,0,0,0,0,0,1,0,0,0,880,80,46,0.14285715,0,1,0,0,0,0,1,0,0,0,0,0,0,1,1,1,0,1,1,0,0,0,0,0,1,0,0,0,0,0,1,0,1,1,1,1,0,1,0,-0.02472958678232394,1.1312187411697779e-4,0.3492334386094827
-634406038855e7,80117723,1,0,0,0,0,0,0,0,0,0,1,0,330,80,43,0,0,0,1,0,0,1,0,0,0,0,0,0,0,1,1,1,0,0,1,0,0,0,0,0,0,0,1,0,0,0,1,1,0,0,1,1,0,0,0,-0.04364428630022181,1.0137028111987693e-4,0.21284669050210286
-632663813733e7,10463772,0,0,0,0,1,0,0,0,0,0,0,1,7180,100,45,0,0,0,1,0,0,1,0,0,0,0,0,0,0,0,1,0,0,0,1,0,0,0,0,0,0,0,1,0,0,0,1,0,1,1,0,1,0,1,0,-0.019487995179813263,9.190405702430336e-5,0.2934958014566317
-628292062455e7,42123860,0,0,0,1,0,0,0,0,1,0,0,0,100,50,52,0,0,1,0,0,0,1,0,0,0,0,0,0,0,1,1,0,0,0,0,0,0,0,0,0,0,0,1,0,0,0,1,1,1,1,0,1,0,0,0,-0.035936231015493064,3.840728710101666e-4,0.33626806501249673
-622858867552e7,42123993,0,1,0,0,0,0,0,0,1,0,0,0,3160,100,51,0,0,1,0,0,0,1,0,0,0,0,0,0,0,0,1,1,1,1,1,0,0,0,0,0,0,0,0,0,0,0,0,1,0,1,1,1,0,0,0,-0.0318227097789377,3.164393020432798e-4,0.28693315579932804
-619877497743e7,42124032,0,0,0,1,0,0,0,0,1,0,0,0,1020,100,55,0.14285715,0,1,0,0,0,0,0,0,0,1,0,0,0,1,1,1,1,1,0,0,0,1,0,0,0,0,1,0,0,0,0,1,1,1,0,1,0,0,0,-0.031714461911752694,1.571913278288819e-4,0.3085638856264802
-618402695125e7,80118409,1,0,0,0,0,0,0,0,0,0,1,0,1740,100,50,0.14285715,0,1,0,0,0,1,0,0,0,0,0,0,0,1,1,0,0,1,1,0,0,1,0,0,0,0,0,0,0,0,0,0,1,0,1,1,0,0,0,-0.03364679027256627,7.935172876137302e-5,0.21667451247690808
-617857593025e7,78133225.5,1,0,0,0,0,0,0,0,0,1,0,0,1230,90,44,0.42857143,0,1,0,0,0,0,1,0,0,0,0,0,0,0,1,1,1,0,1,0,0,0,1,1,0,1,1,1,0,0,0,1,0,0,1,1,0,0,0,-0.04119699622381222,3.750153869681801e-5,0.32465269685541437
-613363686477e7,42125017,0,0,0,0,0,1,0,0,1,0,0,0,1100,100,46,0.2857143,0,1,0,0,0,1,0,0,0,0,0,0,0,0,1,0,1,0,0,0,0,0,1,0,1,0,1,1,1,0,0,1,1,1,0,1,0,1,0,-0.025567288240376226,1.966763847090578e-4,0.3141151365253885
-612567215933e7,42125248,0,0,1,0,0,0,0,0,1,0,0,0,1e3,100,74,0,0,0,0,0,1,0,0,1,0,0,0,0,0,1,1,1,0,0,0,0,0,0,0,0,0,0,1,0,0,0,1,0,1,1,0,1,0,0,0,-0.032133556745932185,2.5850033366587525e-4,0.2889289205113514
-6.0979511313200005e+018,80116974,1,0,0,0,0,0,0,0,0,0,1,0,1090,100,38,0,0,0,1,0,0,0,1,0,0,0,0,0,0,1,0,1,1,1,0,0,0,0,0,0,0,0,0,0,0,0,0,0,0,1,1,1,0,0,0,-0.021419382947204066,5.470012740125187e-4,0.25307558429845745
-6.0846402518000005e+018,80118047,1,0,0,0,0,0,0,0,0,0,1,0,1830,100,29,0,0,1,0,0,0,0,0,1,0,0,0,0,0,1,1,0,1,1,0,0,0,0,0,0,0,0,0,0,0,0,1,0,1,0,0,1,0,0,0,-0.030048479996832942,1.8448124561989547e-4,0.21804173216850656
-599755854889e7,42123817,0,0,1,0,0,0,0,0,1,0,0,0,5890,90,61,0.14285715,0,1,0,0,0,0,0,0,0,1,0,0,0,0,0,0,0,0,0,0,0,0,0,0,1,0,0,0,0,0,1,0,0,0,0,1,0,0,0,-0.04115058661363228,4.5545642324785167e-4,0.2963449247559019
-596668958725e7,78132945,0,0,0,0,0,1,0,0,0,1,0,0,350,100,42,0,0,1,0,0,0,1,0,0,0,0,0,0,0,1,1,0,0,0,1,0,0,0,0,0,0,0,1,0,1,0,1,0,1,1,0,1,0,0,0,-0.021594784120230304,5.490965600447674e-4,0.3091896866585639
-585058277656e7,78133907.5,0,0,0,1,0,0,0,0,0,1,0,0,1220,100,44,0,0,1,0,0,0,1,0,0,0,0,0,0,0,1,1,0,1,0,0,0,0,0,0,0,0,0,1,0,0,0,1,1,1,1,0,1,0,1,0,-0.020887407383810085,3.452603829274687e-4,0.27990728594553566
-579497335177e7,78133625,0,1,0,0,0,0,0,0,0,1,0,0,780,0,30,0,0,0,1,0,0,0,1,0,0,0,0,0,0,1,0,0,0,0,0,0,0,0,0,0,0,0,1,1,0,0,1,0,1,1,0,1,0,1,0,-0.005047681542999951,3.21308332541363e-4,0.3166357030935069
-573619841687e7,3591901,0,0,0,1,0,0,1,0,0,0,0,0,1610,100,45,0.2857143,0,0,0,1,0,1,0,0,0,0,0,0,0,1,1,1,1,0,1,0,0,0,1,0,1,0,1,0,0,0,0,1,0,1,0,1,0,0,0,-0.035804501221504643,9.677347927392329e-5,0.2593716245182349
-5.6791972966000005e+018,3594092,0,0,0,1,0,0,1,0,0,0,0,0,400,100,61,1,0,0,0,0,1,1,0,0,0,0,0,0,0,1,1,1,1,0,0,1,1,1,1,1,1,1,1,1,0,0,1,1,1,1,0,1,0,0,1,-0.026757199461609142,1.7171942163616083e-4,0.2335261496892567
-566996283383e7,80118926,0,0,1,0,0,0,0,0,0,0,1,0,3270,100,52,1,0,1,0,0,0,0,1,0,0,0,0,0,0,1,1,0,0,0,0,1,1,1,1,1,1,1,0,0,0,0,0,1,0,0,0,1,0,1,0,-0.03942985898174364,2.0391364322943858e-4,0.21545214644863112
-565419324693e7,10464304,1,0,0,0,0,0,0,0,0,0,0,1,2e3,100,38,0.2857143,0,1,0,0,0,1,0,0,0,0,0,0,0,0,1,0,1,0,0,0,0,0,0,1,1,0,1,0,0,0,1,1,1,1,0,1,0,0,0,-0.02396968982202085,7.990270935416828e-5,0.3842032217206197
-564555476208e7,80116979,1,0,0,0,0,0,0,0,0,0,1,0,640,100,60,0.14285715,0,1,0,0,0,1,0,0,0,0,0,0,0,1,1,0,0,0,0,0,0,0,0,0,1,0,1,1,0,0,1,1,0,0,1,1,0,0,0,-0.050126272597871856,2.664006124564954e-4,0.2019297130050797
-563773852184e7,10464303,1,0,0,0,0,0,0,0,0,0,0,1,2660,100,61,0,0,0,0,1,0,0,0,1,0,0,0,0,0,1,0,0,0,0,0,0,0,0,0,0,0,0,0,0,0,0,0,1,1,1,0,1,0,0,0,-0.0335448513841228,1.5071652807455792e-4,0.37559394565882187
-562637701216e7,78134030,0,1,0,0,0,0,0,0,0,1,0,0,510,50,39,0,0,1,0,0,0,0,0,1,0,0,0,0,0,1,1,1,1,0,0,0,0,0,0,0,0,0,1,0,0,0,1,1,1,1,1,1,0,0,0,-0.027894821954236045,1.0080609024740735e-4,0.2540524729980246
-559411167503e7,78134023,0,1,0,0,0,0,0,0,0,1,0,0,35100,100,35,0,0,1,0,0,0,0,1,0,0,0,0,0,0,0,1,0,0,1,0,0,0,0,0,0,0,0,1,0,0,0,1,1,1,1,0,1,0,0,0,-0.017701512824312014,1.8033917757281313e-4,0.2944962873412451
-556938564202e7,78134126,0,0,0,1,0,0,0,0,0,1,0,0,1060,80,19,0,0,0,1,0,0,1,0,0,0,0,0,0,0,0,0,0,0,1,1,0,0,0,0,0,0,0,1,1,0,0,0,0,1,1,0,1,0,1,0,-0.006862197313986739,5.535866205432645e-4,0.365887037493624
-547658486687e7,42123486,0,0,0,1,0,0,0,0,1,0,0,0,1170,100,36,0,0,0,1,0,0,1,0,0,0,0,0,0,0,1,1,0,0,1,1,0,0,0,0,0,0,0,1,0,0,0,1,1,1,1,0,1,0,1,0,-0.013703517924824674,1.1854043007737713e-4,0.32449299018303573
-547185568901e7,80117238,0,0,0,1,0,0,0,0,0,0,1,0,850,100,26,1,0,1,0,0,0,0,0,1,0,0,0,0,0,1,1,1,1,0,0,1,1,1,1,1,1,1,0,1,1,0,0,1,0,0,1,1,0,0,0,-0.0361914049120872,3.346338746658309e-4,0.20583832228717813
-543944039721e7,80117246,0,0,0,1,0,0,0,0,0,0,1,0,1400,100,40,0,0,0,1,0,0,1,0,0,0,0,0,0,0,1,1,0,0,1,0,0,0,0,0,0,0,0,0,0,0,0,1,1,0,0,1,1,0,0,0,-0.02943198314522923,2.5716452958587173e-4,0.22214107608013212
-531315752439e7,10463454,0,0,0,1,0,0,0,0,0,0,0,1,2790,90,38,0,0,1,0,0,0,0,1,0,0,0,0,0,0,0,1,0,0,1,0,0,0,0,0,0,0,0,0,0,0,0,0,1,0,0,0,1,0,1,0,-0.03680355605755668,1.0330154166303016e-4,0.2996785800092376
-529831140785e7,10462035,0,0,0,1,0,0,0,0,0,0,0,1,250,100,34,0,0,0,1,0,0,0,0,0,1,0,0,0,0,1,0,1,1,1,0,0,0,0,0,0,0,0,0,0,0,0,0,1,1,0,1,1,0,0,0,-0.029267560359404532,2.53988902476216e-4,0.3291725320525774
-5.1704132865999995e+018,3595399,0,0,1,0,0,0,1,0,0,0,0,0,426,90,41,0,0,0,1,0,0,1,0,0,0,0,0,0,0,1,1,0,0,0,0,0,0,0,0,0,0,0,1,1,0,0,0,0,0,0,0,1,0,0,1,-0.030739769639287547,2.1266716220794213e-4,0.24275379093717683
-511099032974e7,42125589.5,0,1,0,0,0,0,0,0,1,0,0,0,1502.5,100,48,0.14285715,0,0,1,0,0,0,1,0,0,0,0,0,0,0,1,0,0,0,0,0,0,0,1,0,0,0,1,0,0,0,1,1,0,1,0,1,0,0,0,-0.025949936604337722,1.5710425667185538e-4,0.27728196266855215
-510070299587e7,42123995.5,0,1,0,0,0,0,0,0,1,0,0,0,2270,80,39,0.14285715,0,1,0,0,0,0,0,1,0,0,0,0,0,1,1,0,0,0,0,0,0,0,0,0,1,0,1,0,0,0,1,0,1,1,1,1,0,0,0,-0.02324836900358301,6.882697031351467e-5,0.26312864021864313
-499946262481e7,42125608,0,0,0,1,0,0,0,0,1,0,0,0,440,100,29,0,0,1,0,0,0,0,0,1,0,0,0,0,0,1,1,0,0,1,1,0,0,0,0,0,0,0,1,0,0,0,1,1,1,1,0,1,0,1,0,-0.024083437818326708,7.803736322240112e-5,0.30149735302838726
-48410495788e8,78133952,0,0,0,0,1,0,0,0,0,1,0,0,2340,100,60,0,0,0,1,0,0,0,0,1,0,0,0,0,0,1,1,1,0,0,0,0,0,0,0,0,0,0,1,0,0,0,1,0,1,1,0,1,0,0,0,-0.023737823162854988,1.5672590115459062e-4,0.2534194076400203
-4.8132288297200005e+018,10462036,0,0,0,1,0,0,0,0,0,0,0,1,880,100,26,0,0,0,1,0,0,0,0,0,0,0,1,0,0,1,0,0,0,0,0,0,0,0,0,0,0,0,1,0,0,1,1,1,1,1,0,1,0,0,0,-0.01084851434079401,3.2500810331708774e-4,0.37211769785932525
-473602795722e7,42125274.5,0,0,0,1,0,0,0,0,1,0,0,0,625,90,36,0.14285715,0,1,0,0,0,1,0,0,0,0,0,0,0,1,1,1,1,0,1,0,0,0,0,0,1,0,0,1,0,0,1,1,1,1,0,1,0,1,0,-0.03175036033581816,3.712102800748723e-4,0.27903911701771816
-4.6769886421199995e+018,3592045,1,0,0,0,0,0,1,0,0,0,0,0,650,80,75,0,0,0,0,0,1,0,0,1,0,0,0,0,0,1,1,0,0,0,0,0,0,0,0,0,0,0,0,1,0,0,0,0,1,0,0,1,0,1,0,-0.0430768147546722,2.0679948053041385e-4,0.3171225906905848
-466239752227e7,78134142,0,0,0,1,0,0,0,0,0,1,0,0,1810,100,55,0.14285715,0,1,0,0,0,1,0,0,0,0,0,0,0,0,1,1,1,1,1,0,0,0,0,0,1,0,1,0,1,0,1,1,1,1,0,1,0,1,0,-0.028587905214897853,1.133799697350312e-4,0.2561843704562949
-465405728239e7,42124327,1,0,0,0,0,0,0,0,1,0,0,0,580,100,52,0.2857143,0,1,0,0,0,1,0,0,0,0,0,0,0,0,0,0,0,0,0,1,0,0,0,0,1,0,1,0,1,0,1,0,1,1,1,1,0,1,0,-0.029044405341841717,5.980389768570258e-4,0.36805983762474176
-465204260322e7,3591976,1,0,0,0,0,0,1,0,0,0,0,0,1280,100,28,0,0,1,0,0,0,1,0,0,0,0,0,0,0,1,1,0,0,1,0,0,0,0,0,0,0,0,1,0,0,0,1,0,1,1,0,1,0,1,0,-0.018541434650443195,6.924923886025286e-4,0.35955870455443245
-46128203573e8,42126029,0,0,0,1,0,0,0,0,1,0,0,0,4770,100,28,0,0,0,1,0,0,1,0,0,0,0,0,0,0,1,1,1,1,1,1,0,0,0,0,0,0,0,1,0,0,0,1,1,0,0,1,1,0,0,0,-0.029774437625720615,1.5013377683609076e-4,0.3103463676702482
-453894517791e7,80118822,0,0,0,0,1,0,0,0,0,0,1,0,3840,80,35,0.14285715,0,0,1,0,0,1,0,0,0,0,0,0,0,1,1,0,0,1,0,0,0,0,0,1,0,0,1,0,0,0,1,0,0,0,1,1,0,1,0,-0.027011640491989317,7.02999444940728e-4,0.2237693013183748
-441334532065e7,42124651,0,0,0,1,0,0,0,0,1,0,0,0,9010,50,22,0.2857143,0,0,1,0,0,1,0,0,0,0,0,0,0,0,1,1,1,0,0,0,0,0,0,1,1,0,1,1,0,0,0,1,0,1,0,1,0,1,0,-0.028189102681531287,3.044489391461857e-4,0.29103286745880824
-440402621312e7,10462422,0,0,1,0,0,0,0,0,0,0,0,1,3500,100,77,0,0,1,0,0,0,0,0,0,0,1,0,0,0,1,1,0,1,0,0,0,0,0,0,0,0,0,1,1,0,0,1,1,1,0,1,1,0,0,0,-0.04352410276127061,1.7519702329085542e-4,0.32156112218456073
-438381265267e7,42124320,1,0,0,0,0,0,0,0,1,0,0,0,530,100,52,0.2857143,0,1,0,0,0,0,0,1,0,0,0,0,0,1,1,0,0,0,0,0,0,1,0,0,1,0,1,1,0,0,1,1,0,1,0,1,0,1,0,-0.03800207740939746,2.2883014685730392e-4,0.3425740726006458
-431529944805e7,5522934.5,0,0,0,0,1,0,0,1,0,0,0,0,2815,100,35,0,0,1,0,0,0,0,0,0,0,0,1,0,0,0,1,1,1,0,0,0,0,0,0,0,0,0,1,0,1,0,0,1,1,0,0,1,0,0,0,-0.03984977488595499,2.586969591485126e-4,0.2676448549962628
-4.2846937760999997e+018,10462062,0,1,0,0,0,0,0,0,0,0,0,1,410,80,46,0.14285715,0,1,0,0,0,1,0,0,0,0,0,0,0,0,1,0,0,0,1,0,0,1,0,0,0,0,1,0,0,0,1,1,1,1,0,1,0,1,0,-0.03319883853371293,5.349186403471338e-4,0.3002784259980077
-42726122422e8,80117023,0,1,0,0,0,0,0,0,0,0,1,0,970,100,46,0,0,0,0,1,0,0,0,1,0,0,0,0,0,1,0,0,0,1,0,0,0,0,0,0,0,0,1,0,1,0,1,1,1,1,1,1,0,0,0,-0.020178306088601616,3.9417419168506735e-4,0.24875236156001101
-426571651483e7,10463013,0,0,0,1,0,0,0,0,0,0,0,1,990,50,38,0.14285715,0,0,1,0,0,1,0,0,0,0,0,0,0,0,1,0,0,0,0,0,0,0,0,1,0,0,1,0,0,0,1,0,0,0,0,1,0,1,0,-0.025999998605502974,2.360909042316583e-4,0.29589388263640676
-425415477397e7,3595472,0,0,0,0,0,1,1,0,0,0,0,0,2870,100,29,0.14285715,0,0,1,0,0,0,1,0,0,0,0,0,0,0,1,0,0,1,0,0,0,0,0,0,1,0,1,0,0,0,0,1,1,1,0,1,0,0,0,-0.022300884034317004,1.0652063852583922e-4,0.2899800354461667
-407683868296e7,5521302.5,0,0,0,0,1,0,0,1,0,0,0,0,3285,100,27,0,0,0,1,0,0,0,1,0,0,0,0,0,0,0,1,0,0,1,0,0,0,0,0,0,0,0,1,0,0,0,0,1,1,1,1,1,0,0,1,-0.00758544213761855,1.9369260449845238e-4,0.2977738919706305
-394352389673e7,10463955.714285715,0,0,0,0,0,1,0,0,0,0,0,1,3907.1428571428573,90,49,0,0,0,0,1,0,1,0,0,0,0,0,0,0,1,1,1,1,0,1,0,0,0,0,0,0,0,1,0,0,1,1,1,0,1,0,1,0,1,0,-0.027277647688804883,1.359922712155484e-4,0.3196437375888008
-388300927512e7,42126540,0,0,0,1,0,0,0,0,1,0,0,0,1563.3333333333333,100,40,0.2857143,0,0,1,0,0,1,0,0,0,0,0,0,0,1,1,0,0,0,1,0,0,1,0,0,1,0,1,0,0,0,1,1,0,1,1,1,0,0,0,-0.023208771753996514,8.10613698915059e-5,0.30496693743261766
-386545905811e7,42124756,1,0,0,0,0,0,0,0,1,0,0,0,1020,100,38,0,0,0,1,0,0,1,0,0,0,0,0,0,0,1,1,1,1,0,1,0,0,0,0,0,0,0,1,1,1,0,1,0,0,0,1,1,0,0,0,-0.03642501223515701,2.0549152606811892e-4,0.38437681664636436
-381738346669e7,42125962,1,0,0,0,0,0,0,0,1,0,0,0,614,100,54,0,0,1,0,0,0,0,0,0,1,0,0,0,0,1,1,1,1,0,1,0,0,0,0,0,0,0,1,0,0,0,1,0,0,1,0,1,0,0,0,-0.03584558266640547,2.714680639410572e-4,0.3833047817454011
-3.8131018894599997e+018,42123510.5,0,0,0,1,0,0,0,0,1,0,0,0,1087.5,100,47,0,0,1,0,0,0,0,0,1,0,0,0,0,0,1,1,0,0,0,0,0,0,0,0,0,0,0,1,1,0,0,0,1,0,1,1,1,0,1,0,-0.033950199765208786,4.994657600281687e-5,0.2667020580721055
-378400204184e7,78133635,0,1,0,0,0,0,0,0,0,1,0,0,4030,100,25,0,0,1,0,0,0,0,1,0,0,0,0,0,0,0,0,1,0,1,0,0,0,0,0,0,0,0,1,0,0,0,1,0,1,1,0,1,0,1,0,-0.014230948210076153,6.478551118519666e-4,0.29512428631180637
-3.7770104668199997e+018,3595426,0,0,1,0,0,0,1,0,0,0,0,0,1240,100,23,0,0,1,0,0,0,0,0,0,0,0,1,0,0,1,0,1,0,0,0,0,0,0,0,0,0,0,1,0,0,0,0,1,1,0,0,1,0,0,1,-0.01949827460633594,4.862472270210023e-4,0.3050615955289522
-376232431679e7,78132509,0,0,0,0,0,1,0,0,0,1,0,0,680,100,27,0,0,0,1,0,0,1,0,0,0,0,0,0,0,1,0,0,0,1,0,0,0,0,0,0,0,0,1,0,0,0,1,0,1,1,0,1,0,1,1,-0.02966784053238289,1.6750457748129717e-4,0.3261423993028338
-375418049188e7,42124703,0,0,1,0,0,0,0,0,1,0,0,0,690,0,62,0,0,1,0,0,0,0,1,0,0,0,0,0,0,0,1,0,0,0,0,0,0,0,0,0,0,0,1,0,0,0,1,0,1,1,0,1,0,1,0,-0.027360815212998067,1.9730577729110924e-4,0.27687757523540024
-372825496797e7,80116982,1,0,0,0,0,0,0,0,0,0,1,0,1700,80,50,0,0,1,0,0,0,1,0,0,0,0,0,0,0,1,0,0,1,0,0,0,0,0,0,0,0,0,1,0,1,0,1,1,1,1,0,1,0,0,0,-0.02706522259453398,4.766145741579685e-5,0.2370834843647524
-368571512147e7,42125582,0,1,0,0,0,0,0,0,1,0,0,0,530,60,72,0,0,1,0,0,0,0,1,0,0,0,0,0,0,1,1,0,0,1,0,0,0,0,0,0,0,0,0,1,0,0,1,0,1,1,1,1,0,0,0,-0.035929038310412505,4.243911962282422e-4,0.29985529568458336
-361999362735e7,80118893,0,1,0,0,0,0,0,0,0,0,1,0,1260,100,37,0,0,0,1,0,0,1,0,0,0,0,0,0,0,0,1,0,0,0,0,0,0,0,0,0,0,0,1,0,0,0,1,0,0,0,0,1,0,0,0,-0.028272963172008843,5.362293001577183e-4,0.23340380072932074
-352618759043e7,3591892,0,0,0,1,0,0,1,0,0,0,0,0,3340,100,56,0,0,1,0,0,0,1,0,0,0,0,0,0,0,1,0,0,0,0,0,0,0,0,0,0,0,0,0,0,1,0,0,1,0,1,0,1,0,0,0,-0.03668470229987758,1.3315552261679208e-4,0.28328792299371225
-3.4566546627000003e+018,78133953.5,0,0,0,0,1,0,0,0,0,1,0,0,3225,95,50,0.071428575,0,0,1,0,0,0,0,0,0,0,1,0,0,1,1,0,0,0.5,0.5,0,0.5,0,0,0,0,0,1,0,0,0,1,1,0,0,0,1,0,0,0,-0.029407574113887672,2.1181780496405979e-4,0.279411781660834
-34086982848e8,10463848,0,0,0,1,0,0,0,0,0,0,0,1,1460,90,47,0,0,1,0,0,0,1,0,0,0,0,0,0,0,0,1,1,1,1,0,0,0,0,0,0,0,0,0,0,0,1,1,1,1,1,0,1,0,0,0,-0.02780802888843644,6.521216663946577e-5,0.3307284850821233
-3.3390529274599997e+018,10463515,0,1,0,0,0,0,0,0,0,0,0,1,2340,100,29,0,0,0,1,0,0,0,0,0,1,0,0,0,0,1,0,0,0,0,0,0,0,0,0,0,0,0,1,1,0,0,0,0,0,0,0,1,0,0,0,-0.029424234852108485,1.629020999415141e-4,0.33635709143526366
-3.2744191927800003e+018,10462810,1,0,0,0,0,0,0,0,0,0,0,1,1350,100,46,0.14285715,0,0,1,0,0,1,0,0,0,0,0,0,0,1,1,1,1,1,1,0,0,1,0,0,0,0,1,0,0,1,1,1,1,0,1,0,0,1,0,-0.032173436681401844,1.3237533389967628e-4,0.33696041106905683
-325296444985e7,3594100,0,0,0,1,0,0,1,0,0,0,0,0,760,100,72,0.14285715,0,1,0,0,0,0,1,0,0,0,0,0,0,1,1,0,0,0,0,0,0,1,0,0,0,0,0,0,1,0,0,0,0,0,0,1,0,0,0,-0.0466678542939592,5.321200340657079e-4,0.26171860603069846
-323428710555e7,10463075,0,0,0,1,0,0,0,0,0,0,0,1,2590,100,30,0.14285715,0,0,0,1,0,1,0,0,0,0,0,0,0,1,1,1,1,0,0,0,0,1,0,0,0,0,1,0,0,0,0,1,1,1,0,1,0,0,0,-0.027529100259964905,1.403080996245891e-4,0.29354637142104656
-320796435369e7,5514277,0,0,0,0,1,0,0,1,0,0,0,0,8270,100,70,0,0,0,1,0,0,0,1,0,0,0,0,0,0,0,0,0,0,1,1,0,0,0,0,0,0,0,1,1,0,0,1,0,0,0,0,1,0,0,0,-0.03928009323495677,1.7853929221587394e-4,0.3103742004752811
-318815846136e7,80117383,0,1,0,0,0,0,0,0,0,0,1,0,2010,100,26,0.14285715,0,1,0,0,0,0,0,1,0,0,0,0,0,1,0,0,0,1,1,0,0,0,0,0,1,0,1,0,0,0,1,1,0,1,0,1,0,1,0,-0.02199254987650045,4.4518923875524097e-4,0.22598886685399205
-317805075308e7,42124761,1,0,0,0,0,0,0,0,1,0,0,0,830,100,51,0.42857143,0,0,1,0,0,0,1,0,0,0,0,0,0,1,1,1,0,0,0,0,0,0,1,1,1,0,0,0,0,0,0,1,0,1,0,1,0,0,0,-0.03004639568064134,5.7885720845049164e-5,0.37379946763332084
-311686363175e7,78132506,0,0,0,0,0,1,0,0,0,1,0,0,960,100,34,0.14285715,0,1,0,0,0,0,0,1,0,0,0,0,0,1,1,0,0,0,0,0,0,1,0,0,0,0,1,0,0,0,1,0,1,1,0,1,0,1,0,-0.010588115245733611,3.4012461803838563e-4,0.2543305918398148
-308500721848e7,42125106,0,0,1,0,0,0,0,0,1,0,0,0,830,90,58,0.14285715,0,0,0,0,1,1,0,0,0,0,0,0,0,1,0,0,0,0,0,1,0,0,0,0,0,0,0,1,1,0,1,0,1,1,0,1,0,0,0,-0.027835452111235996,1.6408771289422045e-4,0.33539497397938667
-308357473723e7,78134209,0,0,0,0,0,1,0,0,0,1,0,0,1030,100,35,0,0,0,1,0,0,0,0,1,0,0,0,0,0,1,1,1,0,0,0,0,0,0,0,0,0,0,1,0,0,0,0,0,0,0,1,1,0,0,0,-0.02616623874307695,4.8572456074239874e-4,0.2504771884518873
-299652046703e7,78135021,0,0,0,0,0,1,0,0,0,1,0,0,450,100,33,0.14285715,0,0,1,0,0,1,0,0,0,0,0,0,0,1,1,0,0,1,1,0,0,0,0,0,1,0,1,0,0,0,0,1,1,0,0,1,0,0,0,-0.0228989815955168,2.678367991919635e-4,0.3022620717810392
-287729634807e7,10463450,0,0,0,1,0,0,0,0,0,0,0,1,1570,100,69,0,0,0,1,0,0,1,0,0,0,0,0,0,0,1,1,0,0,0,0,0,0,0,0,0,0,0,0,0,0,0,1,1,1,1,0,1,0,1,0,-0.025678635038323565,2.4442714367471164e-4,0.28916150773250926
-2.8703235971800003e+018,78135033,0,1,0,0,0,0,0,0,0,1,0,0,460,100,41,0,0,1,0,0,0,0,1,0,0,0,0,0,0,0,1,0,0,0,1,0,0,0,0,0,0,0,0,0,0,0,1,1,1,1,1,1,0,0,0,-0.027485274713906212,1.0721947531345294e-4,0.3013509273901548
-2.7830620216199997e+018,78133249,1,0,0,0,0,0,0,0,0,1,0,0,330,100,56,0.42857143,0,1,0,0,0,0,0,1,0,0,0,0,0,1,1,1,1,0,0,1,0,0,1,1,0,0,0,1,1,0,0,1,1,1,0,1,0,0,0,-0.036400290754377444,1.1860276074682725e-4,0.3079650144665238
-275220761813e7,80117717,1,0,0,0,0,0,0,0,0,0,1,0,3100,100,43,0,0,1,0,0,0,0,0,1,0,0,0,0,0,1,0,0,0,0,0,0,0,0,0,0,0,0,1,0,0,0,1,1,0,1,0,1,0,0,0,-0.026717454872910062,2.956618149711951e-4,0.24119266164091435
-270598192475e7,42126018,0,0,0,1,0,0,0,0,1,0,0,0,990,100,31,0.71428573,1,1,0,0,0,0,0,1,0,0,0,0,0,1,1,0,0,0,0,0,0,1,1,1,1,1,0,1,0,0,0,1,0,0,1,1,0,0,0,-0.03464570919959432,3.2015962420655893e-4,0.28776623450737127
-270207908303e7,10462520.5,0,0,0,0,1,0,0,0,0,0,0,1,825,100,43,0,0,1,0,0,0,1,0,0,0,0,0,0,0,0,1,0,1,0,1,0,0,0,0,0,0,0,1,0,0,0,1,0,1,1,1,1,0,0,0,-0.021199748738646395,1.3184045760233145e-4,0.336201578933412
-25747697878e8,42123791.5,0,0,1,0,0,0,0,0,1,0,0,0,2960,100,64,0.14285715,0,0,1,0,0,0,0,1,0,0,0,0,0,1,1,0,0,0,0,1,0,0,0,0,0,0,0,0,0,0,1,1,0,1,0,1,0,0,0,-0.03248232751802165,2.2097732549970433e-4,0.2751799647608771
-249946501145e7,3592036,1,0,0,0,0,0,1,0,0,0,0,0,1380,100,38,0,0,0,1,0,0,0,0,1,0,0,0,0,0,1,0,0,0,0,0,0,0,0,0,0,0,0,0,0,0,0,1,1,1,1,0,1,0,1,0,-0.02030158669010865,7.534036712739333e-5,0.36471256987591505
-2.4796933398200003e+018,5522739,0,0,0,0,1,0,0,1,0,0,0,0,7720,100,53,0,0,1,0,0,0,1,0,0,0,0,0,0,0,0,1,0,0,1,0,0,0,0,0,0,0,0,1,0,0,1,0,0,0,0,1,1,0,0,0,-0.03572321318088625,4.8226547578221674e-4,0.25076949979210794
-241159058496e7,80117540,1,0,0,0,0,0,0,0,0,0,1,0,2710,100,50,0,0,1,0,0,0,1,0,0,0,0,0,0,0,1,1,0,0,1,1,0,0,0,0,0,0,0,1,0,0,0,1,1,0,0,1,1,0,0,0,-0.0374100395310388,4.656410216193627e-5,0.24066998997955152
-238290069791e7,78134210,0,0,0,0,0,1,0,0,0,1,0,0,910,50,36,0,0,0,1,0,0,1,0,0,0,0,0,0,0,1,1,1,1,0,0,0,0,0,0,0,0,0,1,1,0,1,0,0,1,1,0,1,0,0,0,-0.018121044906107657,4.0660106393198365e-4,0.27918418888761287
-237600376265e7,80117549,0,1,0,0,0,0,0,0,0,0,1,0,990,100,32,0.2857143,0,1,0,0,0,0,1,0,0,0,0,0,0,1,1,1,0,0,1,0,0,0,0,1,1,0,1,0,0,0,1,1,1,0,0,1,0,0,0,-0.03034655185641209,1.093480671452793e-4,0.24754312891759517
-2.3601971854599997e+018,78134233.5,1,0,0,0,0,0,0,0,0,1,0,0,4920,100,60,0,0,0,1,0,0,0,1,0,0,0,0,0,0,1,1,0,0,0,1,0,0,0,0,0,0,0,0,0,0,0,1,1,0,1,1,1,0,1,0,-0.02862439755039793,8.598161804233281e-5,0.34338933676570427
-233468456831e7,10463797.5,0,0,0,0,0,1,0,0,0,0,0,1,740,100,60,0,1,0,1,0,0,1,0,0,0,0,0,0,0,1,1,0,1,0,0,0,0,0,0,0,0,0,0,0,0,0,1,1,0,0,0,1,0,1,0,-0.03381267982123943,3.6211293024184774e-4,0.30673593942075816
-2.2404712898499999e+018,42125615,0,0,0,1,0,0,0,0,1,0,0,0,250,100,25,0,0,1,0,0,0,1,0,0,0,0,0,0,0,1,0,0,0,0,0,0,0,0,0,0,0,0,0,0,0,0,0,1,1,1,0,1,0,1,0,-0.021289472048922044,7.886244403539763e-5,0.322979430370192
-2.2329972894499999e+018,78134323,0,0,1,0,0,0,0,0,0,1,0,0,1230,100,30,0,0,1,0,0,0,0,0,1,0,0,0,0,0,1,1,0,0,0,0,0,0,0,0,0,0,0,0,1,0,0,1,0,0,1,0,1,0,0,0,-0.019300080631202768,2.672221428047185e-4,0.24842613276144276
-2.1271398540300001e+018,10464069,0,0,0,0,0,1,0,0,0,0,0,1,1420,100,32,0,0,0,1,0,0,1,0,0,0,0,0,0,0,1,1,0,0,1,1,0,0,0,0,0,0,0,1,0,0,1,1,1,0,1,1,1,0,0,0,-0.017681896854215014,2.5677696608747674e-4,0.35790581134073457
-2.0841844932700001e+018,10463792,0,0,0,0,0,1,0,0,0,0,0,1,5160,100,30,0,0,1,0,0,0,1,0,0,0,0,0,0,0,0,0,0,0,0,0,0,0,0,0,0,0,0,0,0,0,0,1,0,1,1,0,1,0,1,0,-0.013384598891252738,3.93865511408938e-4,0.3254451430686556
-204814931612e7,80117526,1,0,0,0,0,0,0,0,0,0,1,0,620,100,49,0,0,1,0,0,0,0,0,1,0,0,0,0,0,1,1,0,1,0,1,0,0,0,0,0,0,0,0,0,0,0,1,1,1,0,0,1,0,0,0,-0.04106766883134174,1.5031374692269086e-4,0.19856332320549303
-194062076338e7,5524525,0,0,1,0,0,0,0,1,0,0,0,0,7300,80,55,0,0,1,0,0,0,0,0,1,0,0,0,0,0,1,1,1,1,0,0,0,0,0,0,0,0,0,0,0,1,0,0,1,0,0,0,1,0,0,0,-0.043957738707891214,2.736810967538074e-4,0.24068293231332485
-1.9387948468300001e+018,78135045,0,1,0,0,0,0,0,0,0,1,0,0,2480,100,22,0,0,0,1,0,0,0,0,0,0,0,1,0,0,1,1,1,0,1,0,0,0,0,0,0,0,0,1,0,0,0,1,1,1,1,0,1,0,0,0,-0.01273779764888766,4.551011672177406e-4,0.3279711059749353
-193698138098e7,3595819,0,0,1,0,0,0,1,0,0,0,0,0,550,100,34,0,0,1,0,0,0,1,0,0,0,0,0,0,0,1,1,0,0,1,1,0,0,0,0,0,0,0,1,0,0,0,1,1,0,1,1,1,0,0,1,-0.02269247598769552,1.961495092505289e-4,0.24814567693621226
-1.9124048749299999e+018,78133236,1,0,0,0,0,0,0,0,0,1,0,0,1130,100,36,0,0,1,0,0,0,1,0,0,0,0,0,0,0,0,1,1,1,1,1,0,0,0,0,0,0,0,1,0,1,0,0,0,1,1,0,1,0,0,0,-0.02327249939006333,2.699007893965578e-4,0.3658159626351295
-1.8538445886099999e+018,80117564,0,1,0,0,0,0,0,0,0,0,1,0,300,50,60,0.42857143,0,0,1,0,0,0,0,1,0,0,0,0,0,1,1,1,1,0,0,0,0,0,1,0,1,1,0,0,0,0,1,1,1,0,1,1,0,0,0,-0.04039182328487353,1.814075001188111e-4,0.21014612052872353
-1.8455498684899999e+018,78134051,0,1,0,0,0,0,0,0,0,1,0,0,790,100,57,0,0,1,0,0,0,0,0,1,0,0,0,0,0,1,1,0,0,0,0,0,0,0,0,0,0,0,0,0,0,0,0,0,1,1,0,1,0,0,0,-0.025270449499960063,6.575030801137518e-4,0.25840014582537324
-184435042792e7,3595421,0,0,1,0,0,0,1,0,0,0,0,0,910,100,43,0,1,1,0,0,0,1,0,0,0,0,0,0,0,0,1,0,0,0,0,0,0,0,0,0,0,0,1,0,0,0,0,0,1,1,0,1,0,0,0,-0.029621699819775166,1.7997663502364712e-4,0.2786283041837563
-1.8417786580499999e+018,10463522,0,0,0,1,0,0,0,0,0,0,0,1,1460,100,43,0,0,1,0,0,0,1,0,0,0,0,0,0,0,0,0,0,0,0,0,0,0,0,0,0,0,0,1,0,0,0,1,0,1,1,0,1,0,1,0,-0.016166930916217296,9.86303139115221e-5,0.32493576372375976
-1.7636234748499999e+018,80117355,1,0,0,0,0,0,0,0,0,0,1,0,2530,100,38,0,0,1,0,0,0,0,0,1,0,0,0,0,0,1,1,0,0,0,0,0,0,0,0,0,0,0,1,0,1,0,1,0,1,0,1,1,0,0,0,-0.03056106324761915,1.98103311876581e-4,0.21620560815961237
-173607086818e7,80117732,1,0,0,0,0,0,0,0,0,0,1,0,2240,100,25,0,0,1,0,0,0,0,1,0,0,0,0,0,0,1,1,1,0,1,0,0,0,0,0,0,0,0,1,0,0,0,1,1,1,1,0,1,0,0,0,-0.021816941492229278,1.4343348842403878e-4,0.2543237491975473
-170481406812e7,78134300,0,0,1,0,0,0,0,0,0,1,0,0,993.3333333333334,100,46,0.42857143,0,0,1,0,0,1,0,0,0,0,0,0,0,1,1,0,1,0,0,0,1,0,0,0,1,1,1,0,0,0,1,1,0,0,0,1,0,0,0,-0.03248090412194422,8.815410946890621e-5,0.24954138800513778
-1.6501016697500001e+018,78133930,0,0,0,0,1,0,0,0,0,1,0,0,3540,70,21,0.14285715,0,0,1,0,0,0,0,1,0,0,0,0,0,1,1,1,0,0,0,1,0,0,0,0,0,0,1,1,1,0,1,0,1,1,1,1,0,0,0,-0.016700117695913282,5.011063197571807e-4,0.2808243323844539
-164972961572e7,78132952,0,0,0,0,0,1,0,0,0,1,0,0,600,100,52,0,0,1,0,0,0,1,0,0,0,0,0,0,0,0,1,0,0,0,1,0,0,0,0,0,0,0,0,0,0,0,1,1,1,1,0,1,0,0,0,-0.023797222976586173,3.5569966883920403e-4,0.32003873748135026
-1.6274511256700001e+018,80117354,1,0,0,0,0,0,0,0,0,0,1,0,1170,100,34,0.71428573,0,1,0,0,0,1,0,0,0,0,0,0,0,1,1,1,1,0,1,0,1,0,1,1,1,1,1,0,0,0,0,1,1,1,0,1,0,0,0,-0.029520926505248384,3.381938779850691e-5,0.2121448837433682
-1.5997755437699999e+018,10463846,0,0,0,1,0,0,0,0,0,0,0,1,1260,100,54,0,0,0,0,1,0,1,0,0,0,0,0,0,0,0,0,0,0,1,0,0,0,0,0,0,0,0,0,0,0,0,1,1,1,0,0,1,0,0,0,-0.03125078477526462,2.480990518942891e-4,0.34402575615902453
-159312504404e7,10462567,0,0,1,0,0,0,0,0,0,0,0,1,330,100,51,0.14285715,0,1,0,0,0,1,0,0,0,0,0,0,0,0,1,0,1,0,0,0,0,1,0,0,0,0,1,1,0,0,1,1,1,1,1,1,0,1,0,-0.037412497648132516,1.9234647106688592e-4,0.2861175262786489
-1.5457963543500001e+018,3592382.5,0,0,1,0,0,0,1,0,0,0,0,0,1373.3333333333333,80,64,0.14285715,0,1,0,0,0,0,0,0,0,1,0,0,0,1,1,1,0,0,1,0,0,0,0,1,0,0,1,1,0,0,0,0,0,0,0,1,0,0,1,-0.04224283124790325,1.0720914855542855e-4,0.238689219042244
-1.5379365249699999e+018,78134213.5,0,0,0,0,0,1,0,0,0,1,0,0,3415,50,52,0.85714287,0,0,1,0,0,0,0,1,0,0,0,0,0,1,1,1,1,0,0,0,1,1,1,1,1,1,0,1,0,1,1,0,0,0,0,1,0,0,0,-0.030698648022612535,3.1340968559701325e-4,0.2651690827281029
-151177120668e7,5521298.5,0,0,0,0,1,0,0,1,0,0,0,0,1785,100,65,0.14285715,0,0,1,0,0,0,0,0,0,0,0,1,0,1,1,1,1,0,0,0,0,1,0,0,0,0,1,1,0,0,0,0,0,0,0,1,0,0,0,-0.04636774157198151,3.2858436258613075e-4,0.2339626422620172
-1.4527786631699999e+018,10463802,0,0,0,0,0,1,0,0,0,0,0,1,450,100,41,0,0,1,0,0,0,1,0,0,0,0,0,0,0,1,0,0,0,1,1,0,0,0,0,0,0,0,0,0,0,0,0,0,0,0,0,1,0,1,0,-0.0346730863850743,3.675171087942523e-4,0.3022143204123635
-1.4406356247900001e+018,78132536,1,0,0,0,0,0,0,0,0,1,0,0,330,50,51,0.71428573,0,1,0,0,0,0,0,1,0,0,0,0,0,1,1,0,1,0,0,0,1,1,1,1,1,0,1,1,0,0,1,1,1,1,1,1,0,0,0,-0.03154422722525565,2.5769745593229375e-4,0.33163069858254846
-1.4342671904700001e+018,42125583,0,1,0,0,0,0,0,0,1,0,0,0,100,100,50,0.2857143,0,1,0,0,0,1,0,0,0,0,0,0,0,0,1,1,0,1,1,0,0,1,0,0,1,0,1,0,0,0,0,1,1,1,0,1,0,0,0,-0.034350671957147756,1.9958982260332987e-4,0.3130744611133882
-1.3364380825900001e+018,78134067,0,1,0,0,0,0,0,0,0,1,0,0,2080,100,36,0,0,1,0,0,0,1,0,0,0,0,0,0,0,1,1,1,1,1,1,0,0,0,0,0,0,0,1,0,0,1,1,1,1,0,1,1,0,0,0,-0.029183950656183337,3.114855063325225e-4,0.27987664562429604
-1.3257887205500001e+018,78132953,0,0,0,0,0,1,0,0,0,1,0,0,1240,100,41,0,0,1,0,0,0,0,1,0,0,0,0,0,0,1,1,0,0,1,0,0,0,0,0,0,0,0,1,0,0,0,1,1,0,1,0,1,0,0,0,-0.018304240933207427,3.689566067680953e-4,0.2965616725847478
-1.3250199416099999e+018,42125377,0,1,0,0,0,0,0,0,1,0,0,0,640,100,58,0.2857143,0,0,0,1,0,0,1,0,0,0,0,0,0,1,1,1,1,0,1,0,1,1,0,0,0,0,0,0,0,0,0,0,0,1,1,1,0,0,0,-0.035919779186597105,2.775534178232734e-4,0.28259446107661806
-1.3081631353500001e+018,78135002.66666667,0,0,0,0,0,1,0,0,0,1,0,0,2130,100,24,0,0,1,0,0,0,0,1,0,0,0,0,0,0,1,1,1,1,0,0,0,0,0,0,0,0,0,0,0,0,0,0,1,1,1,1,1,0,0,0,-0.01900120467829234,3.348878488510027e-4,0.3160717636846327
-1293992234e9,42123849,0,0,0,1,0,0,0,0,1,0,0,0,770,100,38,0.42857143,1,0,0,1,0,0,0,1,0,0,0,0,0,1,0,0,1,0,0,1,0,0,0,1,0,1,0,1,0,0,1,0,0,1,0,1,0,0,0,-0.02453584739729332,1.4525905291090988e-4,0.2908553362239451
-1.2921641624099999e+018,78135029,0,0,0,0,0,1,0,0,0,1,0,0,620,80,40,0.14285715,0,1,0,0,0,1,0,0,0,0,0,0,0,0,1,1,0,0,0,0,0,0,0,1,0,0,1,0,0,0,0,1,1,1,0,1,0,0,0,-0.02359735451651704,3.308230898723969e-4,0.2845579426667069
-1.2842185849699999e+018,42123518,0,0,0,0,0,1,0,0,1,0,0,0,900,50,34,0,0,0,1,0,0,1,0,0,0,0,0,0,0,1,1,1,0,0,0,0,0,0,0,0,0,0,1,1,0,0,0,0,1,1,0,1,0,0,0,-0.015657151120752805,3.3888398913429693e-4,0.3059856140136743
-1.1887353433100001e+018,78136173,0,0,0,1,0,0,0,0,0,1,0,0,1060,100,27,0,0,1,0,0,0,0,0,1,0,0,0,0,0,1,1,0,0,0,0,0,0,0,0,0,0,0,1,0,0,0,1,1,1,1,0,1,0,0,0,-0.013184266837949921,3.9767788542726415e-4,0.28521217080078237
-1.1657106117299999e+018,78134172,0,0,0,0,1,0,0,0,0,1,0,0,450,100,24,0,0,0,1,0,0,1,0,0,0,0,0,0,0,1,1,1,0,0,0,0,0,0,0,0,0,0,1,0,0,0,0,1,1,1,0,1,0,1,0,-0.013923057598507446,5.189660367606625e-4,0.2910289692229529
-114888324133e7,80119010.5,0,0,0,0,1,0,0,0,0,0,1,0,1620,90,51,0,0,0,0,1,0,0,0,1,0,0,0,0,0,1,1,0,0,0,0,0,0,0,0,0,0,0,1,0,0,0,0,1,0,0,0,1,0,0,0,-0.04150572244471288,2.0861593589478953e-4,0.21764799875463386
-11032530359e8,5514265,0,0,0,0,1,0,0,1,0,0,0,0,2370,100,30,0.2857143,0,0,0,1,0,0,1,0,0,0,0,0,0,1,1,0,0,0,1,0,0,1,0,0,1,0,1,1,0,0,0,1,1,1,1,1,0,0,0,-0.025001802071733595,7.514907060698679e-5,0.2799207623365713
-109159728016e7,78133976,0,0,0,0,0,1,0,0,0,1,0,0,1740,90,36,0,0,0,1,0,0,0,0,1,0,0,0,0,0,1,1,0,0,0,0,0,0,0,0,0,0,0,1,0,0,0,1,1,0,0,0,1,0,0,0,-0.022859945514212353,2.9465297935241905e-4,0.27464240363971526
-100035737795e7,80115989,1,0,0,0,0,0,0,0,0,0,1,0,230,100,36,0,0,1,0,0,0,0,0,1,0,0,0,0,0,1,1,1,0,0,1,0,0,0,0,0,0,0,1,0,0,0,1,0,1,0,0,1,0,0,0,-0.039841828770745234,1.486356101644655e-4,0.20740576573312286
-9.7847276055100006e+017,42125385,0,1,0,0,0,0,0,0,1,0,0,0,5480,100,43,0,0,0,0,1,0,0,1,0,0,0,0,0,0,0,1,0,0,0,0,0,0,0,0,0,0,0,1,0,0,1,0,1,0,0,0,1,0,0,0,-0.03814367429033478,1.8562700584718046e-4,0.27229426393335354
-9.7542696205299994e+017,80117740,1,0,0,0,0,0,0,0,0,0,1,0,150,100,50,0.2857143,0,1,0,0,0,1,0,0,0,0,0,0,0,1,1,0,0,1,0,1,0,1,0,0,0,0,0,1,0,0,0,1,1,0,0,1,0,0,0,-0.045584235512345785,1.7221212735115424e-4,0.2214458946374302
-953487374566e6,80117483,0,0,0,0,1,0,0,0,0,0,1,0,3120,100,33,0.14285715,0,1,0,0,0,1,0,0,0,0,0,0,0,0,1,0,0,1,1,0,0,1,0,0,0,0,1,1,0,0,0,1,0,0,0,1,0,0,0,-0.038090354466020854,5.714317450859776e-5,0.25727870474477665
-9.0555926368700006e+017,42123506,0,0,0,1,0,0,0,0,1,0,0,0,730,100,43,0,0,0,1,0,0,0,0,1,0,0,0,0,0,1,0,0,0,0,0,0,0,0,0,0,0,0,0,0,0,0,1,0,1,1,0,1,0,1,0,-0.01377176961674804,1.829223419273451e-4,0.31410300429030347
-85767319169e7,5514569,0,0,1,0,0,0,0,1,0,0,0,0,1730,100,52,0,0,0,0,1,0,0,0,1,0,0,0,0,0,1,0,0,0,0,0,0,0,0,0,0,0,0,1,1,1,0,0,1,1,1,0,1,0,0,0,-0.031233274091417317,1.77854179267217e-4,0.2663405919228084
-8.5747056205500006e+017,5522753.5,0,0,0,0,1,0,0,1,0,0,0,0,6515,100,48,0,0,1,0,0,0,1,0,0,0,0,0,0,0,0,1,0,0,1,0,0,0,0,0,0,0,0,1,0,0,0,1,1,0,0,1,1,0,0,0,-0.036911167780896766,1.2327722261202867e-4,0.24808418988976505
-835165713352e6,5524602,0,0,0,0,0,1,0,1,0,0,0,0,400,100,57,0,0,1,0,0,0,0,1,0,0,0,0,0,0,1,1,1,1,1,1,0,0,0,0,0,0,0,0,1,0,1,1,1,1,0,1,1,0,1,0,-0.03885880643253395,5.079472583352946e-4,0.26205445692321755
-705580624668e6,10463781,0,0,0,0,1,0,0,0,0,0,0,1,1500,100,30,0,0,1,0,0,0,0,1,0,0,0,0,0,0,0,1,1,1,0,1,0,0,0,0,0,0,0,1,0,0,0,1,1,1,1,0,1,0,1,0,-0.021704535433950567,1.579796362412532e-4,0.3030093504347344
-665968121134e6,42126036,0,0,0,1,0,0,0,0,1,0,0,0,770,90,52,0.14285715,0,1,0,0,0,0,1,0,0,0,0,0,0,0,1,0,0,1,0,0,0,0,0,0,1,0,1,1,0,0,1,1,1,1,0,1,0,0,0,-0.02559838628685484,2.0148364615880295e-4,0.31277257711256634
-5.9533854520099994e+017,80117364,1,0,0,0,0,0,0,0,0,0,1,0,430,100,18,0,0,0,1,0,0,0,0,0,0,0,1,0,0,1,1,1,0,0,0,0,0,0,0,0,0,0,1,0,0,0,0,1,1,0,0,1,0,0,0,-0.032002258219102665,3.0116542439058837e-4,0.25713250693367773
-54838464855e7,78133110,0,0,0,1,0,0,0,0,0,1,0,0,580,100,53,0,0,0,1,0,0,1,0,0,0,0,0,0,0,1,1,0,0,0,0,0,0,0,0,0,0,0,1,0,0,0,1,1,1,1,0,1,0,0,0,-0.022298602078521284,5.146288684843862e-4,0.30512826413240285
-539575727562e6,80117844,0,0,0,1,0,0,0,0,0,0,1,0,510,100,30,0,0,1,0,0,0,1,0,0,0,0,0,0,0,1,0,1,1,0,0,0,0,0,0,0,0,0,0,0,0,0,1,1,0,0,1,1,0,0,0,-0.036196309339589075,2.737385694823724e-4,0.22414991215986108
-449673066163e6,78134645,0,1,0,0,0,0,0,0,0,1,0,0,2150,80,18,0,0,0,1,0,0,0,1,0,0,0,0,0,0,0,0,1,1,0,1,0,0,0,0,0,0,0,1,0,0,0,1,1,1,1,0,1,0,1,0,-0.01576845113703136,1.6448967885246093e-4,0.3360454660099018
-376245581438e6,5524176.5,0,0,0,0,0,1,0,1,0,0,0,0,1150,100,43,0,0,0,0,0,1,1,0,0,0,0,0,0,0,1,1,0,0,0,0,0,0,0,0,0,0,0,1,0,0,0,1,1,1,0,0,1,0,1,0,-0.027101373877610017,4.216843154707569e-4,0.2963965347943206
-335435970217e6,80116016,0,1,0,0,0,0,0,0,0,0,1,0,6420,100,32,0.14285715,0,1,0,0,0,0,1,0,0,0,0,0,0,0,1,1,0,0,0,0,0,0,0,0,1,0,1,1,0,0,1,0,0,0,0,1,0,0,0,-0.03612759303519461,1.2105833983264115e-4,0.2659616891826633
-326959482638e6,78133105,0,0,0,1,0,0,0,0,0,1,0,0,2300,100,51,0,0,0,0,1,0,0,0,1,0,0,0,0,0,1,1,0,0,0,0,0,0,0,0,0,0,0,1,0,0,0,1,1,0,0,0,1,0,0,0,-0.03306013798453737,1.6001878839007154e-4,0.24523249756516913
-252003987085e6,5524171,0,0,0,0,0,1,0,1,0,0,0,0,1140,100,38,0,1,0,1,0,0,1,0,0,0,0,0,0,0,0,1,0,0,0,0,0,0,0,0,0,0,0,0,0,0,0,0,1,1,1,0,1,0,1,0,-0.01595127867378652,3.659774209722714e-4,0.2903900956255207
-117293114214e6,5524256,0,0,1,0,0,0,0,1,0,0,0,0,1280,100,47,0,0,0,1,0,0,1,0,0,0,0,0,0,0,1,1,0,0,1,0,0,0,0,0,0,0,0,1,0,1,0,1,0,1,1,0,1,0,0,0,-0.016986102044974163,3.879061575058628e-4,0.29077243686624815
-910526482925e5,5520267.5,0,0,0,0,1,0,0,1,0,0,0,0,5355,70,50,0,0,1,0,0,0,0,1,0,0,0,0,0,0,1,1,1,0,1,0,0,0,0,0,0,0,0,1,1,0,0,1,1,1,1,1,1,0,0,0,-0.030228843214475044,1.1222134980381761e-4,0.2729393866462581
-4758328313979672,80118658,0,0,0,1,0,0,0,0,0,0,1,0,2370,80,25,0,0,1,0,0,0,1,0,0,0,0,0,0,0,1,1,0,0,1,0,0,0,0,0,0,0,0,1,0,0,0,1,1,0,1,0,1,0,0,0,-0.024204292925476392,3.703631452048049e-4,0.2808309246043736
19190884118e6,3594067,0,0,0,1,0,0,1,0,0,0,0,0,730,75,32,0.14285715,1,1,0,0,0,1,0,0,0,0,0,0,0,1,0,0,0,0,0,1,0,0,0,0,0,0,0,0,0,0,1,1,0,0,0,1,0,0,0,-0.03527414574294673,6.020555251603402e-4,0.2755071495536959
678067521288e5,78133135.5,0,0,0,1,0,0,0,0,0,1,0,0,2620,100,46,0.2857143,0,0,1,0,0,1,0,0,0,0,0,0,0,1,1,0,0,0,0,0,1,0,0,0,1,0,0,1,0,0,1,0,1,1,0,1,0,0,0,-0.015927720682589765,3.4352718021502904e-4,0.2790427100993745
105564555422e6,3594110,0,0,0,0,1,0,1,0,0,0,0,0,4420,100,43,0,0,0,1,0,0,1,0,0,0,0,0,0,0,0,1,0,1,0,1,0,0,0,0,0,0,0,1,0,0,1,0,1,0,0,1,1,0,0,0,-0.03869635420249974,3.1826851880039107e-4,0.2523969748444603
108834622252e6,78135058,0,1,0,0,0,0,0,0,0,1,0,0,770,100,66,0.5714286,0,0,1,0,0,0,0,0,0,1,0,0,0,1,1,1,1,1,0,0,1,0,1,1,0,1,1,0,1,0,1,1,0,0,0,1,0,0,0,-0.03750945421806128,3.6794277870631526e-4,0.24407530735939206
20099711278e7,80115935,0,1,0,0,0,0,0,0,0,0,1,0,990,100,50,0,0,1,0,0,0,1,0,0,0,0,0,0,0,0,1,0,1,0,0,0,0,0,0,0,0,0,1,0,0,0,0,0,1,0,1,1,0,0,0,-0.036695839246892493,3.1440755994943204e-4,0.22950547511254524
257693130894e6,78136163,0,0,0,1,0,0,0,0,0,1,0,0,2013.3333333333333,100,52,0,0,1,0,0,0,0,0,1,0,0,0,0,0,1,1,0,0,1,0,0,0,0,0,0,0,0,1,1,0,0,0,1,1,1,0,1,0,0,0,-0.025195109635740422,3.152483829813157e-4,0.2665064213851327
279650694577e6,42123832,0,0,0,1,0,0,0,0,1,0,0,0,10610,100,41,0,0,1,0,0,0,0,0,1,0,0,0,0,0,0,1,0,0,0,0,0,0,0,0,0,0,0,0,0,1,0,1,0,0,1,1,1,0,0,0,-0.028138032868745208,1.7256319053779142e-4,0.2925955928765534
331963423288e6,80117081,0,0,0,0,1,0,0,0,0,0,1,0,440,100,25,0,0,0,1,0,0,1,0,0,0,0,0,0,0,1,0,0,0,1,0,0,0,0,0,0,0,0,1,0,0,0,1,0,0,0,0,1,0,1,0,-0.01943408504569593,3.5267114501134737e-4,0.24318360976142456
375459713954e6,10464022,0,1,0,0,0,0,0,0,0,0,0,1,6820,90,28,0.2857143,0,1,0,0,0,1,0,0,0,0,0,0,0,1,1,0,0,1,0,1,0,0,0,0,1,0,1,1,0,0,1,1,0,1,0,1,0,0,0,-0.0249455004746008,4.5992723639975985e-4,0.3207891609573059
416150571789e6,3595418,0,0,1,0,0,0,1,0,0,0,0,0,1430,100,41,0.42857143,0,0,0,1,0,0,0,1,0,0,0,0,0,1,1,1,0,0,0,0,0,0,1,1,1,0,1,1,0,0,1,1,0,0,1,1,0,0,0,-0.04330125312691572,3.047680841247598e-4,0.21709204073646862
440605693847e6,5521309,0,0,0,0,1,0,0,1,0,0,0,0,3460,100,57,0,0,0,1,0,0,0,0,1,0,0,0,0,0,1,1,0,0,1,0,0,0,0,0,0,0,0,0,0,0,0,1,1,1,0,0,1,0,0,1,-0.023552291673085812,2.672300161808148e-4,0.24731126893007435
551289390979e6,10462031,0,0,0,1,0,0,0,0,0,0,0,1,470,90,43,0,0,1,0,0,0,1,0,0,0,0,0,0,0,1,1,0,0,0,1,0,0,0,0,0,0,0,0,0,0,1,0,1,1,1,1,1,0,0,0,-0.034626049776848335,7.240928100226659e-5,0.30906868038211655
577427621028e6,80116973,1,0,0,0,0,0,0,0,0,0,1,0,5230,100,76,0,0,0,0,0,1,0,0,1,0,0,0,0,0,1,1,0,0,0,0,0,0,0,0,0,0,0,0,1,0,0,1,0,1,1,0,1,0,0,0,-0.036407504238173315,2.849484764866792e-4,0.2411173916777183
6.7262180019100006e+017,5523029.5,0,0,1,0,0,0,0,1,0,0,0,0,14320,90,52,0,1,1,0,0,0,0,1,0,0,0,0,0,0,0,1,0,0,0,0,0,0,0,0,0,0,0,1,0,0,0,1,0,0,0,0,1,0,0,0,-0.039953001684107675,3.422223550235552e-4,0.266628180136607
696197397668e6,10463501,1,0,0,0,0,0,0,0,0,0,0,1,2080,100,39,0,0,1,0,0,0,1,0,0,0,0,0,0,0,0,1,0,1,1,1,0,0,0,0,0,0,0,1,1,0,0,1,1,0,0,0,1,0,1,0,-0.037010253845890406,6.054012464145804e-5,0.35500652042606523
696613641896e6,10462517,0,0,0,0,1,0,0,0,0,0,0,1,2080,70,40,0.14285715,0,0,1,0,0,1,0,0,0,0,0,0,0,0,1,1,1,1,1,0,0,1,0,0,0,0,1,0,0,0,1,1,1,1,0,1,0,0,0,-0.023219808806221435,2.2079956887067543e-4,0.3320608084861483
715034679268e6,10463949,0,0,0,0,0,1,0,0,0,0,0,1,3360,80,47,0,0,1,0,0,0,1,0,0,0,0,0,0,0,1,1,0,0,1,0,0,0,0,0,0,0,0,1,0,0,0,1,1,0,0,0,1,0,1,0,-0.03223279850921743,4.0757551511238273e-4,0.3709212832456724
839055596248e6,10463090,0,0,0,1,0,0,0,0,0,0,0,1,770,100,39,0,0,1,0,0,0,1,0,0,0,0,0,0,0,0,0,0,1,1,1,0,0,0,0,0,0,0,1,0,0,0,1,0,1,1,0,1,0,0,0,-0.019941364798765383,5.793085414244141e-4,0.3486652398227268
104087932704e7,78133128,0,0,0,1,0,0,0,0,0,1,0,0,1040,100,38,0,0,0,1,0,0,1,0,0,0,0,0,0,0,1,1,0,0,1,0,0,0,0,0,0,0,0,1,1,0,0,0,0,0,0,0,1,0,0,0,-0.024397393366878472,2.2453890383086658e-4,0.2673123015390412
110065132223e7,42125165,0,0,0,0,1,0,0,0,1,0,0,0,1206.6666666666667,100,46,0.2857143,0,0,1,0,0,1,0,0,0,0,0,0,0,1,0,0,0,0,1,0,0,1,0,0,1,0,1,0,0,0,1,0,1,1,1,1,0,1,0,-0.014842876522458082,6.947186900826995e-5,0.3057406114373779
114616641915e7,78134158,0,0,0,0,1,0,0,0,0,1,0,0,290,100,53,1,0,1,0,0,0,0,0,0,1,0,0,0,0,0,1,0,1,0,0,1,1,1,1,1,1,1,1,1,0,0,1,0,1,1,0,1,0,1,0,-0.03277713974125084,2.4611582968864915e-4,0.23415115731379504
118122462744e7,10463500,1,0,0,0,0,0,0,0,0,0,0,1,1060,100,22,0,0,0,1,0,0,1,0,0,0,0,0,0,0,1,0,1,1,0,1,0,0,0,0,0,0,0,1,0,0,0,1,0,1,1,0,1,0,1,0,-0.010768373944397048,3.6861572747090446e-4,0.37213771284350683
118131125952e7,78133130,0,0,0,1,0,0,0,0,0,1,0,0,1770,100,30,0.14285715,0,1,0,0,0,1,0,0,0,0,0,0,0,0,0,0,0,0,1,1,0,0,0,0,0,0,1,0,0,0,1,1,0,1,0,1,0,0,0,-0.01899054224403056,3.879944681940839e-4,0.3133489078320618
1.1891089786499999e+018,78135036,0,1,0,0,0,0,0,0,0,1,0,0,6310,100,42,0,0,1,0,0,0,1,0,0,0,0,0,0,0,1,1,1,0,1,0,0,0,0,0,0,0,0,1,1,0,0,1,0,0,1,0,1,0,0,0,-0.02323064022417675,4.7008402684653477e-4,0.2625076696692683
121525657072e7,3591025,0,0,0,0,0,1,1,0,0,0,0,0,1634.4444444444443,100,38,0,0,1,0,0,0,0,1,0,0,0,0,0,0,1,1,0,0,1,1,0,0,0,0,0,0,0,0,0,1,0,1,0,0,0,1,1,0,0,0,-0.03127058616652708,2.742985910191753e-4,0.28995917737698795
1.2270479259299999e+018,5522844,0,1,0,0,0,0,0,1,0,0,0,0,1760,100,35,0,0,1,0,0,0,1,0,0,0,0,0,0,0,1,1,0,0,1,1,0,0,0,0,0,0,0,1,0,1,0,1,1,1,0,0,1,0,1,0,-0.028384073907010816,2.044928390281224e-4,0.2678145210217014
1.2601310811900001e+018,5523031,0,0,1,0,0,0,0,1,0,0,0,0,4230,50,31,0.2857143,0,1,0,0,0,0,0,1,0,0,0,0,0,1,1,0,1,0,1,0,0,0,1,0,0,1,0,1,1,0,1,1,1,1,1,1,0,0,0,-0.028450455610095016,2.4290275844152752e-4,0.24825203579724653
1.2607134339100001e+018,10463519,0,1,0,0,0,0,0,0,0,0,0,1,2350,100,41,0,0,0,1,0,0,0,1,0,0,0,0,0,0,0,1,0,0,0,0,0,0,0,0,0,0,0,1,0,0,0,1,1,0,0,0,1,0,0,0,-0.03188730427724843,4.196461758640368e-5,0.32204523084598063
1.3719260740700001e+018,10463847,0,0,0,1,0,0,0,0,0,0,0,1,690,100,19,0,1,0,1,0,0,0,1,0,0,0,0,0,0,1,0,0,0,0,0,0,0,0,0,0,0,0,1,0,1,0,0,0,0,0,1,1,0,0,0,-0.022309048546332026,3.2657212129206766e-4,0.34915506326874596
1.4502290105500001e+018,42124650,0,0,0,1,0,0,0,0,1,0,0,0,1710,90,47,0,0,1,0,0,0,0,0,1,0,0,0,0,0,1,1,0,1,1,1,0,0,0,0,0,0,0,1,0,0,0,0,0,1,0,0,1,0,1,0,-0.038081687644951,2.8525187194751304e-4,0.2810761997178369
15252658004e8,80116006,0,1,0,0,0,0,0,0,0,0,1,0,1160,100,33,0.14285715,0,1,0,0,0,0,0,1,0,0,0,0,0,1,1,0,0,1,1,0,0,0,0,0,1,0,1,0,0,1,1,1,1,1,0,1,0,0,0,-0.02192968849995076,7.082112758884622e-5,0.2487832849295263
1.5319652197299999e+018,42123994,0,1,0,0,0,0,0,0,1,0,0,0,920,100,67,0.2857143,0,0,1,0,0,0,0,0,0,1,0,0,0,1,1,0,0,0,1,0,0,0,1,0,1,0,1,0,0,0,1,0,1,1,0,1,0,0,0,-0.025243884826147665,3.3340443202123355e-4,0.3002289783973014
1.5369217118499999e+018,80119008,0,0,0,0,1,0,0,0,0,0,1,0,780,50,32,0,0,1,0,0,0,0,0,0,0,1,0,0,0,1,0,0,0,0,0,0,0,0,0,0,0,0,0,0,1,0,0,0,1,0,0,1,0,0,0,-0.031198964427889716,3.026115700600543e-4,0.2370691749415222
166209857346e7,80118659,0,0,0,1,0,0,0,0,0,0,1,0,4820,100,51,0.2857143,0,1,0,0,0,0,0,1,0,0,0,0,0,1,1,1,1,0,1,0,0,0,1,0,0,1,0,0,0,0,0,1,0,0,0,1,0,0,0,-0.04265868282320442,1.6991257045355994e-4,0.22745431996916501
16787712451e8,3592049,1,0,0,0,0,0,1,0,0,0,0,0,5310,90,37,0.2857143,0,1,0,0,0,0,0,1,0,0,0,0,0,1,1,0,1,0,0,0,0,1,0,1,0,0,1,0,0,0,0,1,1,1,0,1,0,1,0,-0.031883640720279625,1.3708095456733193e-4,0.3231386250543106
170345522334e7,42126040,0,0,0,1,0,0,0,0,1,0,0,0,2180,90,59,0,0,1,0,0,0,1,0,0,0,0,0,0,0,0,0,0,0,0,1,0,0,0,0,0,0,0,0,0,0,0,0,0,1,1,1,1,0,0,0,-0.029426997589487414,2.3143617459343968e-4,0.32798044068647864
172355209478e7,10462503,0,0,0,0,1,0,0,0,0,0,0,1,1500,90,31,0,0,1,0,0,0,1,0,0,0,0,0,0,0,1,1,0,0,0,1,0,0,0,0,0,0,0,0,0,0,0,1,0,0,0,0,1,0,0,0,-0.03441080131820115,3.1959104358243674e-4,0.3160598004337525
172860827938e7,3591951,0,0,0,0,1,0,1,0,0,0,0,0,1530,100,40,0,0,1,0,0,0,1,0,0,0,0,0,0,0,1,1,1,1,0,1,0,0,0,0,0,0,0,1,1,0,0,1,1,0,0,0,1,0,0,0,-0.04654699433593216,3.362923609828879e-4,0.23115148422237086
1.7687798844099999e+018,10463945,0,0,0,0,1,0,0,0,0,0,0,1,440,100,60,1,0,0,1,0,0,1,0,0,0,0,0,0,0,1,1,0,1,0,1,1,1,1,1,1,1,1,0,1,0,1,0,1,1,0,0,1,0,0,0,-0.046487639986367645,3.1612548399728555e-4,0.2679118050645001
1.8072350479900001e+018,42124525,0,1,0,0,0,0,0,0,1,0,0,0,5440,80,52,0,0,0,0,1,0,1,0,0,0,0,0,0,0,1,1,1,1,0,0,0,0,0,0,0,0,0,0,1,0,0,1,0,1,1,1,1,0,0,0,-0.03059233092310625,2.3273107506780328e-4,0.2708925129246763
183506956614e7,42125198,0,0,0,0,0,1,0,0,1,0,0,0,980,50,26,0.14285715,0,1,0,0,0,0,0,0,0,0,1,0,0,1,1,0,0,0,0,0,0,0,1,0,0,0,1,0,1,0,0,0,0,1,0,1,0,0,0,-0.019642137475731916,4.287949889460926e-4,0.31020563060882494
197665121186e7,78135047,0,1,0,0,0,0,0,0,0,1,0,0,2220,50,64,0,1,0,0,1,0,0,0,1,0,0,0,0,0,1,1,1,0,0,0,0,0,0,0,0,0,0,0,1,0,0,1,1,1,1,0,1,0,0,0,-0.03350078439722563,8.120131546804777e-5,0.2545106390466375
2.0110023277900001e+018,42126557,0,0,0,1,0,0,0,0,1,0,0,0,710,100,23,0.14285715,0,1,0,0,0,0,0,1,0,0,0,0,0,1,0,0,0,0,0,0,0,1,0,0,0,0,0,0,0,0,0,1,1,1,0,1,0,0,0,-0.02094300951740475,9.742378964691184e-5,0.3337175458163646
2.0134262344300001e+018,42124645,0,0,1,0,0,0,0,0,1,0,0,0,1760,100,42,0.14285715,0,0,1,0,0,1,0,0,0,0,0,0,0,1,1,0,0,1,1,0,0,1,0,0,0,0,1,0,0,0,1,0,0,1,0,1,0,1,0,-0.020117120518833072,3.5678913580220655e-4,0.26736948921003145
2.0584489579299999e+018,10463084,0,0,0,1,0,0,0,0,0,0,0,1,2440,50,64,0,0,1,0,0,0,1,0,0,0,0,0,0,0,0,1,0,0,0,0,0,0,0,0,0,0,0,0,0,0,0,1,0,1,1,0,1,0,0,0,-0.02595389766178678,3.959660657974034e-4,0.3273887826332434
206670398362e7,3595969,0,0,0,0,0,1,1,0,0,0,0,0,5070,100,36,0,0,1,0,0,0,1,0,0,0,0,0,0,0,0,1,1,1,0,0,0,0,0,0,0,0,0,1,0,1,0,1,0,0,0,1,1,0,0,0,-0.034576916375374626,3.21626913360827e-4,0.2718445402987158
207662632784e7,42123819,0,0,1,0,0,0,0,0,1,0,0,0,2003.3333333333333,95,45,0.71428573,0,0,1,0,0,1,0,0,0,0,0,0,0,1,1,0,0,0,0,1,1,0,1,1,1,0,0,1,0,1,1,1,0,0,1,1,0,0,0,-0.033492139746152436,1.4230043968887053e-4,0.2630025628628394
209140039798e7,42125852,0,1,0,0,0,0,0,0,1,0,0,0,760,100,29,0.14285715,0,0,1,0,0,1,0,0,0,0,0,0,0,0,1,1,0,1,0,1,0,0,0,0,0,0,1,0,1,0,1,1,0,0,0,1,0,0,0,-0.018157396490541104,4.035168628084937e-4,0.26719583738030983
2.1008926296899999e+018,80118391,1,0,0,0,0,0,0,0,0,0,1,0,2030,60,58,0.5714286,0,1,0,0,0,0,0,1,0,0,0,0,0,1,0,1,1,0,0,0,0,0,1,1,1,1,0,1,0,0,0,1,0,1,0,1,0,0,0,-0.038119091197338924,1.904477629862627e-4,0.22284063460653783
21481859655e8,10462799,1,0,0,0,0,0,0,0,0,0,0,1,3580,100,38,0,0,1,0,0,0,1,0,0,0,0,0,0,0,0,1,1,0,1,1,0,0,0,0,0,0,0,1,0,1,0,1,1,0,0,1,1,0,1,0,-0.03473715598457675,8.776801064009737e-5,0.36521856797469926
214845096016e7,42125810.5,1,0,0,0,0,0,0,0,1,0,0,0,895,80,41,0.14285715,0,1,0,0,0,0,0,1,0,0,0,0,0,1,1,0,0,0,1,0,0,1,0,0,0,0,0,0,0,0,0,1,0,0,0,1,0,1,0,-0.04378381164321911,1.8623025061731605e-4,0.3476761825559636
2.1644991791699999e+018,5523032,0,0,1,0,0,0,0,1,0,0,0,0,2120,50,31,0.2857143,0,1,0,0,0,0,0,1,0,0,0,0,0,1,1,0,1,0,1,0,0,0,1,0,0,1,0,1,1,0,1,1,1,1,1,1,0,0,0,-0.027966057687505864,1.3473291782273352e-4,0.23999078316548023
21783492639e8,3595960,0,0,0,0,0,1,1,0,0,0,0,0,1130,100,19,0,1,0,1,0,0,1,0,0,0,0,0,0,0,0,0,0,0,0,0,0,0,0,0,0,0,0,0,0,0,0,1,0,1,1,0,1,0,0,0,-0.00856559129995586,7.505815543983357e-4,0.3702417105667103
2.1839848020499999e+018,10463950,0,0,0,0,0,1,0,0,0,0,0,1,3430,80,47,0,0,1,0,0,0,1,0,0,0,0,0,0,0,1,1,0,0,1,0,0,0,0,0,0,0,0,1,0,0,0,1,1,0,0,0,1,0,1,0,-0.036491494723044506,5.230906116265706e-4,0.3724402792130254
221116507938e7,10463462,0,0,0,1,0,0,0,0,0,0,0,1,610,70,18,0,0,0,1,0,0,1,0,0,0,0,0,0,0,1,1,0,1,1,1,0,0,0,0,0,0,0,0,0,0,0,1,0,0,1,0,1,0,1,0,-0.018734153002789675,2.644267936753705e-4,0.340423752862174
232630070323e7,78134585,0,0,0,0,0,1,0,0,0,1,0,0,510,90,45,0,0,1,0,0,0,1,0,0,0,0,0,0,0,1,1,0,0,1,1,0,0,0,0,0,0,0,1,0,0,0,0,0,1,1,0,1,0,1,0,-0.018954824418006902,6.664602458392835e-4,0.2867588644302319
2.3669941351800003e+018,80117832,0,0,0,1,0,0,0,0,0,0,1,0,720,100,29,0,0,0,1,0,0,0,1,0,0,0,0,0,0,1,1,0,0,1,0,0,0,0,0,0,0,0,1,0,0,0,1,1,1,1,1,1,0,0,0,-0.0093504887121463,7.608033147684536e-4,0.2635849680262894
2.3825653914599997e+018,78133065,0,0,1,0,0,0,0,0,0,1,0,0,510,100,21,0,0,0,1,0,0,0,0,0,0,0,1,0,0,1,0,0,0,0,0,0,0,0,0,0,0,0,1,0,0,0,0,0,1,1,0,1,0,1,0,-0.011818462116711465,3.763053938985696e-4,0.32150886313891713
243284464399e7,10463896,0,1,0,0,0,0,0,0,0,0,0,1,530,90,45,0.14285715,0,1,0,0,0,1,0,0,0,0,0,0,0,1,1,1,1,1,1,1,0,0,0,0,0,0,1,0,0,0,1,1,0,0,0,1,0,0,0,-0.04582753274564694,1.6541104060591188e-4,0.29680838999958625
2.4654306900999997e+018,80119001,0,0,0,0,1,0,0,0,0,0,1,0,600,100,52,0,0,0,1,0,0,1,0,0,0,0,0,0,0,1,1,0,0,0,1,0,0,0,0,0,0,0,0,1,1,0,1,0,0,0,0,1,0,0,0,-0.04212597706715166,5.189602787567462e-4,0.22020253793101094
24865065058e8,78134371,0,0,0,0,1,0,0,0,0,1,0,0,6100,100,35,0,0,0,1,0,0,1,0,0,0,0,0,0,0,1,1,1,1,1,0,0,0,0,0,0,0,0,1,1,0,0,0,0,1,1,0,1,0,0,0,-0.020209149852542036,5.656833861728611e-4,0.27187113033235444
2.6156850095399997e+018,3592027,1,0,0,0,0,0,1,0,0,0,0,0,380,90,55,0,0,0,1,0,0,0,1,0,0,0,0,0,0,1,1,0,0,0,1,0,0,0,0,0,0,0,0,0,0,0,1,1,1,1,1,1,0,1,0,-0.036380253647806844,8.937202963511118e-5,0.3714204015637686
262652186935e7,10463458,0,0,0,1,0,0,0,0,0,0,0,1,1260,100,45,0,0,1,0,0,0,1,0,0,0,0,0,0,0,0,0,0,0,0,0,0,0,0,0,0,0,0,0,0,0,0,1,1,1,1,0,1,0,1,0,-0.022816225025409455,7.661103026791505e-5,0.32627781717180104
2.7058856331000003e+018,42123840,0,0,0,1,0,0,0,0,1,0,0,0,1060,80,26,0,0,0,1,0,0,1,0,0,0,0,0,0,0,1,1,1,0,0,1,0,0,0,0,0,0,0,1,0,0,0,1,1,0,1,0,1,0,0,0,-0.02360630680873569,1.4910444323123074e-4,0.32956882047916974
273057763251e7,78134304,0,0,1,0,0,0,0,0,0,1,0,0,2900,100,61,0,0,1,0,0,0,0,1,0,0,0,0,0,0,0,1,0,0,0,0,0,0,0,0,0,0,0,0,0,0,0,0,0,0,0,0,1,0,0,0,-0.03957864343672416,3.058431086759909e-4,0.2730917942693859
27620140638e8,10463783,0,0,0,0,1,0,0,0,0,0,0,1,1240,100,37,0,0,0,0,1,0,1,0,0,0,0,0,0,0,0,1,1,1,0,1,0,0,0,0,0,0,0,1,0,0,0,0,0,1,1,1,1,0,1,0,-0.023009392661342144,2.4424135909455956e-4,0.27761086424476394
2.7693394994200003e+018,80117566,0,1,0,0,0,0,0,0,0,0,1,0,630,100,20,0.5714286,0,1,0,0,0,0,1,0,0,0,0,0,0,0,1,1,1,1,0,0,0,1,1,1,1,0,1,1,0,0,1,1,0,0,0,1,0,0,0,-0.03177996618681688,1.0039579372305292e-4,0.2562417975695868
279405504176e7,78134386,0,0,0,0,0,1,0,0,0,1,0,0,1770,100,38,0,0,0,1,0,0,0,1,0,0,0,0,0,0,0,1,0,1,0,1,0,0,0,0,0,0,0,1,0,0,0,0,1,0,1,0,1,0,1,0,-0.02008172499719419,2.7146131941009215e-4,0.2864087926338913
2.9561244272999997e+018,78134324,0,0,1,0,0,0,0,0,0,1,0,0,600,50,46,0,0,1,0,0,0,0,0,1,0,0,0,0,0,1,1,0,0,0,0,0,0,0,0,0,0,0,0,0,0,0,0,1,0,0,0,1,0,0,0,-0.04090042788344424,3.4303151757116235e-4,0.2520754064176199
2.9872075484999997e+018,10463232,0,0,0,1,0,0,0,0,0,0,0,1,910,90,26,0,0,1,0,0,0,1,0,0,0,0,0,0,0,0,1,0,0,0,1,0,0,0,0,0,0,0,1,0,0,0,0,0,0,0,0,1,0,0,0,-0.03272604816994662,6.473479359355231e-4,0.31301596445949587
303814791308e7,78133925.5,0,0,0,0,1,0,0,0,0,1,0,0,2050,100,46,0,0,1,0,0,0,0,1,0,0,0,0,0,0,0,1,0,0,0,0,0,0,0,0,0,0,0,0,0,0,0,1,0,0,1,0,1,0,0,0,-0.022786711040676626,5.5227723981152045e-5,0.27722058550380996
306245242715e7,10463214,0,0,0,1,0,0,0,0,0,0,0,1,1420,100,45,0,0,0,1,0,0,1,0,0,0,0,0,0,0,1,1,1,1,0,1,0,0,0,0,0,0,0,1,0,0,0,1,1,0,0,0,1,0,0,0,-0.03617662094523311,9.170951752613082e-5,0.3153398535073923
30808419958e8,80117431,0,0,0,1,0,0,0,0,0,0,1,0,3200,100,23,0.42857143,0,0,1,0,0,0,1,0,0,0,0,0,0,1,1,0,1,1,1,0,0,1,0,1,1,0,0,0,0,0,1,1,0,0,1,1,0,1,0,-0.03032151863606079,3.0817630083451497e-4,0.2561481995608046
310722439991e7,42123484,0,0,0,1,0,0,0,0,1,0,0,0,1170,100,54,0.2857143,0,0,0,1,0,1,0,0,0,0,0,0,0,0,1,1,0,0,1,1,0,0,0,1,0,0,0,0,0,1,0,1,1,1,1,1,0,1,0,-0.02951011603914425,1.229701217326671e-4,0.2903770395433523
313125922041e7,42122481,1,0,0,0,0,0,0,0,1,0,0,0,1390,100,59,0,0,1,0,0,0,1,0,0,0,0,0,0,0,1,1,0,0,1,1,0,0,0,0,0,0,0,1,0,1,0,1,0,1,1,0,1,0,1,0,-0.02919899223794296,2.449660794866274e-4,0.3768686749818777
316844971632e7,10462051,0,0,0,1,0,0,0,0,0,0,0,1,690,100,42,0.14285715,0,0,1,0,0,1,0,0,0,0,0,0,0,1,1,1,1,0,1,0,0,0,0,0,0,1,0,0,0,0,0,0,1,0,0,1,0,0,0,-0.03081586425343596,4.479631356842433e-4,0.30030365125165026
317822816612e7,3594508,0,0,0,0,0,1,1,0,0,0,0,0,680,100,55,0,0,0,0,1,0,0,0,1,0,0,0,0,0,1,1,0,0,0,0,0,0,0,0,0,0,0,0,1,0,0,1,0,0,1,0,1,0,0,0,-0.03260297848701061,3.9720531922763795e-4,0.2661055248113725
320161396435e7,78134185,0,0,0,0,0,1,0,0,0,1,0,0,330,0,40,1,0,0,1,0,0,0,0,1,0,0,0,0,0,1,1,1,1,0,0,1,1,1,1,1,1,1,0,1,0,0,0,0,1,1,0,1,0,0,0,-0.023723324096849827,3.778973478903199e-4,0.24586934097364554
3.2660173174200003e+018,42124253,0,0,0,0,0,1,0,0,1,0,0,0,2700,75,49,0,0,0,0,1,0,1,0,0,0,0,0,0,0,1,0,1,1,0,0,0,0,0,0,0,0,0,1,0,0,0,1,1,0,1,0,1,0,1,0,-0.024865619591848697,2.330608095665396e-4,0.3031841980830442
326817207107e7,10463348,0,0,1,0,0,0,0,0,0,0,0,1,750,100,56,0,0,0,1,0,0,0,1,0,0,0,0,0,0,1,0,0,0,1,1,0,0,0,0,0,0,0,0,0,0,0,1,0,1,1,0,1,0,1,0,-0.018597746002316482,4.7109438829706266e-4,0.3077505448755256
3.3363315087000003e+018,78136399,0,0,0,0,1,0,0,0,0,1,0,0,390,100,75,0.42857143,0,0,1,0,0,0,0,0,0,1,0,0,0,1,1,0,0,0,0,0,0,1,1,0,1,0,0,0,0,0,1,0,1,1,0,1,0,0,0,-0.029867859139480674,5.115509211050124e-4,0.26486222785557667
3.3577261163000003e+018,42124252,0,0,0,0,0,1,0,0,1,0,0,0,800,95,60,0,0,0,0,1,0,1,0,0,0,0,0,0,0,0,1,0,1,1,0,0,0,0,0,0,0,0,1,0,0,0,1,1,1,1,0,1,0,1,0,-0.022840909316838374,4.0401255925400105e-4,0.32915690307545803
341758632489e7,80116980,1,0,0,0,0,0,0,0,0,0,1,0,320,100,55,0,0,1,0,0,0,1,0,0,0,0,0,0,0,1,1,0,1,0,0,0,0,0,0,0,0,0,0,0,1,0,1,1,0,0,0,1,0,0,1,-0.040807971961262894,1.84308355851521e-4,0.20375558124599716
355543998343e7,42123503.5,0,0,0,1,0,0,0,0,1,0,0,0,5e3,100,60,0,0,0,0,1,0,0,1,0,0,0,0,0,0,0,1,0,0,0,0,0,0,0,0,0,0,0,1,0,1,0,1,0,1,1,0,1,0,1,0,-0.0291391738542682,4.129472187853134e-4,0.28550827517483457
361384701107e7,42125101,0,0,1,0,0,0,0,0,1,0,0,0,180,100,24,0,0,1,0,0,0,0,0,1,0,0,0,0,0,1,1,0,0,1,1,0,0,0,0,0,0,0,1,0,1,0,1,1,0,0,0,1,0,0,0,-0.03776087683311133,7.976437055541406e-5,0.28843701244422604
377157963921e7,10463943,0,0,0,0,1,0,0,0,0,0,0,1,2520,100,51,0.2857143,0,1,0,0,0,0,0,1,0,0,0,0,0,1,1,1,0,0,1,1,0,0,0,1,0,0,0,1,1,0,0,0,1,0,1,1,0,0,0,-0.03864737819580034,1.4974993384834896e-4,0.2749959952921593
385505870656e7,10463318,0,1,0,0,0,0,0,0,0,0,0,1,2830,100,20,0.14285715,0,0,1,0,0,1,0,0,0,0,0,0,0,1,1,0,0,1,0,0,0,0,0,0,0,1,1,1,0,0,0,1,1,1,0,1,0,1,0,-0.01795613294778687,5.171290694692714e-4,0.3195881597416609
390648000707e7,78134328,0,0,1,0,0,0,0,0,0,1,0,0,880,75,49,0,0,1,0,0,0,0,0,1,0,0,0,0,0,1,1,1,1,0,0,0,0,0,0,0,0,0,0,1,1,0,0,0,0,0,0,1,0,0,0,-0.04208196325075407,2.6874951408049176e-4,0.23429831288918118
393958386997e7,80117357,1,0,0,0,0,0,0,0,0,0,1,0,880,80,41,0,0,0,1,0,0,1,0,0,0,0,0,0,0,1,1,0,0,1,0,0,0,0,0,0,0,0,0,0,0,0,1,1,1,1,0,1,0,0,0,-0.018464542463493543,1.983447959803476e-4,0.24175586866558169
397347848356e7,10463317,0,1,0,0,0,0,0,0,0,0,0,1,5840,70,35,0,0,1,0,0,0,0,1,0,0,0,0,0,0,1,1,0,1,1,1,0,0,0,0,0,0,0,1,0,0,0,1,0,0,0,0,1,0,1,0,-0.0379380816939941,4.919098628593916e-4,0.33354271097649507
3.9812880657400003e+018,3595393.5,0,0,1,0,0,0,1,0,0,0,0,0,722.5,50,30,0.85714287,0,1,0,0,0,0,0,1,0,0,0,0,0,1,1,0,0,0,0,1,0,1,1,1,1,1,0,1,0,0,0,1,1,0,0,1,0,0,0,-0.040958865840115884,4.0629397990779006e-4,0.2314543035608887
398692794103e7,78135006,0,0,0,0,0,1,0,0,0,1,0,0,1130,100,20,0,0,0,1,0,0,1,0,0,0,0,0,0,0,0,1,0,0,0,0,0,0,0,0,0,0,0,1,0,0,0,1,0,1,1,0,1,0,0,0,4.389134435036327e-4,9.448511848627574e-4,0.34669057795848296
3.9990277044600003e+018,80116989,1,0,0,0,0,0,0,0,0,0,1,0,1820,50,51,0.5714286,0,0,1,0,0,1,0,0,0,0,0,0,0,1,1,0,0,1,1,0,0,0,1,1,1,1,1,0,1,0,0,0,1,1,0,1,0,0,0,-0.022519931692721262,1.671310950783135e-4,0.23672953546526487
405924837187e7,3594099,0,0,0,1,0,0,1,0,0,0,0,0,1500,80,39,0.2857143,0,0,1,0,0,1,0,0,0,0,0,0,0,0,1,0,0,0,0,0,0,0,0,1,1,0,1,0,0,0,0,1,0,0,1,1,0,0,0,-0.03995087110139571,3.11324000472585e-4,0.2598813322316662
408288633085e7,10463844,0,0,0,1,0,0,0,0,0,0,0,1,2870,100,47,0,0,1,0,0,0,1,0,0,0,0,0,0,0,1,0,0,0,1,0,0,0,0,0,0,0,0,1,0,0,0,0,1,0,1,0,1,0,0,0,-0.027391869831697134,3.2607143198755905e-4,0.3481183807590054
4.1400524865799997e+018,10462048.5,0,0,0,1,0,0,0,0,0,0,0,1,4927.5,70,30,0.14285715,0,0,1,0,0,1,0,0,0,0,0,0,0,1,1,1,0,0,0,0,0,0,0,0,1,0,1,0,0,0,0,1,0,1,1,1,0,0,0,-0.02523435576905159,1.0779528355336112e-4,0.3490258108726129
415053960495e7,3594509,0,0,0,0,0,1,1,0,0,0,0,0,660,100,24,0,0,0,1,0,0,0,0,0,0,0,1,0,0,1,1,0,0,0,0,0,0,0,0,0,0,0,1,0,0,1,0,1,1,0,0,1,0,0,0,-0.02482777738937402,6.766691792605773e-4,0.29417514065030703
421277705911e7,78134643,0,1,0,0,0,0,0,0,0,1,0,0,980,70,19,0,0,0,1,0,0,0,0,0,0,0,1,0,0,1,1,0,0,1,0,0,0,0,0,0,0,0,1,0,0,0,0,1,1,1,0,1,0,1,0,-0.011468371259990258,7.280610734332034e-4,0.3062207396866782
4.2299600136999997e+018,42123541,1,0,0,0,0,0,0,0,1,0,0,0,2930,100,78,0,0,1,0,0,0,0,0,0,1,0,0,0,0,0,0,0,0,0,0,0,0,0,0,0,0,0,1,1,1,0,1,1,1,0,1,1,0,1,0,-0.03974162941941193,2.0935892955944822e-4,0.33651943618958374
427779801448e7,3592050,1,0,0,0,0,0,1,0,0,0,0,0,880,100,28,0,0,0,1,0,0,0,1,0,0,0,0,0,0,1,1,0,0,0,0,0,0,0,0,0,0,0,1,0,1,0,1,1,1,0,0,1,0,1,0,-0.024095861941354005,1.1008005428049377e-4,0.35302252136905055
432874127019e7,3591952,0,0,0,0,1,0,1,0,0,0,0,0,3150,80,39,0,0,1,0,0,0,1,0,0,0,0,0,0,0,1,1,1,1,1,1,0,0,0,0,0,0,0,1,1,0,0,1,1,0,0,0,1,0,0,1,-0.03133320888955845,2.411295223037507e-4,0.2735015731473138
4.3350826462599997e+018,78134363.8,0,0,0,0,1,0,0,0,0,1,0,0,2900,70,30,0.42857143,0,1,0,0,0,0,0,1,0,0,0,0,0,1,1,0,0,0,1,0,0,1,1,0,1,0,0,0,1,0,0,1,1,1,1,1,0,0,0,-0.021035040119750992,9.443773993060342e-5,0.25879606656905224
4.3496644634200003e+018,78134303,0,0,1,0,0,0,0,0,0,1,0,0,1330,80,30,0.14285715,0,1,0,0,0,0,1,0,0,0,0,0,0,1,1,1,0,0,0,0,0,0,0,0,1,0,1,0,0,0,0,1,1,1,0,1,0,0,0,-0.024092960417046595,2.3587441223135895e-4,0.2922781778154724
438465566848e7,78133921,0,0,0,1,0,0,0,0,0,1,0,0,2750,100,35,0,0,1,0,0,0,1,0,0,0,0,0,0,0,0,1,0,0,1,1,0,0,0,0,0,0,0,1,0,0,0,1,0,1,1,0,1,0,1,0,-0.016426546010579888,2.3736251386986706e-4,0.27343406518103425
441884504521e7,78133235,1,0,0,0,0,0,0,0,0,1,0,0,1460,80,32,0.2857143,0,0,1,0,0,1,0,0,0,0,0,0,0,1,1,0,0,0,0,0,0,1,0,0,1,0,1,0,1,0,1,0,1,1,0,1,0,0,0,-0.014253297856425231,1.7235466840609794e-4,0.36702343236528207
444576222217e7,42124535,0,0,0,1,0,0,0,0,1,0,0,0,1520,90,24,0.2857143,0,0,1,0,0,1,0,0,0,0,0,0,0,1,1,0,0,0,0,0,0,1,0,1,0,0,1,0,0,0,1,1,0,1,1,1,0,0,0,-0.0173482799025031,5.069029255530085e-4,0.3176611055392349
45245361142e8,10463484,0,0,0,0,1,0,0,0,0,0,0,1,580,90,47,0,0,0,1,0,0,1,0,0,0,0,0,0,0,1,0,0,0,1,0,0,0,0,0,0,0,0,1,0,0,0,1,0,0,0,0,1,0,0,0,-0.033516646805608084,3.128491466421767e-4,0.33552089550419595
456003872847e7,78132939,0,0,0,0,0,1,0,0,0,1,0,0,460,100,42,0,0,1,0,0,0,1,0,0,0,0,0,0,0,0,1,1,0,0,0,0,0,0,0,0,0,0,1,0,0,0,0,1,1,1,0,1,0,0,0,-0.024151715761856957,3.6638062724938874e-4,0.2972385995862939
456519180839e7,42124329,1,0,0,0,0,0,0,0,1,0,0,0,210,90,33,0,0,1,0,0,0,1,0,0,0,0,0,0,0,1,1,0,0,0,1,0,0,0,0,0,0,0,1,0,0,0,1,0,0,1,0,1,0,1,0,-0.03377391135366629,1.876768529831508e-4,0.35103337598121453
457902886152e7,78133909,0,0,0,1,0,0,0,0,0,1,0,0,740,95,55,0,0,0,0,0,1,0,0,0,0,1,0,0,0,1,1,0,0,0,0,0,0,0,0,0,0,0,1,0,0,1,0,1,1,1,0,1,0,1,0,-0.027707064221403222,6.188677726185214e-4,0.26634587524710257
459600633693e7,10463009,0,0,0,1,0,0,0,0,0,0,0,1,4010,100,34,0.42857143,0,0,1,0,0,1,0,0,0,0,0,0,0,1,1,1,1,0,0,0,1,1,0,1,0,0,1,1,0,0,1,1,0,0,1,1,0,1,0,-0.03269610171419037,8.817401922921501e-5,0.2749698120129291
4.5982172778200003e+018,10462034,0,0,0,1,0,0,0,0,0,0,0,1,550,90,33,0.42857143,0,0,1,0,0,1,0,0,0,0,0,0,0,0,1,0,0,1,1,0,1,0,0,1,1,0,1,1,0,0,0,1,1,1,1,1,0,0,0,-0.02664978089497146,7.254529084078435e-5,0.3122062567542978
462529411646e7,10463465,0,0,0,0,1,0,0,0,0,0,0,1,1170,100,23,0,0,0,1,0,0,1,0,0,0,0,0,0,0,1,1,0,1,0,0,0,0,0,0,0,0,0,1,0,0,0,1,1,1,1,0,1,0,0,0,-0.012642616730466686,7.412443642276314e-4,0.3558641136754281
46434655753e8,5514281,0,0,0,0,1,0,0,1,0,0,0,0,1170,90,22,0.2857143,0,0,1,0,0,0,0,1,0,0,0,0,0,1,0,0,1,0,0,0,0,0,0,1,1,0,1,1,0,0,1,1,0,1,0,1,0,0,0,-0.02404585285444654,3.318877285503392e-4,0.30840877986397414
464402212283e7,10463003,0,0,1,0,0,0,0,0,0,0,0,1,840,80,40,0,0,0,1,0,0,1,0,0,0,0,0,0,0,1,1,1,0,1,0,0,0,0,0,0,0,0,0,0,0,0,1,1,1,1,0,1,0,1,0,-0.015068304944498173,3.153601218802427e-4,0.3053168944713165
473035890391e7,10462416,0,0,1,0,0,0,0,0,0,0,0,1,2190,100,35,0.42857143,0,1,0,0,0,0,1,0,0,0,0,0,0,0,0,0,1,1,1,0,0,1,0,1,0,1,1,0,0,0,1,1,1,1,0,1,0,0,0,-0.02186181983800214,2.626747549589252e-4,0.3217302999384451
476972562219e7,80117826,0,0,0,1,0,0,0,0,0,0,1,0,800,100,58,0.42857143,0,0,0,1,0,0,1,0,0,0,0,0,0,0,1,1,1,0,1,1,0,0,1,0,1,0,0,1,1,0,0,1,1,1,0,1,0,0,0,-0.037534196770966255,1.677582148867133e-4,0.25149895326832805
479014756579e7,78133744,0,0,0,0,1,0,0,0,0,1,0,0,3110,100,24,0,1,0,0,1,0,0,0,1,0,0,0,0,0,1,1,0,0,0,0,0,0,0,0,0,0,0,1,1,0,0,0,1,0,1,0,1,0,1,0,-0.021609942076031723,4.2055144061781114e-4,0.2438530798241902
480959543662e7,42123988,0,1,0,0,0,0,0,0,1,0,0,0,810,50,18,0.2857143,0,0,1,0,0,0,0,0,0,0,1,0,0,1,1,0,0,0,0,1,0,0,0,0,1,0,1,0,1,0,0,1,0,0,0,1,0,0,0,-0.03335958055798846,1.5491694609838128e-4,0.3185320095889561
48659612663e8,80116993,1,0,0,0,0,0,0,0,0,0,1,0,430,10,22,0.14285715,0,1,0,0,0,1,0,0,0,0,0,0,0,1,1,1,1,0,0,0,0,0,1,0,0,0,1,0,0,0,1,1,0,1,0,1,0,0,0,-0.032805361404835934,1.3276247098675036e-4,0.23592733485160405
486679177477e7,10462452,0,0,0,0,1,0,0,0,0,0,0,1,4490,90,24,0.14285715,0,0,1,0,0,1,0,0,0,0,0,0,0,0,1,1,1,1,1,0,0,0,0,0,1,0,1,0,0,1,1,1,1,1,0,1,0,1,0,-0.021565195247379206,4.267002744444447e-4,0.3218595497564606
488478980117e7,10462417,0,0,1,0,0,0,0,0,0,0,0,1,380,100,44,0,0,1,0,0,0,1,0,0,0,0,0,0,0,1,1,0,1,1,1,0,0,0,0,0,0,0,0,0,0,0,1,1,0,0,0,1,0,0,0,-0.04492594404202117,1.9341167551873778e-4,0.29875025224080726
489514094719e7,78134385,0,0,0,0,0,1,0,0,0,1,0,0,1700,100,55,0,0,0,1,0,0,0,0,0,0,0,1,0,0,1,1,0,0,1,1,0,0,0,0,0,0,0,1,0,0,0,1,0,1,1,0,1,0,1,0,-0.012911533949373848,4.28853372303391e-4,0.29245205453056894
4.9583164544399995e+018,10463573,0,0,0,0,0,1,0,0,0,0,0,1,2240,100,46,0,0,1,0,0,0,0,0,1,0,0,0,0,0,1,1,0,0,0,0,0,0,0,0,0,0,0,1,0,0,0,1,0,0,0,0,1,0,0,0,-0.032102882068096875,1.259745100575045e-4,0.32305132814168136
497290824846e7,3592055.5,1,0,0,0,0,0,1,0,0,0,0,0,3190,90,40,0,0,1,0,0,0,1,0,0,0,0,0,0,0,1,1,0,0,0,0,0,0,0,0,0,0,0,1,0,1,0,0,1,0,1,0,1,0,1,0,-0.0356174722740945,2.998231827989282e-4,0.3602368025384487
500056472672e7,80116983,1,0,0,0,0,0,0,0,0,0,1,0,1020,100,33,0,0,1,0,0,0,1,0,0,0,0,0,0,0,0,1,0,0,0,1,0,0,0,0,0,0,0,1,0,1,0,1,1,0,0,1,1,0,0,0,-0.03631594904419815,1.6510863629570977e-4,0.2066523610264444
5.0300099506800005e+018,3592376,0,0,1,0,0,0,1,0,0,0,0,0,810,100,36,0.42857143,0,0,1,0,0,1,0,0,0,0,0,0,0,1,1,1,1,1,1,0,0,1,1,0,0,1,1,1,0,0,1,0,0,1,0,1,0,0,0,-0.025970789680383567,4.7918606726606743e-4,0.23373269147987263
509968319415e7,78134036,0,1,0,0,0,0,0,0,0,1,0,0,580,100,58,0,0,0,1,0,0,0,0,1,0,0,0,0,0,1,1,0,0,0,0,0,0,0,0,0,0,0,0,1,0,0,1,1,1,1,0,1,0,0,0,-0.02849643633750986,3.347397643880938e-4,0.2677701819821332
511405191526e7,78133968,0,0,0,0,0,1,0,0,0,1,0,0,1810,100,50,0.71428573,0,0,0,1,0,1,0,0,0,0,0,0,0,1,1,0,1,0,1,0,1,1,1,0,1,1,1,1,1,0,0,0,0,0,1,1,0,0,0,-0.029794935348062764,2.9878785850535953e-4,0.275441632160957
512168532755e7,5514453,0,0,0,0,1,0,0,1,0,0,0,0,890,90,44,0,0,1,0,0,0,1,0,0,0,0,0,0,0,1,1,0,1,0,1,0,0,0,0,0,0,0,0,0,0,0,0,1,0,1,1,1,0,0,0,-0.031184946658153207,9.707045449047918e-5,0.25517946887687387
5.1783672603599995e+018,78134145,0,0,0,1,0,0,0,0,0,1,0,0,220,90,21,0.14285715,0,0,1,0,0,0,0,0,0,0,1,0,0,0,1,0,0,0,1,0,1,0,0,0,0,0,1,0,0,0,0,1,0,0,0,1,0,1,0,-0.033991797157959205,2.3045255542227e-4,0.2867424626354578
523121674903e7,10462566,0,0,1,0,0,0,0,0,0,0,0,1,5090,50,62,0.14285715,0,1,0,0,0,0,1,0,0,0,0,0,0,1,1,0,0,1,1,0,0,0,0,0,1,0,0,0,0,0,1,0,0,0,0,1,0,1,0,-0.04171796195991529,5.643849199959063e-4,0.314977362588011
527825754219e7,78133927,0,0,0,0,1,0,0,0,0,1,0,0,1390,100,40,0,0,1,0,0,0,0,0,1,0,0,0,0,0,1,1,0,0,0,0,0,0,0,0,0,0,0,1,1,0,0,1,1,0,1,0,1,0,0,0,-0.025515970334644984,2.829333962179743e-4,0.251539770620529
52951849004e8,10462424,0,0,1,0,0,0,0,0,0,0,0,1,2220,100,39,0,0,1,0,0,0,1,0,0,0,0,0,0,0,1,1,0,0,0,1,0,0,0,0,0,0,0,1,0,0,0,1,1,1,1,1,1,0,0,0,-0.023876406170291357,1.2133438147019513e-4,0.3069895966573692
530859401801e7,10463499,1,0,0,0,0,0,0,0,0,0,0,1,1930,100,49,0,0,0,1,0,0,1,0,0,0,0,0,0,0,1,1,1,0,0,0,0,0,0,0,0,0,0,1,0,0,0,1,1,0,0,0,0,0,1,0,-0.03266397167818436,5.157944345628129e-5,0.3475378026059376
53633687975e8,42125614,0,0,0,1,0,0,0,0,1,0,0,0,1530,20,18,0.71428573,0,0,1,0,0,0,0,0,0,0,1,0,0,1,0,0,0,1,1,0,1,0,1,1,1,1,1,1,0,0,0,1,0,0,0,1,0,1,0,-0.031130389547712706,2.698771290658036e-4,0.32317135334191405
542185217805e7,78134308,0,0,1,0,0,0,0,0,0,1,0,0,330,100,36,0,0,0,1,0,0,0,0,1,0,0,0,0,0,1,1,0,0,1,1,0,0,0,0,0,0,0,1,1,0,0,0,0,1,1,0,1,0,0,0,-0.02280105848447873,3.7933103478617687e-4,0.28285947122530125
556216792293e7,80117754,1,0,0,0,0,0,0,0,0,0,1,0,580,90,49,0.42857143,0,1,0,0,0,1,0,0,0,0,0,0,0,1,1,0,0,0,1,0,1,0,1,0,0,1,0,0,1,0,1,1,0,0,0,1,0,0,1,-0.038148600961022947,1.4227067770018206e-4,0.20347613579452747
561840456559e7,42123974,0,1,0,0,0,0,0,0,1,0,0,0,2436.6666666666665,80,56,0,0,1,0,0,0,0,1,0,0,0,0,0,0,1,1,0,0,1,0,0,0,0,0,0,0,0,1,0,0,0,1,0,1,1,0,1,0,0,0,-0.026116556724500254,1.2217093306694205e-4,0.303642186978838
570764946443e7,42123796,0,0,1,0,0,0,0,0,1,0,0,0,710,50,29,0,0,0,0,1,0,0,1,0,0,0,0,0,0,1,1,0,1,0,1,0,0,0,0,0,0,0,1,0,0,0,0,1,1,1,0,1,0,0,0,-0.021697975737161472,9.303679888748689e-5,0.32618236069368883
575293196656e7,5524254,0,0,1,0,0,0,0,1,0,0,0,0,1310,100,42,0,0,1,0,0,0,0,0,1,0,0,0,0,0,1,1,0,1,0,0,0,0,0,0,0,0,0,1,1,0,1,1,0,0,1,0,1,0,0,0,-0.03046583014010667,5.154885847661624e-5,0.2457698842812719
583962502297e7,10463495.5,1,0,0,0,0,0,0,0,0,0,0,1,1025,80,44,0,0,1,0,0,0,1,0,0,0,0,0,0,0,1,1,0,0,0,0,0,0,0,0,0,0,0,1,1,0,0,1,1,0,0,1,1,0,1,0,-0.04120899689800622,3.0200389273421225e-4,0.3543960862297621
5.9167013341199995e+018,10463808.75,1,0,0,0,0,0,0,0,0,0,0,1,1455,100,32,0,0,1,0,0,0,0,1,0,0,0,0,0,0,0,1,0,0,1,0,0,0,0,0,0,0,0,1,1,0,0,1,1,0,0,1,1,0,0,0,-0.031178367860202914,5.770892064455458e-5,0.3884849101753671
59309892916e8,42123540,1,0,0,0,0,0,0,0,1,0,0,0,1660,100,70,0,0,0,1,0,0,0,0,1,0,0,0,0,0,1,1,0,1,0,0,0,0,0,0,0,0,0,1,0,0,0,1,0,0,1,0,1,0,1,0,-0.029000550881536493,6.321141028422675e-5,0.3490250952448407
5.9827464192399995e+018,10463858,0,0,0,1,0,0,0,0,0,0,0,1,350,100,52,0,0,1,0,0,0,0,0,1,0,0,0,0,0,1,1,0,0,0,0,0,0,0,0,0,0,0,1,0,0,0,1,1,0,0,0,1,0,0,0,-0.044757339984143864,2.5170540810826747e-4,0.27595080541289124
598772514091e7,5514282,0,0,0,0,1,0,0,1,0,0,0,0,400,100,26,0,0,0,1,0,0,0,1,0,0,0,0,0,0,1,1,0,0,1,0,0,0,0,0,0,0,0,1,0,0,0,1,0,0,1,0,1,0,0,0,-0.016630121174494573,4.49952635190325e-4,0.2970275021024322
601671654371e7,3593369.3333333335,0,0,0,1,0,0,1,0,0,0,0,0,1080,100,34,0,0,1,0,0,0,1,0,0,0,0,0,0,0,1,1,0,0,0,0,0,0,0,0,0,0,0,0,0,0,0,1,1,0,0,0,1,0,0,0,-0.04020138645351651,3.488667857376306e-4,0.24523085248040916
602209512363e7,42123839,0,0,0,1,0,0,0,0,1,0,0,0,3500,100,37,0.14285715,0,1,0,0,0,0,0,1,0,0,0,0,0,1,1,0,0,0,1,1,0,0,0,0,0,0,1,0,0,0,1,0,1,0,0,1,0,0,0,-0.03296434540498799,1.6750040481712086e-4,0.29268345750276403
604266291088e7,42123989,0,1,0,0,0,0,0,0,1,0,0,0,5310,100,30,0,0,1,0,0,0,0,0,1,0,0,0,0,0,1,1,0,0,0,0,0,0,0,0,0,0,0,1,0,0,0,0,1,1,1,0,1,0,0,0,-0.02604663697189149,1.6240659519378743e-4,0.27629580619391625
604437413505e7,42125120,0,0,1,0,0,0,0,0,1,0,0,0,2800,100,44,0,0,1,0,0,0,1,0,0,0,0,0,0,0,0,1,0,1,1,1,0,0,0,0,0,0,0,1,0,0,0,1,1,1,1,1,1,0,0,0,-0.026102884150585606,1.7279285104654358e-4,0.3135194371714924
607860979527e7,42124781,1,0,0,0,0,0,0,0,1,0,0,0,1040,100,50,0,1,0,0,1,0,0,0,1,0,0,0,0,0,1,1,0,0,0,1,0,0,0,0,0,0,0,0,0,0,0,0,1,1,0,0,1,0,0,0,-0.039936307431383856,9.80883147277302e-5,0.4089395315419931
620652367912e7,78133975,0,0,0,0,0,1,0,0,0,1,0,0,930,100,77,0.14285715,0,0,0,0,1,0,0,0,0,1,0,0,0,1,1,1,0,0,0,0,0,0,1,0,0,0,1,0,0,0,1,0,1,1,0,1,0,0,0,-0.025024861370277797,3.3274783976727166e-4,0.2809153732565036
644019125786e7,78132935,0,0,0,0,0,1,0,0,0,1,0,0,800,100,21,0,0,0,1,0,0,0,1,0,0,0,0,0,0,1,1,0,1,1,1,0,0,0,0,0,0,0,1,0,0,1,0,1,1,1,1,1,0,0,0,-0.008794788239654584,4.0430437333531375e-4,0.342424805290991
644391833962e7,80117836,0,0,0,1,0,0,0,0,0,0,1,0,590,100,42,0.14285715,0,1,0,0,0,1,0,0,0,0,0,0,0,1,1,0,0,0,1,0,0,0,0,0,1,0,1,0,0,0,0,0,1,0,0,1,0,0,0,-0.04098024826377157,2.008250936360736e-4,0.22033021056710259
649124014049e7,78132946,0,0,0,0,0,1,0,0,0,1,0,0,1310,100,42,0,0,1,0,0,0,1,0,0,0,0,0,0,0,1,1,0,0,0,1,0,0,0,0,0,0,0,1,0,1,0,1,0,1,1,0,1,0,0,0,-0.01460120113010214,4.024069883704465e-4,0.3050863428113944
652214932347e7,10463480,0,0,0,0,1,0,0,0,0,0,0,1,510,90,18,0.2857143,0,0,0,0,1,1,0,0,0,0,0,0,0,0,1,0,0,0,1,0,0,1,1,0,0,0,1,0,0,0,0,1,1,1,1,1,0,0,0,-0.028579117623494448,2.1069638567532289e-4,0.32338195099490896
654946235137e7,10463422,0,1,0,0,0,0,0,0,0,0,0,1,860,100,48,0,0,0,1,0,0,1,0,0,0,0,0,0,0,1,1,1,1,0,0,0,0,0,0,0,0,0,1,0,0,0,1,1,0,0,0,1,0,0,0,-0.03410880610829547,1.325538304851621e-4,0.30056650262064544
667308168136e7,80118046,1,0,0,0,0,0,0,0,0,0,1,0,550,80,29,0.14285715,0,1,0,0,0,0,0,1,0,0,0,0,0,1,1,0,0,1,0,0,0,1,0,0,0,0,1,0,0,0,1,1,1,0,0,1,0,0,0,-0.034350760411224486,4.5493668321771214e-4,0.22377120903606035
668698196881e7,10462951,0,1,0,0,0,0,0,0,0,0,0,1,430,100,45,0.2857143,0,1,0,0,0,0,0,0,0,0,1,0,0,1,1,1,1,0,0,0,0,0,1,1,0,0,0,0,0,0,1,1,1,0,0,1,0,0,0,-0.040368198297104065,1.9524767588845437e-4,0.2882878729670936
67316489176e8,80117339,1,0,0,0,0,0,0,0,0,0,1,0,1200,90,72,0,0,1,0,0,0,0,0,0,0,1,0,0,0,0,1,0,0,0,0,0,0,0,0,0,0,0,0,0,0,0,1,1,1,0,0,1,0,0,0,-0.044600610211631316,2.3092889877940353e-4,0.21041190441666163
675262008149e7,80116014,0,1,0,0,0,0,0,0,0,0,1,0,990,100,20,0.14285715,0,0,1,0,0,1,0,0,0,0,0,0,0,1,0,0,0,0,0,1,0,0,0,0,0,0,0,0,0,0,0,1,1,1,0,1,0,0,0,-0.01133608385841721,8.834477237908844e-4,0.32034814318509536
689940212638e7,80117831,0,0,0,1,0,0,0,0,0,0,1,0,4270,100,46,0,0,1,0,0,0,1,0,0,0,0,0,0,0,1,1,1,1,0,1,0,0,0,0,0,0,0,0,0,0,1,0,0,0,0,1,1,0,0,0,-0.039233824749134935,3.0034221299477394e-4,0.22999284603303424
692703406751e7,78136169,0,0,0,1,0,0,0,0,0,1,0,0,940,0,18,0,0,0,1,0,0,0,0,0,0,0,1,0,0,0,0,0,0,0,0,0,0,0,0,0,0,0,0,0,1,0,0,1,0,1,0,1,0,0,0,-0.014872616851133452,4.274925295458854e-4,0.34991448428334365
6.9662030810800005e+018,80117378,0,1,0,0,0,0,0,0,0,0,1,0,660,100,48,0,0,1,0,0,0,1,0,0,0,0,0,0,0,1,1,0,0,1,1,0,0,0,0,0,0,0,1,0,0,0,1,1,1,1,0,1,0,1,0,-0.023858718695177875,3.876577771239693e-4,0.22081271811501696
6.9800015070799995e+018,78133231,1,0,0,0,0,0,0,0,0,1,0,0,650,80,72,0,0,0,0,0,1,0,0,1,0,0,0,0,0,1,0,0,0,1,1,0,0,0,0,0,0,0,0,0,0,0,1,1,1,1,0,1,0,0,0,-0.029702010416918764,3.933389051764395e-4,0.3611124177499449
704688239254e7,10463757,0,0,0,0,1,0,0,0,0,0,0,1,1720,100,45,0,0,1,0,0,0,0,1,0,0,0,0,0,0,1,1,0,1,0,0,0,0,0,0,0,0,0,1,0,0,0,1,1,1,1,0,1,0,1,0,-0.02519811994324965,3.249564326975359e-5,0.299534248540393
705097616218e7,10463989,0,0,0,1,0,0,0,0,0,0,0,1,1860,100,40,0.14285715,0,0,1,0,0,1,0,0,0,0,0,0,0,0,0,0,1,0,0,0,0,1,0,0,0,0,1,0,0,0,1,1,1,0,0,1,0,0,0,-0.027973253502679634,4.8897790149096424e-5,0.33122860820137456
706113833277e7,10463218,0,0,0,1,0,0,0,0,0,0,0,1,3070,100,23,0.14285715,0,1,0,0,0,1,0,0,0,0,0,0,0,1,1,0,0,0,1,1,0,0,0,0,0,0,0,0,0,0,1,1,1,1,0,1,0,0,0,-0.02152455871240398,2.1983707372975385e-4,0.36406132114105766
716650001095e7,42124687,0,0,1,0,0,0,0,0,1,0,0,0,2960,50,53,0.14285715,0,1,0,0,0,0,0,1,0,0,0,0,0,1,1,1,0,0,1,0,0,0,1,0,0,0,0,0,1,0,0,0,0,0,1,1,0,1,0,-0.04386773668037103,2.2214132530680702e-4,0.24110288174244504
733797577067e7,10462396,0,1,0,0,0,0,0,0,0,0,0,1,2440,100,21,0,0,0,1,0,0,1,0,0,0,0,0,0,0,1,1,0,0,1,1,0,0,0,0,0,0,0,1,0,0,1,1,0,1,0,0,1,0,1,0,-0.017072459769334605,2.9959198590017404e-4,0.35594983959864857
742913743616e7,10462487,0,0,0,0,1,0,0,0,0,0,0,1,5230,100,37,0,0,1,0,0,0,1,0,0,0,0,0,0,0,1,1,0,0,0,0,0,0,0,0,0,0,0,1,1,0,0,0,1,1,1,0,1,0,0,0,-0.027034201778217772,1.3685810345256787e-4,0.3220521445672796
750649980174e7,5520258,0,0,0,0,1,0,0,1,0,0,0,0,150,100,40,0,0,1,0,0,0,1,0,0,0,0,0,0,0,1,0,0,0,0,0,0,0,0,0,0,0,0,1,0,0,0,1,0,1,1,0,1,0,0,0,-0.025894915065691925,3.519516956300468e-4,0.301081865578476
754438548994e7,3592364,0,0,1,0,0,0,1,0,0,0,0,0,590,100,26,0,0,0,1,0,0,0,0,1,0,0,0,0,0,1,1,0,0,1,1,0,0,0,0,0,0,0,0,0,1,0,1,1,0,0,1,1,0,0,0,-0.03047381700763265,3.368107940570774e-4,0.24188968884163106
756229460949e7,42126547,0,0,0,1,0,0,0,0,1,0,0,0,1780,100,38,1,0,1,0,0,0,0,0,1,0,0,0,0,0,1,1,1,1,0,0,1,1,1,1,1,1,1,1,0,0,0,1,1,0,1,0,1,0,0,0,-0.02946127542832173,9.563344204095179e-5,0.2585843257520539
768691254186e7,10463893.5,0,1,0,0,0,0,0,0,0,0,0,1,817.5,100,46,0.2857143,0,1,0,0,0,0,0,1,0,0,0,0,0,1,1,0,1,0,1,0,0,0,1,0,1,0,1,1,0,0,0,1,0,0,0,1,0,0,1,-0.03374895354605234,1.2265191298645587e-4,0.26376841294024556
769543619751e7,10463405,0,1,0,0,0,0,0,0,0,0,0,1,710,90,28,0.2857143,0,1,0,0,0,0,1,0,0,0,0,0,0,1,1,1,0,1,0,0,0,1,0,0,1,0,1,1,0,0,0,1,0,1,0,1,0,0,0,-0.02554073317485734,5.879090609685692e-4,0.27524761372757517
784531614409e7,10462949,0,0,1,0,0,0,0,0,0,0,0,1,2980,80,25,0,0,1,0,0,0,1,0,0,0,0,0,0,0,1,0,1,0,1,1,0,0,0,0,0,0,0,1,0,0,0,0,1,0,0,0,1,0,1,0,-0.03330719071774354,1.578727521227963e-4,0.3432450603170846
784745935449e7,3592030,1,0,0,0,0,0,1,0,0,0,0,0,350,100,70,0,0,0,1,0,0,0,1,0,0,0,0,0,0,1,1,0,0,0,0,0,0,0,0,0,0,0,1,0,0,0,0,0,0,0,0,1,0,1,0,-0.04337798606123912,3.654675954719909e-4,0.32535480411139134
790180563178e7,3592367,0,0,1,0,0,0,1,0,0,0,0,0,1490,100,55,0.14285715,0,0,1,0,0,0,0,0,0,1,0,0,0,1,1,0,1,1,1,0,0,0,0,0,1,0,1,1,0,0,1,1,0,0,1,1,0,0,0,-0.04266460957172326,2.1480513219797174e-4,0.23808677017134644
794011930345e7,42124030,0,0,0,1,0,0,0,0,1,0,0,0,1160,100,22,0,0,0,1,0,0,0,0,0,0,0,1,0,0,1,1,0,0,1,0,0,0,0,0,0,0,0,1,1,1,0,0,1,1,0,0,1,0,0,0,-0.025284438894883878,3.721107377834401e-4,0.32634679370462566
79506381884e8,80117030,0,1,0,0,0,0,0,0,0,0,1,0,3106,100,35,0.42857143,0,0,1,0,0,1,0,0,0,0,0,0,0,1,1,0,0,0,1,1,1,0,0,1,0,0,0,1,0,0,0,1,0,0,1,1,0,0,0,-0.03582848549706134,2.0256899486174426e-4,0.25025912768293557
802615824279e7,78132557,1,0,0,0,0,0,0,0,0,1,0,0,1460,100,48,0.14285715,0,0,1,0,0,0,0,1,0,0,0,0,0,1,1,0,0,0,1,0,0,1,0,0,0,0,0,0,0,0,1,0,1,1,0,1,0,0,0,-0.020734287297684482,1.2005144343090694e-4,0.3575710863399304
812527726166e7,42123507,0,0,0,1,0,0,0,0,1,0,0,0,1010,100,20,0,0,0,1,0,0,1,0,0,0,0,0,0,0,0,0,0,0,1,0,0,0,0,0,0,0,0,1,0,0,0,1,0,1,0,0,1,0,1,0,-0.012889975015318984,8.205670327556474e-4,0.3493744100749642
813459692171e7,78133942,0,0,0,0,1,0,0,0,0,1,0,0,2220,100,30,0.14285715,0,1,0,0,0,1,0,0,0,0,0,0,0,0,1,1,1,1,0,0,0,0,0,1,0,0,0,0,0,0,1,1,0,1,1,1,0,0,0,-0.0190082977916726,2.5562194225599457e-4,0.26013589267299164
814381816568e7,78134594,0,0,0,0,0,1,0,0,0,1,0,0,830,80,57,0.42857143,0,1,0,0,0,1,0,0,0,0,0,0,0,0,0,0,0,0,0,0,1,0,1,0,1,0,0,1,0,1,1,0,0,0,1,1,0,1,0,-0.02992050672453726,2.3978727304647534e-4,0.26899493059556684
816004369083e7,42123984,0,1,0,0,0,0,0,0,1,0,0,0,1580,100,57,0,0,1,0,0,0,0,0,1,0,0,0,0,0,1,0,1,1,0,1,0,0,0,0,0,0,0,1,0,0,0,1,0,1,0,0,1,0,0,0,-0.04227688483040818,4.8809535877809e-4,0.28364794939109084
8.1901350289200005e+018,78133972,0,0,0,0,0,1,0,0,0,1,0,0,1500,90,41,0,0,1,0,0,0,1,0,0,0,0,0,0,0,1,1,0,0,0,0,0,0,0,0,0,0,0,0,0,0,0,1,0,1,1,0,1,0,0,0,-0.01505562849465291,2.0231566571215264e-4,0.2979020972181171
833590393486e7,10463017,0,0,0,1,0,0,0,0,0,0,0,1,2600,100,52,0,0,1,0,0,0,1,0,0,0,0,0,0,0,0,0,1,0,1,0,0,0,0,0,0,0,0,1,0,0,0,0,1,0,0,0,1,0,1,0,-0.034585613850939785,2.6668215128977673e-4,0.2828556874869095
838246179219e7,78132534,1,0,0,0,0,0,0,0,0,1,0,0,580,90,52,1,0,0,1,0,0,1,0,0,0,0,0,0,0,0,1,0,0,0,0,1,1,1,1,1,1,1,1,0,0,0,0,1,0,1,0,1,0,0,0,-0.03228939401494324,1.8949943783382094e-4,0.3284995821004659
843086128221e7,78133638,0,1,0,0,0,0,0,0,0,1,0,0,1740,100,23,0,0,0,1,0,0,0,1,0,0,0,0,0,0,1,1,1,0,1,1,0,0,0,0,0,0,0,1,0,1,0,1,1,0,1,0,1,0,1,0,-0.014768450184414665,3.599401852471687e-4,0.29578322883718605
84517320895e8,80117348.5,1,0,0,0,0,0,0,0,0,0,1,0,1012.5,100,68,0.42857143,0,0,0,1,0,1,0,0,0,0,0,0,0,1,1,1,1,0,0,1,0,0,1,0,1,0,0,1,0,0,1,0,0,0,0,1,0,0,0,-0.04472423875598149,2.3170246041889016e-4,0.20218277904441057
8.4660511166799995e+018,80117353,1,0,0,0,0,0,0,0,0,0,1,0,510,100,36,0,0,1,0,0,0,1,0,0,0,0,0,0,0,1,1,0,0,0,0,0,0,0,0,0,0,0,1,0,0,0,0,1,1,1,0,1,0,0,0,-0.036377642933353715,1.2520418676539364e-4,0.23040052353193866
851405748066e7,3595425,0,0,1,0,0,0,1,0,0,0,0,0,1140,100,38,0,0,0,1,0,0,1,0,0,0,0,0,0,0,1,1,0,0,0,0,0,0,0,0,0,0,0,1,0,0,1,0,1,1,0,0,1,0,0,0,-0.032879910527083916,1.9315063665585245e-4,0.2662735555638906
8.5150419905999995e+018,80119012,0,0,0,0,1,0,0,0,0,0,1,0,1420,80,56,0,0,0,1,0,0,1,0,0,0,0,0,0,0,1,1,0,0,0,1,0,0,0,0,0,0,0,0,1,0,0,1,0,0,0,0,1,0,0,0,-0.039281055879442625,2.068464962219641e-4,0.230368986141048
861675299247e7,10463451,0,0,0,1,0,0,0,0,0,0,0,1,580,100,18,0,0,0,1,0,0,0,0,0,0,0,1,0,0,1,0,0,0,0,0,0,0,0,0,0,0,0,0,0,0,0,0,1,0,0,0,1,0,1,0,-0.027454966125338476,4.510756696601422e-4,0.3179341017889704
8.6321414647600005e+018,3594288,0,0,0,0,1,0,1,0,0,0,0,0,9150,80,43,0,0,1,0,0,0,1,0,0,0,0,0,0,0,1,1,0,0,1,1,0,0,0,0,0,0,0,1,0,0,0,1,0,1,1,0,1,0,0,0,-0.029319392311768836,6.203584991518379e-4,0.28419903231815
863480511657e7,42125290,0,0,0,1,0,0,0,0,1,0,0,0,1920,80,28,0.2857143,0,1,0,0,0,0,1,0,0,0,0,0,0,1,0,1,0,0,1,1,0,0,0,0,1,0,1,0,0,0,1,0,1,1,1,1,0,1,0,-0.02140594601596323,3.329578951342723e-4,0.3008867070460847
876628028869e7,78133637,0,1,0,0,0,0,0,0,0,1,0,0,1140,100,48,0.14285715,0,0,1,0,0,0,1,0,0,0,0,0,0,0,1,1,0,0,0,1,0,0,0,0,0,0,1,1,0,0,0,0,1,0,0,0,0,1,0,-0.033132913548413905,4.1186262529856936e-4,0.2569160823966923
8.7930070936399995e+018,3594082.5,0,0,0,1,0,0,1,0,0,0,0,0,1e3,100,55,0.14285715,0,1,0,0,0,0,0,0,0,1,0,0,0,1,1,1,0,0,0,0,0,1,0,0,0,0,1,1,0,0,1,0,0,0,0,1,0,0,0,-0.050931376931946354,3.4791303133393457e-4,0.2227699640835377
881137395863e7,80117519,1,0,0,0,0,0,0,0,0,0,1,0,700,70,52,0.71428573,0,1,0,0,0,0,0,0,1,0,0,0,0,1,1,0,0,0,1,1,1,1,1,1,0,0,1,0,0,0,0,1,0,0,0,1,0,0,0,-0.044507747729044395,1.6632943232637433e-4,0.22399422154705403
886075426366e7,10462549,1,0,0,0,0,0,0,0,0,0,0,1,2880,100,35,0.85714287,0,0,1,0,0,1,0,0,0,0,0,0,0,1,1,1,0,0,0,1,1,0,1,1,1,1,1,1,0,0,1,1,0,0,0,1,0,0,0,-0.033390865155071434,1.5727501727948764e-4,0.38979646313301153
894115223043e7,10463773,0,0,0,0,1,0,0,0,0,0,0,1,1280,100,28,0,0,0,1,0,0,1,0,0,0,0,0,0,0,0,0,0,0,0,1,0,0,0,0,0,0,0,1,0,0,0,0,1,1,1,0,1,0,1,0,-0.01725074652148613,3.5041329997446264e-4,0.34371238574998964
8.9475341312399995e+018,3594075,0,0,0,1,0,0,1,0,0,0,0,0,1200,100,68,0,0,0,0,0,1,0,0,1,0,0,0,0,0,1,1,1,1,0,0,0,0,0,0,0,0,0,1,1,1,0,1,0,0,0,1,1,0,0,1,-0.038480983119167436,1.3663857549322636e-4,0.22021201329235532
896021058442e7,3592043,1,0,0,0,0,0,1,0,0,0,0,0,650,100,21,0.2857143,0,0,1,0,0,1,0,0,0,0,0,0,0,1,0,0,0,0,0,1,0,0,1,0,0,0,0,0,0,0,1,1,1,1,1,1,0,1,0,-0.011767954044704036,2.5691404260122454e-4,0.3712592299522255
900822185214e7,42124328,1,0,0,0,0,0,0,0,1,0,0,0,330,100,50,0.2857143,1,0,0,1,0,0,0,1,0,0,0,0,0,1,1,0,0,0,0,1,0,0,1,0,0,0,0,0,0,0,0,1,1,1,1,0,0,1,0,-0.03642417940290483,2.7152663360423355e-4,0.3663446209145136
903203797426e7,10462421,0,0,1,0,0,0,0,0,0,0,0,1,620,90,39,0.14285715,0,1,0,0,0,1,0,0,0,0,0,0,0,0,1,1,0,0,0,0,0,1,0,0,0,0,1,0,0,0,0,0,0,0,0,1,0,0,1,-0.030497106407625766,6.930425236259969e-5,0.287061484114843
9.0324929361999995e+018,80117242,0,0,0,1,0,0,0,0,0,0,1,0,660,100,37,0,0,1,0,0,0,0,0,1,0,0,0,0,0,1,1,0,0,0,0,0,0,0,0,0,0,0,1,0,0,0,1,1,0,0,0,1,0,0,0,-0.034142976558651644,7.955940767903384e-5,0.20315788284935107
905510873287e7,10463079,0,0,0,1,0,0,0,0,0,0,0,1,2280,100,37,0.14285715,0,1,0,0,0,0,1,0,0,0,0,0,0,1,1,0,0,1,1,1,0,0,0,0,0,0,0,0,0,0,1,1,1,1,1,1,0,0,0,-0.023241872110629183,1.2133085837990399e-4,0.31999535486259906
908352377545e7,80118740.5,1,0,0,0,0,0,0,0,0,0,1,0,2245,100,45,0,0,0,1,0,0,0,1,0,0,0,0,0,0,1,1,0,0.5,0.5,0,0,0,0,0,0,0,0,1,0,0,0.5,1,1,0,0,0.5,1,0,0,0,-0.03328099009628873,1.6945291321811333e-4,0.24535290512799077
908685528709e7,3591942,0,0,0,0,1,0,1,0,0,0,0,0,660,100,61,0,0,1,0,0,0,1,0,0,0,0,0,0,0,1,1,1,1,0,1,0,0,0,0,0,0,0,0,1,0,0,1,1,0,0,0,1,0,0,0,-0.053892622819188586,3.470194891094199e-4,0.23167009293470683
9.1141432113200005e+018,80116985,1,0,0,0,0,0,0,0,0,0,1,0,440,100,31,0.14285715,0,1,0,0,0,0,0,1,0,0,0,0,0,1,0,0,0,0,0,0,0,0,0,0,1,0,1,0,0,0,1,1,0,0,0,1,0,0,0,-0.0388666846013153,1.8455547782831826e-4,0.21943647930928417
912396132378e7,80117605.5,0,0,1,0,0,0,0,0,0,0,1,0,1255,90,64,0,0,1,0,0,0,0,0,1,0,0,0,0,0,1,1,0,0,0,0,0,0,0,0,0,0,0,0,1,0,0,0,0,1,0,0,1,0,0,0,-0.04591426180456462,2.247775381796987e-4,0.20917240754510305
912436868777e7,78131769,0,0,0,0,0,1,0,0,0,1,0,0,2080,90,31,0,0,1,0,0,0,1,0,0,0,0,0,0,0,0,1,1,1,0,1,0,0,0,0,0,0,0,1,0,0,0,1,0,1,1,0,1,0,0,0,-0.016094580237066433,9.31696007498724e-5,0.30996315117316436
913086267951e7,10462551,1,0,0,0,0,0,0,0,0,0,0,1,550,100,35,0,0,1,0,0,0,0,1,0,0,0,0,0,0,0,1,0,0,1,1,0,0,0,0,0,0,0,1,1,0,0,1,0,1,1,0,1,0,0,0,-0.030752768029722984,2.672167371098627e-4,0.3996927363699628
913654632907e7,5514443,0,0,0,0,1,0,0,1,0,0,0,0,1610,100,65,0,0,1,0,0,0,0,0,1,0,0,0,0,0,1,1,0,0,0,0,0,0,0,0,0,0,0,0,0,0,0,1,1,1,0,0,1,0,0,0,-0.044886333856955174,4.075471372217536e-4,0.23689051826045157
91366230687e8,3594109,0,0,0,0,1,0,1,0,0,0,0,0,1470,100,52,0.14285715,0,0,0,1,0,1,0,0,0,0,0,0,0,1,1,0,1,0,0,0,1,0,0,0,0,0,1,0,0,0,1,0,1,1,0,1,0,0,0,-0.0287379441246509,2.379439713831863e-4,0.25822350876217437
915961396358e7,5514278,0,0,0,0,1,0,0,1,0,0,0,0,6170,80,50,0.2857143,0,1,0,0,0,0,1,0,0,0,0,0,0,0,1,1,1,0,1,0,0,0,0,1,1,0,0,1,0,0,0,1,0,0,1,1,0,0,0,-0.042176309547492866,2.303976103379211e-4,0.28077404264817807
