nombrepignorante,prenda,dummy_dow1,dummy_dow2,dummy_dow3,dummy_dow4,dummy_dow5,dummy_suc1,dummy_suc2,dummy_suc3,dummy_suc4,dummy_suc5,prestamo,pr_recup,edad,visit_number,num_arms,faltas,genero,pres_antes,fam_pide,fam_comun,ahorros,cta_tanda,masqueprepa,estresado_seguido,oc,pb,fb,hace_presupuesto,tentado,low_cost,low_time,rec_cel,pago_frec_vol_promise,insample,rf_pred
730135088088e7,42124247,0,0,0,0,0,0,0,1,0,0,2950,100,41,1,4,0.42857143,1,1,0,1,1,0,0,1,1,0,0,1,0,1,1,0,1,1,0.6061566279506209
344729471036e7,80117095,0,0,0,0,1,0,0,0,0,1,730,100,25,1,3,0.14285715,1,1,0,1,0,0,0,0,1,1,0,1,1,1,1,1,0,1,0.08337192749281547
-3.2744191927800003e+018,10462810,1,0,0,0,0,0,0,0,0,0,1350,100,46,2,2,0.14285715,1,1,1,1,1,1,1,0,1,0,1,1,1,1,0,1,1,1,0.5749919193380564
240480902745e7,78133425,0,0,0,0,1,0,0,0,1,0,3840,100,48,1,1,0,1,1,0,0,0,0,1,0,1,0,0,0,0,1,1,0,0,1,0.3356630982981989
392568288525e7,80116885,0,0,0,1,0,0,0,0,0,1,1000,100,23,1,2,0.42857143,1,0,0,0,0,0,1,0,1,0,0,0,0,1,1,0,0,1,0.06220250609388069
-364929439379e7,78134640,0,1,0,0,0,0,0,0,1,0,1140,90,37,1,1,0.14285715,1,1,0,1,1,1,0,0,1,0,0,0,1,0,1,1,0,1,0.2974249219331437
421277705911e7,78134643,0,1,0,0,0,0,0,0,1,0,980,70,19,1,1,0,1,1,0,0,1,0,1,0,1,0,0,0,1,1,1,0,1,1,0.35426756194706377
-470199562505e7,3592018,1,0,0,0,0,1,0,0,0,0,290,100,45,1,1,0.14285715,1,1,1,1,1,0,1,1,1,0,0,0,1,1,0,0,1,1,0.5136726826150049
6.4981956243500006e+017,78134527,0,0,0,1,0,0,0,0,1,0,200,70,25,1,1,0.14285715,0,0,0,1,1,0,1,0,1,0,0,1,0,1,0,1,0,1,0.329073072535228
-2.0655618181699999e+018,80119079,0,0,1,0,0,0,0,0,0,1,5900,70,62,1,1,0,1,0,0,0,0,1,0,1,1,1,0,1,1,1,0,0,0,1,0.060193302825533014
-374266602972e7,80117698,0,0,0,0,0,0,0,0,0,1,500,100,41,1,1,0.71428573,1,1,0,0,0,0,0,1,1,0,0,0,0,0,0,0,0,1,0.06541809090111127
-3.8131018894599997e+018,42123510,0,0,0,1,0,0,0,1,0,0,800,100,47,1,1,0,1,1,0,0,0,0,1,1,1,0,0,0,1,0,1,1,1,1,0.5760286564166334
3.2660173174200003e+018,42124253,0,0,0,0,0,0,0,1,0,0,2700,75,49,1,1,0,1,0,1,1,0,0,1,0,1,0,0,1,1,0,1,0,1,1,0.6408357090463224
-234195659849e6,10462588,0,0,1,0,0,0,0,0,0,0,1200,100,36,1,1,0.2857143,0,1,0,0,0,1,1,0,1,0,0,1,1,0,1,1,0,1,0.44293440998121963
-761416542296e7,10462072,0,0,0,0,1,0,0,0,0,0,2590,100,38,1,1,0,1,1,1,1,0,0,1,0,1,0,0,1,1,0,0,0,0,1,0.5670766135815725
863480511657e7,42125290,0,0,0,1,0,0,0,1,0,0,1920,80,28,1,1,0.2857143,1,0,1,0,0,1,1,0,1,0,0,1,0,1,1,1,1,1,0.5512793193413368
-7.9429173111600005e+018,78136131,0,1,0,0,0,0,0,0,1,0,1510,100,28,1,1,0,0,1,0,1,0,1,0,1,1,0,0,0,1,1,1,0,0,1,0.3182727120293677
-142672195217e6,42124637,0,0,1,0,0,0,0,1,0,0,1270,80,58,1,1,0,1,1,0,0,0,1,1,0,1,0,0,0,0,0,1,0,0,1,0.5050035213152432
716073032073e7,78131789,0,0,0,0,1,0,0,0,1,0,1060,70,53,1,1,0,1,1,0,0,0,1,0,0,1,0,0,1,1,1,1,0,0,1,0.3591019454057678
113329005384e7,78134530,0,0,0,1,0,0,0,0,1,0,1290,70,44,1,1,0.14285715,0,1,0,0,0,1,1,0,1,0,0,0,1,1,1,0,0,1,0.31523076258668536
113329005384e7,78134531,0,0,0,1,0,0,0,0,1,0,1110,70,44,1,1,0.14285715,0,1,0,0,0,1,1,0,1,0,0,0,1,1,1,0,0,1,0.31063178491130417
-8.2972163691599995e+018,78134608,1,0,0,0,0,0,0,0,1,0,1690,75,42,1,1,0.2857143,0,1,1,1,1,0,1,0,1,0,0,0,1,0,1,1,0,1,0.3025405131195241
-731125707912e7,80116891,0,0,0,1,0,0,0,0,0,1,2400,100,50,1,3,0.14285715,1,1,1,1,0,0,1,0,1,0,0,1,1,0,0,1,0,1,0.05783947649784202
-431445730763e7,78132516,0,0,0,0,0,0,0,0,1,0,2270,90,48,1,2,0,1,1,0,0,0,0,0,0,1,0,0,1,0,0,1,0,0,1,0.3261062132015459
-40419238528e8,80117425,0,0,1,0,0,0,0,0,0,1,15170,100,28,1,1,0,1,0,0,0,0,0,1,0,1,0,0,1,0,0,1,0,0,1,0.06607037234918797
1.2270479259299999e+018,5522845,0,1,0,0,0,0,1,0,0,0,2250,100,35,1,1,0,1,1,0,0,1,1,1,0,1,1,0,1,1,1,0,0,1,1,0.5502295138472025
1.2270479259299999e+018,5522843,0,1,0,0,0,0,1,0,0,0,1270,100,35,1,1,0,1,1,0,0,1,1,1,0,1,1,0,1,1,1,0,0,1,1,0.533141547642449
-2.3601971854599997e+018,78134234,1,0,0,0,0,0,0,0,1,0,4400,100,60,1,1,0,1,1,0,0,0,1,0,0,1,0,0,1,1,0,1,1,1,1,0.42393499577658234
-4.7114398688399995e+018,78133639,0,1,0,0,0,0,0,0,1,0,9600,100,43,1,1,0,0,1,1,1,1,0,1,0,1,0,0,1,1,1,1,0,0,1,0.36537322030461766
385505870656e7,10463318,0,1,0,0,0,0,0,0,0,0,2830,100,20,1,2,0.14285715,1,1,0,0,1,0,1,1,1,0,0,0,1,1,1,0,1,1,0.49271552796371215
715034679268e6,10463949,0,0,0,0,0,0,0,0,0,0,3360,80,47,1,1,0,1,1,0,0,1,0,1,0,1,0,0,1,1,0,0,0,1,1,0.6269247157332879
-776104540894e7,78132605,0,1,0,0,0,0,0,0,1,0,2200,100,32,1,1,0,0,1,0,0,0,0,0,1,1,0,0,1,1,0,1,0,0,1,0.32002020309197177
-6.9593190173199995e+018,10463186,0,1,0,0,0,0,0,0,0,0,930,100,35,3,4,0,1,1,0,0,1,0,1,0,1,0,0,1,1,1,1,0,1,1,0.48040335212638163
2.2776364960300001e+018,3592241,0,0,0,0,0,1,0,0,0,0,960,70,38,1,1,0.42857143,1,1,1,0,0,0,0,0,1,0,0,1,1,0,0,0,1,1,0.5494001475013014
-891013129704e7,5514473,0,0,0,0,0,0,1,0,0,0,880,65,37,1,1,0.14285715,1,1,0,0,0,0,0,0,1,0,0,0,1,0,0,1,0,1,0.4024284405974889
-2.5521312832199997e+018,78132737,0,0,0,0,0,0,0,0,1,0,660,90,28,1,1,0.2857143,1,1,0,0,0,1,1,0,1,0,0,0,1,1,1,1,0,1,0.29664833978727984
814381816568e7,78134593,0,0,0,0,0,0,0,0,1,0,860,80,57,1,1,0.42857143,0,0,0,0,0,0,0,1,1,0,1,1,0,0,0,1,1,1,0.43013307896232267
796754982227e7,80117273,0,0,0,0,1,0,0,0,0,1,2960,90,51,1,1,0,0,1,0,1,1,0,1,0,1,1,0,0,0,0,0,1,0,1,0.08142006876173324
129209362164e7,3586695,0,0,0,0,0,1,0,0,0,0,620,100,28,1,1,0,1,1,1,1,1,1,1,1,1,0,0,1,1,1,1,1,0,1,0.41267483895452517
454405298663e7,10462945,0,0,1,0,0,0,0,0,0,0,580,100,19,1,2,0,1,1,1,0,1,0,1,0,1,0,0,1,0,0,0,0,0,1,0.4347427199785272
683353043235e7,78134616,1,0,0,0,0,0,0,0,1,0,3590,100,25,1,1,0,1,0,0,0,0,0,1,0,1,0,0,1,0,1,0,0,0,1,0.37401516864835727
-738951045241e7,78132739,0,0,0,0,0,0,0,0,1,0,950,100,38,1,1,0,1,1,0,0,0,1,1,0,1,0,1,1,0,0,1,1,0,1,0.3161752795012202
-737829808685e7,78134514,0,0,0,1,0,0,0,0,1,0,1060,100,31,1,1,0.14285715,1,1,1,1,1,0,1,1,1,0,1,1,0,0,1,0,0,1,0.32879054903385413
-7.8066476493299994e+017,5521215,0,1,0,0,0,0,1,0,0,0,1910,100,63,1,1,1,1,1,0,0,0,0,0,1,1,1,0,0,1,0,0,0,1,1,0.47669490045338586
-770044884851e7,3591992,1,0,0,0,0,1,0,0,0,0,1860,100,31,1,1,0,0,1,0,0,1,0,1,1,1,0,0,1,1,1,0,0,1,1,0.5640986831175218
3.7190607910599997e+018,3594391,0,0,0,0,0,1,0,0,0,0,1280,100,70,1,1,0,1,1,0,0,0,0,0,0,1,1,0,0,1,0,1,0,0,1,0.480511596008341
133611652918e7,78134110,0,0,0,1,0,0,0,0,1,0,470,80,33,1,1,0.14285715,1,1,1,0,0,0,0,0,1,0,0,1,1,0,0,1,0,1,0.3101371297887263
4.0628536467399997e+018,42124672,0,0,0,1,0,0,0,1,0,0,2520,100,22,1,4,0.42857143,0,1,0,0,0,0,0,1,1,0,0,0,1,1,1,1,1,1,0.6390257462401951
-632663813733e7,10463772,0,0,0,0,1,0,0,0,0,0,7180,100,45,1,1,0,0,1,0,0,0,1,1,0,1,0,0,1,0,1,1,0,1,1,0.5695511911784503
-363488836008e7,42124626,0,0,1,0,0,0,0,1,0,0,1310,100,87,1,2,0.14285715,1,1,0,0,1,1,0,0,1,0,1,1,1,1,0,0,1,1,0.6221258432365847
-152819828698e7,80116877,0,0,0,1,0,0,0,0,0,1,4020,70,48,1,1,0.85714287,1,1,0,0,0,1,1,1,1,0,0,0,0,0,0,1,0,1,0.06481220528558461
539646523084e6,78136285,1,0,0,0,0,0,0,0,1,0,4220,100,59,1,1,0,1,1,1,0,0,0,0,0,1,0,0,1,0,1,1,0,0,1,0.35385545445909045
-328406318977e7,78133615,0,1,0,0,0,0,0,0,1,0,2000,100,39,1,1,0,0,0,1,0,0,0,1,0,1,1,0,1,0,1,1,0,0,1,0.3359717197077639
-723036903523e7,10463526,0,0,0,1,0,0,0,0,0,0,1020,100,40,1,1,0,0,0,1,1,0,0,1,0,1,0,0,1,1,1,0,1,0,1,0.4721979778084536
783648339691e7,78134155,0,0,0,1,0,0,0,0,1,0,1530,60,50,2,2,0,1,1,1,1,0,0,1,0,1,0,0,1,0,0,0,0,1,1,0.35907612205581746
3.3577261163000003e+018,42124252,0,0,0,0,0,0,0,1,0,0,800,95,60,1,1,0,0,1,0,1,1,0,1,0,1,0,0,1,1,1,1,0,1,1,0.5501765276085477
-152819828698e7,80116878,0,0,0,1,0,0,0,0,0,1,1670,70,48,1,1,0.85714287,1,1,0,0,0,1,1,1,1,0,0,0,0,0,0,1,0,1,0.063090529092084
-193436078224e7,42124318,1,0,0,0,0,0,0,1,0,0,450,100,35,1,1,0.2857143,1,1,1,0,0,0,0,1,1,1,0,1,1,0,0,1,0,1,0.46521899765366787
882677519178e7,5514481,0,0,0,0,0,0,1,0,0,0,2760,100,29,1,2,0.2857143,1,1,0,0,1,1,1,0,1,0,0,0,1,0,1,1,0,1,0.4080174808580172
-347181391445e7,80118476,0,0,0,1,0,0,0,0,0,1,3750,100,50,1,1,0,0,0,0,0,1,0,1,0,1,1,0,1,1,1,0,1,0,1,0.056713332186934494
-483548377897e7,42125650,1,0,0,0,0,0,0,1,0,0,900,100,46,2,2,0,1,1,0,0,0,1,1,0,1,0,0,1,0,1,1,0,1,1,0.5673653909662544
834155744982e7,10462812,1,0,0,0,0,0,0,0,0,0,2120,100,39,1,2,0.14285715,1,0,0,0,0,0,1,0,1,1,0,0,1,1,1,0,0,1,0.47162035201932967
280020528781e7,78136107,0,1,0,0,0,0,0,0,1,0,1530,75,43,1,1,0.2857143,1,0,0,0,0,0,0,0,1,0,0,1,0,1,1,1,0,1,0.3297499100150945
32462739034e7,78136273,1,0,0,0,0,0,0,0,1,0,1640,100,54,1,1,0,1,1,1,1,0,0,1,1,1,0,0,1,0,1,1,0,0,1,0.33645015232386666
-3.6336297997799997e+018,80118007,0,0,0,0,0,0,0,0,0,1,4050,100,39,1,1,0.5714286,1,1,1,0,1,0,1,1,1,1,0,1,1,1,1,1,0,1,0.060026265745529224
2.7547733428600003e+018,80116883,0,0,0,1,0,0,0,0,0,1,1060,100,37,1,2,0.71428573,0,1,0,1,0,1,1,1,1,0,1,1,1,0,0,0,0,1,0.06416446471236605
3.7165504820199997e+018,78136278,1,0,0,0,0,0,0,0,1,0,1920,100,22,1,1,0,0,1,1,1,0,0,1,1,1,0,0,0,1,0,1,0,0,1,0.33709499028881873
-774778591921e7,78136042,0,0,0,1,0,0,0,0,1,0,150,100,22,1,1,0,1,1,0,0,0,0,1,0,1,0,0,0,1,1,1,0,0,1,0.336911626826865
-3.6336297997799997e+018,80118013,0,0,0,0,0,0,0,0,0,1,2340,100,39,1,1,0.5714286,1,1,1,0,1,0,1,1,1,1,0,1,1,1,1,1,0,1,0.060216980934592504
-547927472407e7,78133893,0,0,0,1,0,0,0,0,1,0,840,100,51,1,1,0,1,1,1,1,0,0,0,1,1,0,0,1,1,1,1,0,0,1,0.3620497539902981
-65779143305e8,42125813,1,0,0,0,0,0,0,1,0,0,1160,100,39,1,1,0.14285715,0,0,0,0,0,0,1,1,1,0,0,1,1,1,1,0,0,1,0.5297499177583959
-311686363175e7,78132506,0,0,0,0,0,0,0,0,1,0,960,100,34,1,1,0.14285715,1,1,0,0,0,0,1,0,1,0,0,1,0,1,1,0,1,1,0.33433590215354836
-328943546999e7,80117965,0,0,1,0,0,0,0,0,0,1,1000,100,53,1,1,0,1,0,0,0,0,1,0,0,1,0,0,0,1,1,0,0,0,1,0.05640293275700141
-4.3894341290599997e+018,80118481,0,0,0,1,0,0,0,0,0,1,1530,100,58,1,1,0.42857143,1,1,0,0,0,0,0,1,1,0,0,0,0,0,0,0,0,1,0.06017568600058942
4.0372305459399997e+018,80117706,0,0,0,0,0,0,0,0,0,1,2850,100,30,1,1,0,1,1,0,0,1,0,0,0,1,0,0,1,1,1,1,0,0,1,0.056111792127728856
-294453718323e6,78132705,0,0,0,0,0,0,0,0,1,0,1020,100,25,1,1,0.5714286,1,1,0,0,0,0,0,0,1,0,0,1,1,0,0,1,0,1,0.30126261170705615
456519180839e7,42124329,1,0,0,0,0,0,0,1,0,0,210,90,33,1,1,0,1,1,0,0,0,1,1,0,1,0,0,1,0,0,1,0,1,1,0.5520883501151406
-449673066163e6,78134645,0,1,0,0,0,0,0,0,1,0,2150,80,18,1,1,0,0,0,1,1,0,1,1,0,1,0,0,1,1,1,1,0,1,1,0.3977466845632045
763128029101e7,80118480,0,0,0,1,0,0,0,0,0,1,3100,100,62,3,3,0,1,1,0,0,1,0,0,1,1,0,0,1,1,1,1,0,0,1,0.05345046246200718
-196061744958e7,10463448,0,0,0,1,0,0,0,0,0,0,620,100,25,1,1,0.14285715,1,1,0,0,0,0,1,1,1,0,1,0,1,0,0,0,0,1,0.39877367174834827
-723437256517e7,78133160,0,0,0,0,1,0,0,0,1,0,2500,100,50,1,2,0,1,1,0,0,0,0,1,0,1,1,0,1,1,1,1,0,1,1,0.3684410983654348
716650001095e7,42124687,0,0,1,0,0,0,0,1,0,0,2960,50,53,1,1,0.14285715,1,1,1,0,0,1,0,0,1,1,0,0,0,0,0,1,1,1,0.5226758990830938
-876040368353e7,78134238,1,0,0,0,0,0,0,0,1,0,3150,75,30,1,1,0.14285715,1,1,1,0,0,1,1,1,1,0,0,0,0,1,1,1,1,1,0.3694701874439705
-891013129704e7,5514472,0,0,0,0,0,0,1,0,0,0,2810,65,37,1,1,0.14285715,1,1,0,0,0,0,0,0,1,0,0,0,1,0,0,1,0,1,0.45547017823982305
489514094719e7,78134517,0,0,0,1,0,0,0,0,1,0,2340,100,55,2,1,0,1,1,0,0,0,0,1,0,1,0,0,1,0,1,1,0,0,1,0.3447257662864048
-394352389673e7,10463956,0,0,0,0,0,0,0,0,0,0,3760,90,49,1,1,0,1,1,1,1,0,1,1,0,1,0,1,1,1,0,1,0,1,1,0.7139224787375031
-436729280164e7,80117778,0,1,0,0,0,0,0,0,0,1,3560,100,46,1,1,0,1,1,0,0,0,0,0,1,1,1,0,0,1,1,0,0,0,1,0.08300667091758084
676678206729e7,5524609,0,0,0,0,0,0,1,0,0,0,3080,100,56,1,1,0.14285715,0,1,0,0,0,0,0,0,1,0,0,1,1,1,1,0,0,1,0.4909198037411847
-159312504404e7,10462567,0,0,1,0,0,0,0,0,0,0,330,100,51,1,1,0.14285715,0,1,0,1,0,0,1,1,1,0,0,1,1,1,1,1,1,1,0.49193080652544025
2.1839848020499999e+018,10463950,0,0,0,0,0,0,0,0,0,0,3430,80,47,1,1,0,1,1,0,0,1,0,1,0,1,0,0,1,1,0,0,0,1,1,0.6284425728761452
-2.3601971854599997e+018,78134233,1,0,0,0,0,0,0,0,1,0,5440,100,60,1,1,0,1,1,0,0,0,1,0,0,1,0,0,1,1,0,1,1,1,1,0.430635211528603
-6.5866142121999995e+018,78132586,0,1,0,0,0,0,0,0,1,0,2720,100,44,1,3,0,1,1,0,0,1,0,1,1,1,0,0,1,0,1,1,0,0,1,0.3379221463892471
3.1411030957799997e+018,78134615,1,0,0,0,0,0,0,0,1,0,4230,100,63,1,1,0.14285715,1,1,1,1,1,0,1,1,1,0,0,0,0,0,1,0,0,1,0.34397166834072745
-3.8131018894599997e+018,42123511,0,0,0,1,0,0,0,1,0,0,1410,100,47,1,1,0,1,1,0,0,0,0,1,1,1,0,0,0,1,0,1,1,1,1,0.5947200630281045
425094363141e7,78133296,0,1,0,0,0,0,0,0,1,0,680,100,39,2,2,0,1,1,0,0,1,1,0,0,1,0,0,1,0,0,1,0,0,1,0.307001354101077
733797577067e7,10462396,0,1,0,0,0,0,0,0,0,0,2440,100,21,1,1,0,1,1,0,0,1,1,1,0,1,0,1,1,0,1,0,0,1,1,0.5290920540327202
-671356529291e7,80118763,0,1,0,0,0,0,0,0,0,1,400,90,53,1,1,0.5714286,1,1,1,1,0,1,0,1,1,0,0,1,0,0,0,1,0,1,0.09246332827361387
-1.4764443008700001e+018,78132594,0,1,0,0,0,0,0,0,1,0,680,100,70,1,2,0.2857143,1,1,1,0,1,0,0,1,1,0,0,1,1,0,0,0,0,1,0.3281365752578476
-4.2971933591800003e+018,10463019,0,0,0,1,0,0,0,0,0,0,1990,100,28,1,2,0,1,1,0,0,1,1,1,0,1,0,0,1,1,0,1,0,0,1,0.48750047240927885
-831457653967e7,10462074,1,0,0,0,0,0,0,0,0,0,3460,100,51,1,1,0.42857143,1,1,0,0,1,1,1,0,1,0,1,1,1,0,0,1,0,1,0.5131357681678212
-441334532065e7,42124651,0,0,0,1,0,0,0,1,0,0,9010,50,22,1,1,0.2857143,0,1,1,1,0,0,1,1,1,0,0,0,1,0,1,0,1,1,0.5839406470679405
-859294320223e7,5521228,0,1,0,0,0,0,1,0,0,0,780,100,33,1,1,0,0,1,0,1,1,0,1,0,1,0,0,1,1,1,1,0,1,1,0.46690162165511545
-562971620912e7,10463006,0,0,0,1,0,0,0,0,0,0,1060,100,70,2,3,0.14285715,1,1,0,1,0,0,1,0,1,0,0,1,0,1,0,0,0,1,0.4769895572882044
448968201553e7,3592281,0,0,0,0,0,1,0,0,0,0,1330,100,50,1,1,0.14285715,1,1,0,0,1,1,1,0,1,0,0,1,0,1,0,0,1,1,0.6518155550616092
-394352389673e7,10463958,0,0,0,0,0,0,0,0,0,0,1200,90,49,1,1,0,1,1,1,1,0,1,1,0,1,0,1,1,1,0,1,0,1,1,0.6949386632194509
530859401801e7,10463499,1,0,0,0,0,0,0,0,0,0,1930,100,49,2,2,0,1,1,1,0,0,0,1,0,1,0,0,1,1,0,0,0,1,1,0.5618615039474336
113329005384e7,78134532,0,0,0,1,0,0,0,0,1,0,2440,70,44,1,1,0.14285715,0,1,0,0,0,1,1,0,1,0,0,0,1,1,1,0,0,1,0.3171392228167731
-7.9198838352399995e+018,78134399,0,0,0,0,0,0,0,0,1,0,1280,100,24,1,1,0,1,1,0,0,0,0,1,0,1,0,0,1,1,0,1,0,0,1,0.34584490543728424
763466148358e5,3586699,0,0,0,0,0,1,0,0,0,0,2180,100,56,1,1,0,1,1,0,0,0,1,1,0,1,0,0,1,0,1,1,0,0,1,0.5074599347740372
-2.1869117461100001e+018,10462573,0,0,1,0,0,0,0,0,0,0,4810,20,29,1,1,0,1,1,0,0,0,0,1,0,0,0,0,1,1,1,1,0,1,1,0.5710149594465439
-465405728239e7,42124327,1,0,0,0,0,0,0,1,0,0,580,100,52,1,1,0.2857143,0,0,0,0,0,0,1,0,1,1,0,1,0,1,1,1,1,1,0.5274713140568893
502593203022e7,78134612,1,0,0,0,0,0,0,0,1,0,1020,100,50,1,1,0,1,1,0,0,1,1,1,0,1,0,0,1,0,0,1,0,0,1,0.322398498478949
349108413827e6,80116871,0,0,0,1,0,0,0,0,0,1,710,100,53,1,1,0.14285715,1,1,1,1,0,0,1,1,1,0,0,1,1,1,1,1,0,1,0.05895159287860339
-43513897106e8,10463756,0,0,0,0,1,0,0,0,0,0,1130,100,53,2,2,0.14285715,1,1,1,1,0,1,0,0,1,0,0,1,1,1,0,0,1,1,0.5749282224616887
-376245581438e6,5524177,0,0,0,0,0,0,1,0,0,0,1200,100,43,1,1,0,1,1,0,0,0,0,1,0,1,0,0,1,1,1,0,0,1,1,0.5442758336999951
-470199562505e7,3592019,1,0,0,0,0,1,0,0,0,0,730,100,45,1,1,0.14285715,1,1,1,1,1,0,1,1,1,0,0,0,1,1,0,0,1,1,0.5257095648389428
-486116538401e7,78136327,0,1,0,0,0,0,0,0,1,0,1890,100,41,1,1,0,1,1,1,1,0,0,1,0,1,0,0,1,0,0,0,0,0,1,0.3049190957109261
-108840725432e7,80117682,0,0,0,0,0,0,0,0,0,1,1150,100,39,1,1,0.5714286,1,1,1,0,1,0,1,1,1,1,0,1,1,1,1,1,0,1,0.06059553199998208
214845096016e7,42125811,1,0,0,0,0,0,0,1,0,0,980,80,41,1,1,0.14285715,1,1,0,0,0,1,0,0,1,0,0,0,1,0,0,0,1,1,0.5462248207461693
-733155700214e7,80118864,0,0,0,0,0,0,0,0,0,1,2070,100,31,1,1,0,1,1,1,1,1,0,1,0,1,0,0,1,1,0,0,0,0,1,0.06448742825528096
-3.8131018894599997e+018,42123509,0,0,0,1,0,0,0,1,0,0,1070,100,47,1,1,0,1,1,0,0,0,0,1,1,1,0,0,0,1,0,1,1,1,1,0.5885782711722997
-453767400261e7,3591991,1,0,0,0,0,1,0,0,0,0,2520,60,40,1,2,0.14285715,1,1,1,1,0,1,1,0,1,0,0,1,1,1,1,0,1,1,0.6333744323682314
118122462744e7,10463500,1,0,0,0,0,0,0,0,0,0,1060,100,22,1,1,0,1,0,1,1,0,1,1,0,1,0,0,1,0,1,1,0,1,1,0.5360134801023104
22809425834e8,78134166,0,0,0,0,1,0,0,0,1,0,440,100,28,2,1,0,0,1,1,1,0,0,1,0,1,0,0,1,0,0,0,0,0,1,0.3008823982298465
351471360124e7,78136125,0,1,0,0,0,0,0,0,1,0,380,100,29,1,1,0.14285715,1,1,0,0,0,0,1,1,1,0,0,0,1,1,0,0,0,1,0.3000667264541608
704688239254e7,10463757,0,0,0,0,1,0,0,0,0,0,1720,100,45,1,1,0,1,1,0,1,0,0,1,0,1,0,0,1,1,1,1,0,1,1,0.5977734925228071
-534910489079e7,5514350,0,1,0,0,0,0,1,0,0,0,1230,100,50,2,3,0.42857143,1,1,0,1,0,0,1,0,1,0,0,1,0,1,1,0,0,1,0.406177589658149
16485777775e8,78133165,0,0,0,0,1,0,0,0,1,0,370,70,42,1,2,0.14285715,1,1,0,0,0,0,1,0,1,0,0,1,0,0,0,0,0,1,0.317803766963792
-917467215167e7,10462066,0,0,0,0,1,0,0,0,0,0,610,100,52,1,2,0,0,1,1,0,1,0,1,0,1,0,0,0,0,0,0,1,0,1,0.41465728443084365
-756664221401e7,78133914,0,0,0,1,0,0,0,0,1,0,3540,100,58,3,3,0.14285715,1,1,0,0,0,0,0,0,1,0,1,0,1,1,1,0,0,1,0.36731944131971556
-3.6336297997799997e+018,80118012,0,0,0,0,0,0,0,0,0,1,3910,100,39,1,1,0.5714286,1,1,1,0,1,0,1,1,1,1,0,1,1,1,1,1,0,1,0.05933411067837415
789152311783e7,3590982,1,0,0,0,0,1,0,0,0,0,900,50,66,1,1,1,0,1,0,0,0,0,0,1,1,0,0,0,1,1,0,0,0,1,0.4565998485558954
723814044506e7,80117101,0,0,0,0,1,0,0,0,0,1,3940,100,32,1,1,0,1,1,1,1,1,1,1,0,1,0,0,1,0,1,1,1,0,1,0.0812521132352935
6.0935554885100006e+017,42122479,1,0,0,0,0,0,0,1,0,0,880,80,44,1,1,0.5,1,1,1,1,0,1,0,1,1,1,0,0,1,1,1,1,0,1,0.39421901399947606
-323674866557e7,80118872,0,0,0,0,0,0,0,0,0,1,3750,100,43,2,3,0,1,1,0,0,0,1,0,0,1,0,0,0,1,0,0,1,0,1,0.06323898087286405
-335847463726e6,42125293,0,0,0,1,0,0,0,1,0,0,790,80,59,1,1,0,1,1,0,1,1,0,1,0,1,0,0,1,0,1,1,1,0,1,0.5016574582434309
331963423288e6,80117081,0,0,0,0,1,0,0,0,0,1,440,100,25,1,1,0,1,0,0,0,1,0,1,0,1,0,0,1,0,0,0,0,1,1,0.09952671081509551
-685597651912e7,10463312,0,1,0,0,0,0,0,0,0,0,230,100,34,1,1,0,1,1,0,0,0,0,0,0,1,0,0,0,1,0,0,0,0,1,0.3973250595430313
1.9749044126300001e+018,80117657,0,0,0,0,1,0,0,0,0,1,840,100,35,1,2,0,1,1,0,0,1,1,0,0,1,0,0,0,0,1,0,0,0,1,0.07825920342572984
-378400204184e7,78133635,0,1,0,0,0,0,0,0,1,0,4030,100,25,1,1,0,0,0,1,0,1,0,1,0,1,0,0,1,0,1,1,0,1,1,0.387197789336866
921385454383e7,80118065,0,0,0,1,0,0,0,0,0,1,2640,100,50,1,1,0,0,0,0,0,1,0,1,0,1,1,0,1,1,1,0,1,0,1,0.056012462753983486
-3.6336297997799997e+018,80118003,0,0,0,0,0,0,0,0,0,1,3540,100,39,1,1,0.5714286,1,1,1,0,1,0,1,1,1,1,0,1,1,1,1,1,0,1,0.05990083919647066
364516883955e7,10463503,1,0,0,0,0,0,0,0,0,0,2170,80,50,2,2,0.2857143,1,1,0,0,1,1,1,0,1,0,0,1,1,0,0,0,0,1,0.565655038982314
583962502297e7,10463496,1,0,0,0,0,0,0,0,0,0,1280,80,44,1,1,0,1,1,0,0,0,0,1,1,1,0,0,1,1,0,0,1,1,1,0.5817836348835432
214845096016e7,42125810,1,0,0,0,0,0,0,1,0,0,810,80,41,1,1,0.14285715,1,1,0,0,0,1,0,0,1,0,0,0,1,0,0,0,1,1,0.5419911619778012
-485205653105e7,3595311,0,0,0,0,0,1,0,0,0,0,1830,100,60,1,1,0,1,1,0,1,0,0,1,1,1,0,0,0,0,1,0,0,0,1,0.4820006199366281
514262415503e6,78133896,0,0,0,1,0,0,0,0,1,0,640,100,42,1,1,0,1,0,0,0,0,1,1,0,1,0,0,1,0,1,1,1,0,1,0.3428969968449285
593453233218e7,10462451,0,0,0,0,1,0,0,0,0,0,130,100,46,1,1,0,1,0,0,1,1,0,1,0,1,1,0,1,0,0,0,0,0,1,0.4654444096873453
-5.7134329590000005e+018,5522818,0,1,0,0,0,0,1,0,0,0,2200,90,39,1,1,0,1,0,0,0,1,1,0,0,1,0,0,0,1,0,0,0,0,1,0.4379975350534455
4.8464489885199995e+018,3586697,0,0,0,0,0,1,0,0,0,0,3580,100,55,1,1,0,1,1,0,0,0,0,1,0,1,0,0,1,0,1,1,0,0,1,0.48143706892776056
494234870679e7,5514477,0,0,0,0,0,0,1,0,0,0,2780,100,31,1,1,0.14285715,1,0,0,0,0,1,1,0,1,0,0,1,1,1,1,1,1,1,0.5222392785511984
-899104389128e7,80118770,0,1,0,0,0,0,0,0,0,1,2470,80,45,1,1,0,1,1,0,0,0,0,0,0,1,0,0,0,1,0,1,0,1,1,0.09091193204045234
-350180817405e7,78132596,0,1,0,0,0,0,0,0,1,0,1530,100,50,1,2,0,1,1,1,1,1,0,0,0,1,0,0,1,0,1,1,0,0,1,0.31844717213904145
-534910489079e7,5514349,0,1,0,0,0,0,1,0,0,0,1020,100,50,2,3,0.42857143,1,1,0,1,0,0,1,0,1,0,0,1,0,1,1,0,0,1,0.40288059448483127
-733619263631e7,10463185,0,1,0,0,0,0,0,0,0,0,1430,100,51,1,1,0,1,1,0,0,0,0,1,0,1,0,0,1,0,1,1,0,0,1,0.4334552864573
-731125707912e7,80116890,0,0,0,1,0,0,0,0,0,1,2450,100,50,1,3,0.14285715,1,1,1,1,0,0,1,0,1,0,0,1,1,0,0,1,0,1,0.05742215371549022
-928985161548e6,78132733,0,0,0,0,0,0,0,0,1,0,1900,100,44,1,1,0,1,1,1,1,1,1,1,0,1,1,0,0,1,0,0,1,0,1,0.3125447631263829
-848585346992e7,80116886,0,0,0,1,0,0,0,0,0,1,2000,100,31,1,1,0,0,0,0,0,1,0,0,0,1,0,0,0,1,1,0,0,0,1,0.05920641969608592
349108413827e6,80116872,0,0,0,1,0,0,0,0,0,1,1110,100,53,1,1,0.14285715,1,1,1,1,0,0,1,1,1,0,0,1,1,1,1,1,0,1,0.05771044867532494
4.0628536467399997e+018,42124674,0,0,0,1,0,0,0,1,0,0,1490,100,22,1,4,0.42857143,0,1,0,0,0,0,0,1,1,0,0,0,1,1,1,1,1,1,0.6139184350400736
-913936589531e7,42125021,0,0,0,0,0,0,0,1,0,0,3980,100,22,1,1,0,1,1,0,1,1,1,1,0,1,1,0,1,0,0,1,1,0,1,0.49564816389662186
522517633168e7,78134673,0,1,0,0,0,0,0,0,1,0,210,90,27,1,1,0,1,0,0,0,0,0,1,0,1,0,0,0,1,1,0,0,0,1,0.3196774685351075
-1.4764443008700001e+018,78132593,0,1,0,0,0,0,0,0,1,0,1490,100,70,1,2,0,1,1,1,0,1,0,0,1,1,0,0,1,1,0,0,0,0,1,0.3322850761526419
310722439991e7,42123484,0,0,0,1,0,0,0,1,0,0,1170,100,54,1,1,0.2857143,0,1,1,0,0,1,0,0,1,0,1,0,1,1,1,1,1,1,0.5207849130780798
785441059603e7,78136044,0,0,0,1,0,0,0,0,1,0,1130,100,35,4,4,0.42857143,1,1,1,0,1,0,1,0,1,0,0,1,1,0,0,0,0,1,0.3175135586642476
-1.3454772101299999e+018,80117089,0,0,0,0,1,0,0,0,0,1,1950,100,50,1,2,0.14285715,1,1,0,0,0,1,0,0,1,0,0,0,0,1,0,1,0,1,0.07443974625422732
502593203022e7,78134611,1,0,0,0,0,0,0,0,1,0,690,100,50,1,1,0,1,1,0,0,1,1,1,0,1,0,0,1,0,0,1,0,0,1,0.3156345003749008
355543998343e7,42123504,0,0,0,1,0,0,0,1,0,0,3450,100,60,1,1,0,0,1,0,0,0,0,1,0,1,1,0,1,0,1,1,0,1,1,0.5987833892820991
-340463795133e7,5524105,0,0,0,0,0,0,1,0,0,0,1410,100,20,1,1,0.14285715,0,1,0,0,1,0,1,0,1,1,0,0,1,0,1,0,0,1,0.41443156427872707
-557391175143e7,80117703,0,0,0,0,0,0,0,0,0,1,710,100,19,1,1,0,0,0,0,1,0,0,1,0,1,1,0,1,1,0,0,1,0,1,0.07122917168103829
-3.6336297997799997e+018,80118011,0,0,0,0,0,0,0,0,0,1,2990,100,39,1,1,0.5714286,1,1,1,0,1,0,1,1,1,1,0,1,1,1,1,1,0,1,0.05983042529498683
873395671849e7,42125297,0,0,0,1,0,0,0,1,0,0,1820,100,46,1,1,0,0,1,0,0,0,1,0,1,1,0,0,0,1,0,0,1,0,1,0.5366234718136921
-473602795722e7,42125274,0,0,0,1,0,0,0,1,0,0,990,90,36,1,1,0.14285715,1,1,1,1,0,1,0,1,1,0,0,1,1,1,1,0,1,1,0.5898188018114362
381218961859e6,80117301,0,0,0,0,1,0,0,0,0,1,2320,100,32,1,1,0,0,1,1,1,1,0,1,0,1,0,0,1,1,1,1,1,0,1,0.07682923865961849
118574433008e7,3594393,0,0,0,0,0,1,0,0,0,0,8080,100,45,1,2,0,1,1,0,0,1,0,1,0,1,0,0,1,1,1,1,0,0,1,0.5627834378327625
-896449096822e7,78133294,0,1,0,0,0,0,0,0,1,0,860,75,25,1,1,0.14285715,1,1,0,0,1,1,0,1,1,0,0,0,1,1,1,0,0,1,0.3006094197415356
427086641899e7,78136329,0,1,0,0,0,0,0,0,1,0,560,70,18,1,1,0,0,0,1,0,1,0,1,0,1,0,0,0,1,1,1,0,0,1,0.35449007164040947
-465204260322e7,3591976,1,0,0,0,0,1,0,0,0,0,1280,100,28,1,1,0,1,1,0,0,1,0,1,0,1,0,0,1,0,1,1,0,1,1,0.5112521714806727
2.2954612246300001e+018,3591983,1,0,0,0,0,1,0,0,0,0,1530,50,78,2,2,1,1,1,0,1,0,0,0,0,0,0,0,1,1,1,0,0,1,1,0.60098913074955
-3.6336297997799997e+018,80118009,0,0,0,0,0,0,0,0,0,1,3690,100,39,1,1,0.5714286,1,1,1,0,1,0,1,1,1,1,0,1,1,1,1,1,0,1,0.0596411530492845
-4.6769886421199995e+018,3592045,1,0,0,0,0,1,0,0,0,0,650,80,75,1,1,0,1,1,0,0,0,0,0,1,1,0,0,0,0,1,0,0,1,1,0.509716204436595
-7.5538682927600005e+018,42123955,1,0,0,0,0,0,0,1,0,0,1940,40,25,1,1,0.5714286,1,1,1,1,0,0,0,1,1,0,0,1,0,0,0,0,1,1,0.5627360449619008
-544834681231e7,10462942,0,0,1,0,0,0,0,0,0,0,950,100,56,1,1,0.14285715,0,1,0,0,0,0,0,0,1,0,0,1,1,0,0,0,0,1,0.43919912900461233
-249946501145e7,3592036,1,0,0,0,0,1,0,0,0,0,1380,100,38,1,1,0,1,0,0,0,0,0,0,0,1,0,0,1,1,1,1,0,1,1,0.5711769726821463
-763785527751e7,80117686,0,0,0,0,0,0,0,0,0,1,3080,100,39,1,1,0.5714286,1,1,1,0,1,0,1,1,1,1,0,1,1,1,1,1,0,1,0.060211074408545694
-321939777495e7,78134536,0,0,0,1,0,0,0,0,1,0,1500,75,47,2,2,0.5714286,0,0,1,1,1,0,1,0,1,0,1,0,0,1,0,1,0,1,0.3397399502131936
438465566848e7,78133921,0,0,0,1,0,0,0,0,1,0,2750,100,35,1,1,0,0,1,0,0,1,1,1,0,1,0,0,1,0,1,1,0,1,1,0.39088861450745815
133611652918e7,78134112,0,0,0,1,0,0,0,0,1,0,640,100,33,1,1,0.42857143,1,1,1,0,0,0,0,0,1,0,0,1,1,0,0,1,0,1,0.2901116756595148
-325197952551e7,80118873,0,0,0,0,0,0,0,0,0,1,3500,20,50,1,1,0,1,0,0,0,1,1,0,1,0,1,0,0,1,1,1,0,0,1,0.0587370498571989
-663076596217e7,3594388,0,0,0,0,0,1,0,0,0,0,880,100,43,1,1,0,1,1,0,0,0,1,1,1,1,0,0,0,1,1,1,0,0,1,0.45534190084259374
448968201553e7,3592280,0,0,0,0,0,1,0,0,0,0,2340,100,50,1,1,0.14285715,1,1,0,0,1,1,1,0,1,0,0,1,0,1,0,0,1,1,0.6570366149084876
6.1611121404400005e+018,10463457,0,0,0,1,0,0,0,0,0,0,3280,100,48,2,3,0,1,1,0,1,1,0,1,0,1,0,0,0,1,0,1,0,1,1,0.5601499831437883
-852314025867e7,5521223,0,1,0,0,0,0,1,0,0,0,510,100,32,1,1,0.42857143,1,1,0,0,0,0,1,0,1,0,0,0,0,1,1,1,1,1,0.3899674288189393
-347181391445e7,80118474,0,0,0,1,0,0,0,0,0,1,4750,100,50,1,1,0,0,0,0,0,1,0,1,0,1,1,0,1,1,1,0,1,0,1,0.05841238138737989
634509977467e7,5524153,0,0,0,0,0,0,1,0,0,0,2000,100,49,1,1,0.42857143,1,1,1,0,0,1,1,0,1,1,0,1,0,0,0,0,1,1,0.5555462878398347
-874851245055e7,5524169,0,0,0,0,0,0,1,0,0,0,1830,80,49,1,1,0.2857143,1,1,0,1,0,1,1,0,1,0,0,1,1,1,1,0,1,1,0.6382186565770542
-722954526655e7,80118464,0,0,0,1,0,0,0,0,0,1,940,90,48,1,1,0.42857143,1,1,0,0,0,1,1,0,1,0,0,0,1,1,1,0,0,1,0.05911806892463213
-3.8428869304999997e+018,42125163,0,0,0,0,1,0,0,1,0,0,1970,75,24,1,1,0,0,1,0,1,1,1,1,0,1,0,0,0,1,1,1,1,0,1,0.3978628879616063
-141226434639e6,78134614,1,0,0,0,0,0,0,0,1,0,2470,90,37,1,1,0.2857143,1,1,0,0,1,1,1,0,1,0,0,0,1,0,1,1,0,1,0.31645891938605797
-7.0681214903600005e+018,3591999,1,0,0,0,0,1,0,0,0,0,3210,100,30,1,2,0.2857143,1,1,0,0,0,1,1,0,1,0,0,0,0,0,1,1,0,1,0.4687244130237414
626820880552e7,80117094,0,0,0,0,1,0,0,0,0,1,900,40,19,1,1,0.85714287,1,0,0,0,0,0,1,0,1,0,0,1,0,1,1,0,0,1,0.0850234476948521
579317182501e7,42124517,1,0,0,0,0,0,0,1,0,0,2190,80,50,1,2,1,1,1,1,0,1,1,1,0,1,0,0,1,0,1,1,1,0,1,0.5027533705357027
561529540419e7,78132576,0,1,0,0,0,0,0,0,1,0,2010,100,38,1,2,0,0,1,1,0,1,0,1,1,1,0,0,1,0,1,0,0,0,1,0.32571082180548544
4.4345912658599997e+018,3591997,1,0,0,0,0,1,0,0,0,0,7230,100,54,1,1,0.14285715,1,1,0,0,0,0,1,0,1,0,0,1,1,1,1,0,1,1,0.5667433151415566
-862495702462e7,10463192,0,1,0,0,0,0,0,0,0,0,2090,100,60,1,1,0,0,1,1,0,0,0,1,0,1,0,0,1,1,1,0,0,0,1,0.4458361997714977
-308224707744e7,80118004,0,0,0,0,0,0,0,0,0,1,1310,100,22,1,1,0.14285715,1,1,0,1,0,0,1,0,1,0,0,1,1,0,0,1,0,1,0.06661942596428419
-692656548977e7,10463524,0,0,0,1,0,0,0,0,0,0,560,100,44,1,1,0,1,1,0,0,1,0,0,0,1,0,0,0,0,1,1,1,0,1,0.44176735968194747
-835165713352e6,5524602,0,0,0,0,0,0,1,0,0,0,400,100,57,2,2,0,1,1,1,1,1,1,0,1,1,0,1,1,1,1,0,1,1,1,0.5165203952490892
-575001609174e7,80118463,0,0,0,1,0,0,0,0,0,1,2910,100,60,1,1,0.14285715,0,1,1,0,1,0,1,0,1,1,0,1,0,0,0,0,0,1,0.060615730185483274
-428758931189e7,80117978,0,0,1,0,0,0,0,0,0,1,1340,90,29,2,1,0.14285715,0,0,0,0,1,1,1,0,1,1,0,1,1,0,0,0,0,1,0.06619721806302165
921415626312e7,80118088,0,0,1,0,0,0,0,0,0,1,2290,100,39,1,1,0,1,1,0,0,0,0,1,0,1,0,1,1,0,0,0,0,0,1,0.05917340434312002
384396508775e7,80116899,0,0,0,1,0,0,0,0,0,1,7140,100,43,1,1,0,1,1,0,0,0,1,0,1,1,1,0,1,1,1,0,1,0,1,0.06118160326191267
-534910489079e7,5514348,0,1,0,0,0,0,1,0,0,0,1140,100,50,2,3,0.42857143,1,1,0,1,0,0,1,0,1,0,0,1,0,1,1,0,0,1,0.40532396626224376
233431322756e7,80117961,0,0,1,0,0,0,0,0,0,1,730,90,65,1,1,0.2857143,1,1,0,0,0,1,0,0,1,0,1,0,1,0,0,0,0,1,0.06478887429434012
262652186935e7,10463458,0,0,0,1,0,0,0,0,0,0,1260,100,45,1,2,0,0,0,0,0,0,0,0,0,1,0,0,1,1,1,1,0,1,1,0.5695565101880616
580934623974e7,80118833,0,0,0,0,1,0,0,0,0,1,1600,100,52,1,1,0.14285715,1,1,1,0,1,1,0,1,1,1,0,0,1,0,1,0,0,1,0.07983150213010548
-6.6763386103600005e+018,5521237,0,1,0,0,0,0,1,0,0,0,2070,100,43,2,2,0,1,1,0,0,0,1,1,0,1,0,0,1,1,0,1,0,0,1,0.4611970119023039
369879038247e7,78132487,0,0,0,0,0,0,0,0,1,0,1020,100,62,1,1,0.14285715,1,1,1,1,0,1,0,0,1,1,0,1,0,1,1,0,0,1,0.33401972182182227
18191360161e8,78133275,0,1,0,0,0,0,0,0,1,0,330,100,21,1,1,0,1,1,0,0,1,0,0,1,1,0,0,1,1,1,0,0,0,1,0.315393167066322
-7.8066476493299994e+017,5521214,0,1,0,0,0,0,1,0,0,0,2920,100,63,1,1,1,1,1,0,0,0,0,0,1,1,1,0,0,1,0,0,0,1,1,0.49100709521523545
-860053679837e7,42124516,1,0,0,0,0,0,0,1,0,0,2590,100,33,1,2,0,1,1,0,0,1,1,1,0,1,0,0,1,1,1,0,0,1,1,0.6175765054419002
489058430291e7,42124254,0,0,0,0,0,0,0,1,0,0,1140,100,38,1,1,0.14285715,0,1,0,0,1,1,0,1,1,0,1,0,1,1,1,0,0,1,0.4787312420892359
-394352389673e7,10463953,0,0,0,0,0,0,0,0,0,0,1790,90,49,1,1,0,1,1,1,1,0,1,1,0,1,0,1,1,1,0,1,0,1,1,0.7107155975062978
6.0935554885100006e+017,42122480,1,0,0,0,0,0,0,1,0,0,770,80,44,1,1,0.5,1,1,1,1,0,1,0,1,1,1,0,0,1,1,1,1,0,1,0.39263181581754114
-473602795722e7,42125275,0,0,0,1,0,0,0,1,0,0,260,90,36,1,1,0.14285715,1,1,1,1,0,1,0,1,1,0,0,1,1,1,1,0,1,1,0.5495688443879316
6.0935554885100006e+017,42122477,1,0,0,0,0,0,0,1,0,0,2260,80,44,1,1,0.5,1,1,1,1,0,1,0,1,1,1,0,0,1,1,1,1,0,1,0.4144282912718947
-874851245055e7,5524167,0,0,0,0,0,0,1,0,0,0,3810,80,49,1,1,0.2857143,1,1,0,1,0,1,1,0,1,0,0,1,1,1,1,0,1,1,0.6409769482016782
-394352389673e7,10463957,0,0,0,0,0,0,0,0,0,0,5950,90,49,1,1,0,1,1,1,1,0,1,1,0,1,0,1,1,1,0,1,0,1,1,0.7134239045949277
89612955597e8,80118935,0,0,1,0,0,0,0,0,0,1,1230,100,23,1,1,0,0,1,1,1,1,1,1,0,1,0,0,1,0,1,1,1,0,1,0.06259588011140994
-136287854228e7,80116875,0,0,0,1,0,0,0,0,0,1,3210,100,55,1,2,0.14285715,1,1,0,0,1,1,1,0,1,0,0,1,1,1,0,0,0,1,0.055668968448403904
-830565069958e7,5514337,0,1,0,0,0,0,1,0,0,0,5480,50,65,1,1,1,1,1,1,1,0,1,0,1,1,1,0,0,1,0,0,0,0,1,0.46667910198702434
583962502297e7,10463495,1,0,0,0,0,0,0,0,0,0,770,80,44,1,1,0,1,1,0,0,0,0,1,1,1,0,0,1,1,0,0,1,1,1,0.5603312990593097
615551679942e7,5522833,0,1,0,0,0,0,1,0,0,0,1460,100,21,1,1,0,1,0,0,0,1,1,1,0,1,0,0,1,0,1,1,0,0,1,0.4668540159996819
-670999065392e7,42124661,0,0,0,1,0,0,0,1,0,0,550,50,57,1,1,0.2857143,1,1,0,1,0,1,1,1,0,1,0,1,0,1,1,0,0,1,0.4767420339763542
-84162627124e8,80119076,0,0,1,0,0,0,0,0,0,1,440,90,43,1,1,0.14285715,1,1,1,1,0,1,0,0,1,0,0,1,1,1,0,0,0,1,0.06551844016945398
-5.6545113328399995e+018,78132731,0,0,0,0,0,0,0,0,1,0,390,100,27,1,1,0.2857143,1,1,0,0,1,1,1,0,1,1,0,0,1,1,1,0,0,1,0.3011006612866221
415943475559e7,10462814,1,0,0,0,0,0,0,0,0,0,3000,100,26,1,1,0,1,1,0,0,1,0,1,0,1,1,0,1,1,1,1,0,0,1,0.5000738435784767
372817044569e7,78133719,0,0,0,0,1,0,0,0,1,0,1010,100,54,1,2,0,1,1,1,0,0,1,1,0,1,0,0,1,1,1,1,0,0,1,0.3468165043769776
6.0935554885100006e+017,42122478,1,0,0,0,0,0,0,1,0,0,4020,80,44,1,1,0.5,1,1,1,1,0,1,0,1,1,1,0,0,1,1,1,1,0,1,0.4332645904478925
-4.1922430800600003e+018,3592009,1,0,0,0,0,1,0,0,0,0,1900,100,62,1,1,0,1,1,0,0,1,1,0,0,1,0,0,1,1,1,1,0,1,1,0.586153793580657
-7.6725364493199995e+018,10463015,0,0,0,1,0,0,0,0,0,0,910,90,52,1,1,0,0,0,1,0,1,0,1,0,1,0,0,0,1,0,0,0,0,1,0.43239634231513663
-287729634807e7,10463450,0,0,0,1,0,0,0,0,0,0,1570,100,69,1,1,0,1,1,0,0,0,0,0,0,1,0,0,1,1,1,1,0,1,1,0.5667750263900289
-499946262481e7,42125608,0,0,0,1,0,0,0,1,0,0,440,100,29,1,1,0,1,1,0,0,1,1,1,0,1,0,0,1,1,1,1,0,1,1,0.5121236337700102
-875507827006e7,80117050,0,0,1,0,0,0,0,0,0,1,440,90,60,1,2,0,1,1,0,0,0,0,0,0,1,1,0,0,0,0,0,0,0,1,0.06687415260741933
-102638225173e7,80117691,0,0,0,0,0,0,0,0,0,1,4350,100,53,2,2,0,1,0,0,0,0,0,0,0,1,0,0,1,1,1,1,0,0,1,0.05223662514905148
-6.8861753379599995e+018,80119085,0,0,1,0,0,0,0,0,0,1,560,100,36,1,1,0.42857143,0,1,1,1,1,1,0,0,1,0,0,1,1,0,0,1,0,1,0.06511295981103891
-863807826182e7,80118831,0,0,0,0,1,0,0,0,0,1,730,70,34,1,1,0,1,1,0,0,0,1,1,0,1,0,0,1,1,0,0,1,0,1,0.08859060442388643
-547927472407e7,78133892,0,0,0,1,0,0,0,0,1,0,1750,100,51,1,1,0,1,1,1,1,0,0,0,1,1,0,0,1,1,1,1,0,1,1,0.37518504469707986
518208363501e7,78134584,0,0,0,0,0,0,0,0,1,0,770,100,33,2,2,0,1,1,0,0,0,1,0,0,1,0,0,1,1,1,1,0,0,1,0.32118260103724944
-413880506877e7,42124638,0,0,1,0,0,0,0,1,0,0,2010,100,58,1,2,0.42857143,1,1,1,0,0,0,1,1,1,0,1,0,0,0,0,1,0,1,0.4932050516443312
-705447274978e7,80119058,0,1,0,0,0,0,0,0,0,1,1420,100,27,1,1,0,1,1,0,0,0,0,1,0,1,0,0,1,1,0,0,0,0,1,0.09136906518051603
280601519641e7,10462446,0,0,0,0,1,0,0,0,0,0,11360,90,35,1,2,0.2857143,1,1,1,1,1,1,1,0,1,0,1,1,1,1,1,1,1,1,0.6218639811615679
46692552844e8,78133411,0,0,0,0,1,0,0,0,1,0,450,90,35,1,1,0.42857143,1,1,1,1,0,0,1,1,1,1,0,0,1,1,1,1,0,1,0.2842346802623956
-673091513581e7,42125802,1,0,0,0,0,0,0,1,0,0,6390,100,59,1,1,0,1,1,0,0,1,0,1,1,1,0,0,0,0,1,1,0,1,1,0.5693274993026627
-874851245055e7,5524168,0,0,0,0,0,0,1,0,0,0,2150,80,49,1,1,0.2857143,1,1,0,1,0,1,1,0,1,0,0,1,1,1,1,0,1,1,0.6438196064574158
344729471036e7,80117096,0,0,0,0,1,0,0,0,0,1,1280,100,25,1,3,0.14285715,1,1,0,1,0,0,0,0,1,1,0,1,1,1,1,1,0,1,0.08150965153031502
-7.6725364493199995e+018,10463021,0,0,0,1,0,0,0,0,0,0,4850,90,52,1,1,0,0,0,1,0,1,0,1,0,1,0,0,0,1,0,0,0,0,1,0.48178966098650056
-1.6929467758300001e+018,80118768,0,1,0,0,0,0,0,0,0,1,1290,100,62,1,2,0.42857143,1,1,0,0,0,0,0,0,1,0,0,1,1,0,0,0,0,1,0.08701008967394007
271140591059e7,78133281,0,1,0,0,0,0,0,0,1,0,1800,80,19,1,1,0.14285715,0,1,0,0,0,0,1,0,1,1,0,0,1,0,0,0,0,1,0.3350205665730177
-726420501112e7,80118840,0,0,0,0,1,0,0,0,0,1,400,100,23,2,2,0,1,1,0,1,0,1,1,0,1,0,0,0,1,0,0,1,1,1,0.1045124388786797
-61320777776e8,10463555,1,0,0,0,0,0,0,0,0,0,730,100,53,1,1,0,0,1,0,0,1,1,1,0,1,0,0,1,1,1,1,0,0,1,0.46673648211892727
-784436117024e7,78134225,1,0,0,0,0,0,0,0,1,0,1170,50,32,1,2,0.42857143,1,1,1,0,0,1,0,1,1,0,0,1,1,0,0,1,1,1,0.3619652000260253
893666979561e7,42125022,0,0,0,0,0,0,0,1,0,0,770,100,52,2,2,0.14285715,1,1,1,1,1,1,1,0,1,0,0,1,1,1,0,0,0,1,0.5299623352741932
727322581417e7,80115949,0,0,1,0,0,0,0,0,0,1,2180,100,33,1,1,0,1,1,0,0,0,0,0,0,1,0,0,0,1,1,0,0,0,1,0.057048599349414635
-886676045667e7,3586696,0,0,0,0,0,1,0,0,0,0,290,100,48,1,1,0,0,1,0,0,1,1,0,0,1,0,0,1,1,1,0,0,0,1,0.4651425143275338
397747531625e7,78131775,0,0,1,0,0,0,0,0,1,0,200,100,32,2,2,0.14285715,1,1,0,0,1,1,1,0,1,0,0,1,1,1,1,0,0,1,0.30826722783922
-8.2523848828400005e+018,42125804,1,0,0,0,0,0,0,1,0,0,840,50,63,1,1,0.2857143,1,1,0,0,0,0,0,1,0,0,0,0,1,1,1,0,1,1,0.5502547247793758
-233468456831e7,10463797,0,0,0,0,0,0,0,0,0,0,620,100,60,2,2,0,1,1,0,1,0,0,0,0,1,0,0,1,1,0,0,0,1,1,0.5355727090495694
448968201553e7,3592279,0,0,0,0,0,1,0,0,0,0,1020,100,50,1,1,0.14285715,1,1,0,0,1,1,1,0,1,0,0,1,0,1,0,0,1,1,0.6124182157852635
224428968496e7,78133915,0,0,0,1,0,0,0,0,1,0,440,90,30,1,1,0,1,1,0,0,0,1,0,0,1,1,0,1,1,1,1,1,1,1,0.3231991876783963
-230142693444e6,42123968,1,0,0,0,0,0,0,1,0,0,1810,90,25,1,1,0.85714287,1,1,0,0,0,0,1,1,1,0,0,1,0,1,1,1,0,1,0.4600092969763319
-377567946077e7,3590975,1,0,0,0,0,1,0,0,0,0,6830,90,42,1,1,0,0,1,1,0,1,1,1,0,1,1,0,0,1,0,0,0,0,1,0.5136415111984745
1.3644590305500001e+018,78136297,1,0,0,0,0,0,0,0,1,0,23300,90,44,1,2,0,1,0,0,0,0,0,1,0,1,0,0,0,1,0,1,0,0,1,0.3521566844203851
523121674903e7,10462566,0,0,1,0,0,0,0,0,0,0,5090,50,62,1,1,0.14285715,1,1,0,0,1,1,0,0,0,0,0,1,0,0,0,0,1,1,0.5938421218698618
-794510677924e6,80117039,0,0,1,0,0,0,0,0,0,1,430,50,42,1,2,0,1,1,0,1,1,1,1,1,1,0,0,1,1,1,1,1,0,1,0.06773278961876159
420975226632e7,80118921,0,0,1,0,0,0,0,0,0,1,730,100,56,2,1,0.85714287,0,1,0,1,0,0,0,1,1,0,0,0,0,0,0,1,0,1,0.06528858949347707
-332390477992e7,80118486,0,0,0,1,0,0,0,0,0,1,1280,100,26,1,1,0,0,1,0,0,1,0,1,0,1,0,0,1,0,0,0,1,0,1,0.06699156182671559
4.0628536467399997e+018,42124673,0,0,0,1,0,0,0,1,0,0,2300,100,22,1,4,0.42857143,0,1,0,0,0,0,0,1,1,0,0,0,1,1,1,1,1,1,0.6368862852309972
106778360729e7,78131730,0,0,0,0,0,0,0,0,1,0,2060,100,39,1,2,0.42857143,1,1,0,0,0,1,1,1,1,1,0,0,1,0,0,1,0,1,0.3129441356241005
915324928909e7,80117038,0,0,1,0,0,0,0,0,0,1,100,100,25,1,1,0,0,1,0,0,0,1,1,0,1,0,0,0,1,0,1,0,0,1,0.07126548292738026
637943404026e7,42124315,1,0,0,0,0,0,0,1,0,0,2740,100,65,1,1,1,1,1,0,0,0,0,1,1,1,1,0,1,1,0,1,0,1,1,0.6198467863906151
7.6327453144399995e+018,42123945,1,0,0,0,0,0,0,1,0,0,720,100,47,1,1,0.14285715,1,1,0,0,0,0,0,0,1,0,0,1,0,1,1,1,0,1,0.4895151917819114
-4.2846937760999997e+018,10462062,0,1,0,0,0,0,0,0,0,0,410,80,46,1,1,0.14285715,0,1,0,0,0,1,1,0,1,0,0,1,1,1,1,0,1,1,0.5049307344596703
-550603819969e7,80116895,0,0,0,1,0,0,0,0,0,1,1310,100,30,1,1,0.14285715,1,1,0,1,1,1,1,0,1,0,1,1,1,1,0,0,0,1,0.0601494288406337
4.0628536467399997e+018,42124670,0,0,0,1,0,0,0,1,0,0,2450,100,22,1,4,0.42857143,0,1,0,0,0,0,0,1,1,0,0,0,1,1,1,1,1,1,0.636310496942709
-240614703319e7,80117105,0,0,0,0,1,0,0,0,0,1,600,100,29,1,1,0,1,1,1,1,1,1,0,0,1,0,0,1,1,1,1,0,0,1,0.08218931938964126
390375185707e7,80118485,0,0,0,1,0,0,0,0,0,1,1350,100,24,1,1,0,1,1,0,0,1,0,1,1,1,0,0,1,1,1,1,1,0,1,0.060139747124330505
2.6156850095399997e+018,3592027,1,0,0,0,0,1,0,0,0,0,380,90,55,1,1,0,1,1,0,0,0,1,0,0,1,0,0,1,1,1,1,1,1,1,0.5452086682388416
457902886152e7,78133909,0,0,0,1,0,0,0,0,1,0,740,95,55,1,1,0,1,1,0,0,0,0,1,0,1,0,1,0,1,1,1,0,1,1,0.38232694751217866
-852933167677e7,5524106,0,0,0,0,0,0,1,0,0,0,3500,95,48,1,1,0,1,0,0,0,1,1,0,0,1,0,0,0,0,1,1,0,0,1,0.48117386751356284
355543998343e7,42123503,0,0,0,1,0,0,0,1,0,0,6550,100,60,1,1,0,0,1,0,0,0,0,1,0,1,1,0,1,0,1,1,0,1,1,0.5993348358575394
510809998792e7,78133274,0,1,0,0,0,0,0,0,1,0,570,100,32,1,1,0.2857143,1,1,1,1,0,0,1,0,1,0,0,0,1,1,1,1,0,1,0.29444529154309695
-394352389673e7,10463955,0,0,0,0,0,0,0,0,0,0,11460,90,49,1,1,0,1,1,1,1,0,1,1,0,1,0,1,1,1,0,1,0,1,1,0.7162510570720801
300001129939e7,5524161,0,0,0,0,0,0,1,0,0,0,4130,100,34,1,1,0,0,1,0,0,1,1,1,0,1,0,0,1,1,1,0,0,1,1,0.6032716328801886
-466239752227e7,78134142,0,0,0,1,0,0,0,0,1,0,1810,100,55,1,1,0.14285715,0,1,1,1,1,1,1,0,1,1,0,1,1,1,1,0,1,1,0.3841791980559609
-511671260918e7,80118762,0,1,0,0,0,0,0,0,0,1,1200,100,50,1,1,0.14285715,1,1,0,0,1,0,1,1,1,0,0,1,0,0,1,0,0,1,0.08753681229818247
824933828408e7,78133633,0,1,0,0,0,0,0,0,1,0,1110,100,38,1,2,0.2857143,1,1,1,0,0,1,1,1,1,1,0,1,1,0,1,0,1,1,0.34842926890497955
-62885300699e8,80118852,0,0,0,0,0,0,0,0,0,1,1510,100,33,1,1,0,1,1,0,0,0,1,1,0,1,0,1,1,1,1,1,1,0,1,0.05921419057699437
-1.3283979229500001e+018,78132508,0,0,0,0,0,0,0,0,1,0,470,90,42,1,1,0.71428573,1,1,0,0,0,0,0,1,1,1,0,0,1,1,1,0,0,1,0.3063098669319442
4.2299600136999997e+018,42123541,1,0,0,0,0,0,0,1,0,0,2930,100,78,1,1,0,0,0,0,0,0,0,1,1,1,1,0,1,1,1,0,1,1,1,0.5881665310230572
-638343438368e6,78136308,0,1,0,0,0,0,0,0,1,0,910,100,44,1,1,0.14285715,1,1,0,0,1,1,1,0,1,0,0,1,0,1,1,1,0,1,0.32182335383382427
497290824846e7,3592056,1,0,0,0,0,1,0,0,0,0,3450,90,40,1,1,0,1,1,0,0,0,0,1,0,1,1,0,0,1,0,1,0,1,1,0.5128065173632207
-849328955346e7,42124249,0,0,0,0,0,0,0,1,0,0,1490,40,29,1,1,0,0,1,0,0,0,0,1,0,1,0,0,0,1,1,1,0,0,1,0.4201085891847797
-2.9866206785799997e+018,5524115,0,0,0,0,0,0,1,0,0,0,1500,100,27,1,1,0,1,1,1,1,0,1,1,0,1,1,0,1,1,1,1,1,0,1,0.40902167115878885
-3.3270364531000003e+018,3592247,0,0,0,0,0,1,0,0,0,0,2840,100,69,1,1,1,1,1,0,0,0,0,0,1,1,0,0,0,1,1,1,0,1,1,0.5337798576600772
671202884001e7,78133634,0,1,0,0,0,0,0,0,1,0,1430,60,19,2,3,0.2857143,0,1,1,1,0,0,1,1,1,0,0,1,1,1,1,0,0,1,0.33820991379194976
-308224707744e7,80118006,0,0,0,0,0,0,0,0,0,1,1510,100,22,1,1,0.14285715,1,1,0,1,0,0,1,0,1,0,0,1,1,0,0,1,0,1,0.06633272979008803
431350238023e6,78136282,1,0,0,0,0,0,0,0,1,0,4550,100,45,1,1,0,0,1,0,0,1,1,1,0,1,1,0,1,0,0,0,0,0,1,0.3396694941860475
-136287854228e7,80116876,0,0,0,1,0,0,0,0,0,1,2080,100,55,1,2,0.14285715,1,1,0,0,1,1,1,0,1,0,0,1,1,1,0,0,0,1,0.05631281588715895
-547658486687e7,42123486,0,0,0,1,0,0,0,1,0,0,1170,100,36,1,1,0,1,1,0,0,1,1,1,0,1,0,0,1,1,1,1,0,1,1,0.5969945397795956
782263954293e7,42125664,1,0,0,0,0,0,0,1,0,0,2550,100,42,1,1,0,0,1,0,0,0,1,1,0,1,1,0,1,1,1,1,0,0,1,0.5387259834564447
-766859716447e7,10463784,0,0,0,0,1,0,0,0,0,0,1060,70,27,1,2,0,0,1,0,1,1,0,0,0,1,0,0,1,1,1,1,0,1,1,0.513971686623366
873986392211e7,80115947,0,0,1,0,0,0,0,0,0,1,2300,100,54,1,1,0.14285715,1,1,0,0,1,0,1,0,1,0,0,1,1,1,1,0,0,1,0.05445293956642054
789152311783e7,3590983,1,0,0,0,0,1,0,0,0,0,840,50,66,1,1,1,0,1,0,0,0,0,0,1,1,0,0,0,1,1,0,0,0,1,0.4595501350706362
-600522739118e7,42125803,1,0,0,0,0,0,0,1,0,0,460,100,33,1,1,0,1,1,0,0,1,1,1,1,1,0,0,0,0,1,1,0,0,1,0.47653900787169634
824933828408e7,78133632,0,1,0,0,0,0,0,0,1,0,3120,100,38,1,2,0.2857143,1,1,1,0,0,1,1,1,1,1,0,1,1,0,1,0,1,1,0.3838781039257832
-670999065392e7,42124662,0,0,0,1,0,0,0,1,0,0,890,50,57,1,1,0.2857143,1,1,0,1,0,1,1,1,0,1,0,1,0,1,1,0,0,1,0.48710369203294784
-731125707912e7,80116889,0,0,0,1,0,0,0,0,0,1,4300,100,50,1,3,0.14285715,1,1,1,1,0,0,1,0,1,0,0,1,1,0,0,1,0,1,0.0595721279363653
408798061251e7,80117297,0,0,0,0,1,0,0,0,0,1,900,100,35,1,1,0.14285715,1,1,0,0,0,0,1,1,1,0,0,1,0,0,0,0,0,1,0.08246014093070989
36901535802e8,78134653,0,1,0,0,0,0,0,0,1,0,4160,100,56,2,3,0,1,1,0,0,1,1,1,0,1,0,0,1,0,1,1,0,1,1,0.3985131476640314
-438371539457e7,78134523,0,0,0,1,0,0,0,0,1,0,2600,100,27,1,1,0.14285715,1,1,0,0,0,1,1,0,1,1,0,1,1,1,1,0,0,1,0.35922678234011696
696197397668e6,10463501,1,0,0,0,0,0,0,0,0,0,2080,100,39,1,1,0,0,1,0,1,1,1,1,1,1,0,0,1,1,0,0,0,1,1,0.5798680486676813
9.1860094571599995e+018,10463012,0,0,0,1,0,0,0,0,0,0,1280,100,36,3,3,0,1,1,0,0,1,0,1,0,1,0,0,1,1,1,0,1,0,1,0.4919000353059975
448968201553e7,3592275,0,0,0,0,0,1,0,0,0,0,2230,100,50,1,1,0.14285715,1,1,0,0,1,1,1,0,1,0,0,1,0,1,0,0,1,1,0.6596447852104078
-394352389673e7,10463959,0,0,0,0,0,0,0,0,0,0,1140,90,49,1,1,0,1,1,1,1,0,1,1,0,1,0,1,1,1,0,1,0,1,1,0.6923747662976593
486679177477e7,10462452,0,0,0,0,1,0,0,0,0,0,4490,90,24,1,2,0.14285715,0,1,1,1,1,1,1,0,1,0,1,1,1,1,1,0,1,1,0.6096714772075827
115313695583e6,10463173,0,1,0,0,0,0,0,0,0,0,430,100,27,1,1,0.2857143,0,1,0,0,1,1,1,0,1,0,1,1,1,1,1,0,0,1,0.39552317921524344
-571037990711e7,80117381,0,1,0,0,0,0,0,0,0,1,4290,100,40,1,1,0.2857143,1,1,1,1,0,1,1,0,1,0,0,1,1,1,1,1,0,1,0.08635244418132929
913260781122e7,3590977,1,0,0,0,0,1,0,0,0,0,500,100,29,1,1,0,1,1,0,0,0,0,0,0,1,0,1,0,1,0,1,0,0,1,0.3932633267971836
-1.4527786631699999e+018,10463802,0,0,0,0,0,0,0,0,0,0,450,100,41,1,1,0,1,0,0,0,1,1,0,0,1,0,0,0,0,0,0,0,1,1,0.45678437756735
264525898193e7,5524608,0,0,0,0,0,0,1,0,0,0,880,100,58,1,1,0.14285715,1,1,0,0,0,0,0,0,1,0,0,1,1,0,0,0,0,1,0.4507415137154118
300001129939e7,5524160,0,0,0,0,0,0,1,0,0,0,2040,100,34,1,1,0,0,1,0,0,1,1,1,0,1,0,0,1,1,1,0,0,1,1,0.5832221561920656
-887980610533e7,78133302,0,1,0,0,0,0,0,0,1,0,3040,100,39,1,1,0,1,1,0,0,1,1,1,0,1,0,0,0,1,1,1,1,0,1,0.3345278764460086
-869948772703e7,42124966,0,0,0,1,0,0,0,1,0,0,440,100,59,1,1,0.2857143,1,1,0,0,0,1,0,1,1,0,1,0,0,1,1,0,0,1,0.49681375435080677
-806766402137e7,78133609,0,1,0,0,0,0,0,0,1,0,2510,100,56,1,1,0,0,1,0,0,0,0,1,0,1,0,0,1,1,1,0,0,0,1,0.34522179174129647
-645683079329e7,42123952,1,0,0,0,0,0,0,1,0,0,880,80,46,1,1,0.14285715,1,1,1,0,1,1,0,0,1,0,0,1,0,1,1,1,1,1,0.5358433077227799
647579692503e7,3591004,0,0,0,0,0,1,0,0,0,0,2230,100,41,1,1,1,0,1,0,0,1,0,1,0,1,0,0,0,1,1,1,0,1,1,0.5096005834168517
-426571651483e7,10463013,0,0,0,1,0,0,0,0,0,0,990,50,38,1,1,0.14285715,0,1,0,0,0,0,1,0,1,0,0,1,0,0,0,0,1,1,0.5324039339511054
637943404026e7,42124317,1,0,0,0,0,0,0,1,0,0,1420,100,65,1,1,1,1,1,0,0,0,0,1,1,1,1,0,1,1,0,1,0,1,1,0.6044110886971669
-29011257846e8,80115946,0,0,1,0,0,0,0,0,0,1,2270,100,54,1,1,0.14285715,1,1,0,0,1,0,1,0,1,0,0,1,1,1,1,0,0,1,0.05442352780171466
447116548599e7,80118767,0,1,0,0,0,0,0,0,0,1,580,100,28,1,1,0,0,1,0,0,0,0,1,1,1,0,0,0,1,1,1,1,0,1,0.0894125212359762
316667346553e7,5521213,0,1,0,0,0,0,1,0,0,0,2480,50,20,1,1,0,0,0,0,0,1,0,1,0,1,1,0,0,1,0,0,0,0,1,0.42217798682017055
-876322753681e7,80118817,0,0,0,0,1,0,0,0,0,1,470,100,50,1,1,0,0,1,0,0,1,1,0,0,1,0,0,1,1,0,1,1,0,1,0.08454664931895832
541471173681e7,80116881,0,0,0,1,0,0,0,0,0,1,1900,100,50,1,1,0,0,1,0,1,1,1,1,0,1,0,1,0,1,1,1,1,0,1,0.05776364455199743
-874081601183e7,78133298,0,1,0,0,0,0,0,0,1,0,1500,100,68,1,1,0,1,1,0,1,0,0,0,0,1,0,0,0,1,0,0,0,1,1,0.3702411913482973
313125922041e7,42122481,1,0,0,0,0,0,0,1,0,0,1390,100,59,1,2,0,1,1,0,0,1,1,1,0,1,1,0,1,0,1,1,0,1,1,0.5905573758455724
448968201553e7,3592277,0,0,0,0,0,1,0,0,0,0,1720,100,50,1,1,0.14285715,1,1,0,0,1,1,1,0,1,0,0,1,0,1,0,0,1,1,0.6613794781393924
-447280859944e7,10463563,1,0,0,0,0,0,0,0,0,0,10000,100,27,2,2,0,1,1,0,0,1,0,1,0,1,0,0,1,1,1,1,0,1,1,0.5515679966564673
-745146593841e7,42123515,0,0,0,1,0,0,0,1,0,0,230,100,43,1,1,0.5714286,1,1,0,1,1,1,0,1,1,0,0,1,1,1,1,1,0,1,0.44695039565763833
829002583549e7,42124243,0,0,0,0,0,0,0,1,0,0,770,100,28,1,1,0,0,1,1,1,0,0,1,0,1,0,0,0,1,1,1,1,0,1,0.36469876396259127
356365642531e6,78136106,0,1,0,0,0,0,0,0,1,0,3170,100,49,1,1,0.14285715,1,1,1,0,1,0,1,0,1,0,0,1,1,1,1,1,0,1,0.3661389494202346
845784381382e7,5514344,0,1,0,0,0,0,1,0,0,0,730,100,26,1,1,1,1,1,0,0,0,0,1,1,1,0,0,0,1,0,0,1,0,1,0.31810501633938526
2.0134262344300001e+018,42124645,0,0,1,0,0,0,0,1,0,0,1760,100,42,1,1,0.14285715,1,1,0,0,1,1,1,0,1,0,0,1,0,0,1,0,1,1,0.5945152928070875
-394352389673e7,10463952,0,0,0,0,0,0,0,0,0,0,2050,90,49,1,1,0,1,1,1,1,0,1,1,0,1,0,1,1,1,0,1,0,1,1,0.7130702656105039
110065132223e7,42125165,0,0,0,0,1,0,0,1,0,0,1120,100,46,1,1,0.2857143,1,0,0,0,0,1,1,0,1,0,0,1,0,1,1,1,1,1,0.5770782955145971
-539634183698e7,80117053,0,0,1,0,0,0,0,0,0,1,2040,100,53,1,1,0.85714287,0,1,1,0,0,1,1,0,1,0,0,1,0,0,1,0,0,1,0.059702273368927826
-556938564202e7,78134126,0,0,0,1,0,0,0,0,1,0,1060,80,19,1,1,0,0,0,0,0,1,1,1,1,1,0,0,0,0,1,1,0,1,1,0.40368730058095
356365642531e6,78135094,0,1,0,0,0,0,0,0,1,0,2490,100,49,1,1,0.14285715,1,1,1,0,1,0,1,0,1,0,0,1,1,1,1,1,1,1,0.36086938172340893
-13299501062e8,78134521,0,0,0,1,0,0,0,0,1,0,970,100,52,1,1,0,1,1,1,1,1,1,1,0,1,0,0,1,0,1,1,0,0,1,0.3335244865191804
-1.8417786580499999e+018,10463522,0,0,0,1,0,0,0,0,0,0,1460,100,43,1,2,0,0,0,0,0,0,0,1,0,1,0,0,1,0,1,1,0,1,1,0.5492006151273537
448968201553e7,3592276,0,0,0,0,0,1,0,0,0,0,2010,100,50,1,1,0.14285715,1,1,0,0,1,1,1,0,1,0,0,1,0,1,0,0,1,1,0.6648161161065448
855717393593e7,80118938,0,0,1,0,0,0,0,0,0,1,1700,100,31,1,1,0,1,1,0,0,1,1,1,0,1,1,0,1,1,0,0,1,0,1,0.06475559079496804
-462051959045e7,5521331,0,0,0,0,0,0,1,0,0,0,1070,100,76,1,1,0.71428573,1,1,0,0,0,1,0,1,1,0,0,0,0,0,1,1,0,1,0.4035415473802735
431350238023e6,78136283,1,0,0,0,0,0,0,0,1,0,3020,100,45,1,1,0,0,1,0,0,1,1,1,0,1,1,0,1,0,0,0,0,0,1,0.3275320308719588
-617654866774e7,10463314,0,1,0,0,0,0,0,0,0,0,1910,100,54,1,1,0,0,1,0,0,0,1,1,0,1,0,0,1,0,0,1,0,0,1,0.4304753876711353
-571037990711e7,80117382,0,1,0,0,0,0,0,0,0,1,2260,100,40,1,1,0.2857143,1,1,1,1,0,1,1,0,1,0,0,1,1,1,1,1,0,1,0.08525908332660248
765059131967e7,80118923,0,0,1,0,0,0,0,0,0,1,610,100,59,1,1,1,0,1,1,0,0,1,0,0,1,0,0,0,1,0,0,1,0,1,0.06570221648279592
-8.2972163691599995e+018,78134609,1,0,0,0,0,0,0,0,1,0,3010,75,42,1,1,0.2857143,0,1,1,1,1,0,1,0,1,0,0,0,1,0,1,1,0,1,0.3149964036984512
16787712451e8,3592049,1,0,0,0,0,1,0,0,0,0,5310,90,37,1,1,0.2857143,1,1,0,1,0,0,1,0,1,0,0,0,1,1,1,0,1,1,0.558516569707938
240122570713e7,5514354,0,1,0,0,0,0,1,0,0,0,1590,100,28,1,2,0.42857143,1,1,1,1,0,1,1,0,1,0,0,0,1,0,1,1,0,1,0.3288701101781091
-270944694739e7,42124693,0,0,1,0,0,0,0,1,0,0,730,50,29,1,1,0,0,1,0,0,0,0,1,0,1,0,0,0,1,1,1,0,0,1,0.40637781934014705
-835919203888e7,3595302,0,0,0,0,0,1,0,0,0,0,7920,80,54,1,1,0,1,1,0,0,0,0,1,0,1,0,0,1,0,1,1,0,0,1,0.5186849692622902
-3.8131018894599997e+018,42123512,0,0,0,1,0,0,0,1,0,0,1070,100,47,1,1,0,1,1,0,0,0,0,1,1,1,0,0,0,1,0,1,1,1,1,0.5885782711722997
224428968496e7,78133916,0,0,0,1,0,0,0,0,1,0,670,90,30,1,1,0,1,1,0,0,0,1,0,0,1,1,0,1,1,1,1,1,0,1,0.31816474191152916
812527726166e7,42123507,0,0,0,1,0,0,0,1,0,0,1010,100,20,1,1,0,0,0,0,0,1,0,1,0,1,0,0,1,0,1,0,0,1,1,0.5656489648718707
133611652918e7,78134111,0,0,0,1,0,0,0,0,1,0,570,100,33,1,1,0.42857143,1,1,1,0,0,0,0,0,1,0,0,1,1,0,0,1,0,1,0.2904915659489639
110065132223e7,42125166,0,0,0,0,1,0,0,1,0,0,1230,100,46,1,1,0.2857143,1,0,0,0,0,1,1,0,1,0,0,1,0,1,1,1,1,1,0.5795322092844356
-583848517686e7,3594387,0,0,0,0,0,1,0,0,0,0,1100,100,46,1,1,0,0,1,0,0,1,0,1,0,1,0,0,1,0,1,1,0,0,1,0.5072762802100113
-233468456831e7,10463798,0,0,0,0,0,0,0,0,0,0,860,100,60,2,2,0,1,1,0,1,0,0,0,0,1,0,0,1,1,0,0,0,1,1,0.5396347972204246
-392451582205e7,80117046,0,0,1,0,0,0,0,0,0,1,4010,50,27,1,1,0,0,1,1,1,0,1,0,0,1,0,0,1,1,1,1,1,0,1,0.061470842688469404
-828653286882e7,78133282,0,1,0,0,0,0,0,0,1,0,1610,100,29,1,2,1,1,1,0,0,1,1,1,0,1,0,0,1,1,0,0,0,1,1,0.34432651894458705
6.9662030810800005e+018,80117378,0,1,0,0,0,0,0,0,0,1,660,100,48,1,1,0,1,1,0,0,1,1,1,0,1,0,0,1,1,1,1,0,1,1,0.08865034758113774
420975226632e7,80118920,0,0,1,0,0,0,0,0,0,1,1430,100,56,2,1,0.85714287,0,1,0,1,0,0,0,1,1,0,0,0,0,0,0,1,0,1,0.062036806305210294
-5.9002960956400005e+018,78133420,0,0,0,1,0,0,0,0,1,0,2280,100,57,1,1,0.14285715,1,1,1,1,0,0,1,0,1,0,0,1,0,1,1,0,0,1,0.337931507563995
133611652918e7,78134113,0,0,0,1,0,0,0,0,1,0,1030,100,33,1,1,0.42857143,1,1,1,0,0,0,0,0,1,0,0,1,1,0,0,1,0,1,0.2937111001610429
-893172895562e7,78134579,0,0,0,0,0,0,0,0,1,0,510,100,45,1,1,0,1,0,0,0,0,0,1,1,1,1,0,1,1,1,1,0,1,1,0.4005532819369055
896021058442e7,3592043,1,0,0,0,0,1,0,0,0,0,650,100,21,1,1,0.2857143,1,0,0,0,0,0,0,0,1,0,0,1,1,1,1,1,1,1,0.5138043446688028
913260781122e7,3590978,1,0,0,0,0,1,0,0,0,0,730,100,29,1,1,0,1,1,0,0,0,0,0,0,1,0,1,0,1,0,1,0,0,1,0.39502863549590955
-809142248197e7,3591978,1,0,0,0,0,1,0,0,0,0,2130,20,58,1,1,1,1,1,1,1,0,0,0,1,0,0,0,0,1,0,0,0,1,1,0.5347764931335759
-102638225173e7,80117693,0,0,0,0,0,0,0,0,0,1,2070,100,53,2,2,0,1,0,0,0,0,0,0,0,1,0,0,1,1,1,1,0,0,1,0.052678719104175015
-642203866909e7,80118015,0,1,0,0,0,0,0,0,0,1,2410,100,32,1,1,0,1,1,0,0,0,1,1,0,1,0,0,1,1,0,0,0,0,1,0.09127104913155247
-585058277656e7,78133907,0,0,0,1,0,0,0,0,1,0,1610,100,44,1,1,0,1,1,0,1,0,0,1,0,1,0,0,1,1,1,1,0,1,1,0.38004166358721136
-715770002246e7,10462941,0,0,1,0,0,0,0,0,0,0,1000,100,39,3,3,0.14285715,0,1,1,0,1,0,1,0,1,0,0,0,1,1,0,0,0,1,0.4269246592434111
2.1718309618499999e+018,78132715,0,0,0,0,0,0,0,0,1,0,1100,75,24,1,1,0.14285715,0,1,0,0,1,1,1,0,1,0,0,0,1,1,1,1,0,1,0.3078662304668956
7.6327453144399995e+018,42123946,1,0,0,0,0,0,0,1,0,0,1300,100,47,1,1,0.14285715,1,1,0,0,0,0,0,0,1,0,0,1,0,1,1,1,0,1,0.4995591956034653
6.1866352489999995e+018,3590979,1,0,0,0,0,1,0,0,0,0,1640,100,40,1,1,0.14285715,1,1,0,0,0,1,1,0,1,0,1,1,1,0,1,0,0,1,0.5418996269380805
-242079457532e7,78134141,0,0,0,1,0,0,0,0,1,0,510,100,70,1,1,0.14285715,0,0,1,1,0,0,1,0,1,0,0,0,0,1,1,0,0,1,0.3393163141100136
21481859655e8,10462799,1,0,0,0,0,0,0,0,0,0,3580,100,38,1,1,0,0,1,1,0,1,1,1,0,1,1,0,1,1,0,0,1,1,1,0.5426798107211995
414025250509e7,80118945,0,0,1,0,0,0,0,0,0,1,2750,100,21,1,1,0.14285715,0,1,1,1,1,0,1,0,1,0,0,1,1,1,0,0,0,1,0.0580706041146244
9.2569820242300006e+017,78134241,1,0,0,0,0,0,0,0,1,0,2370,100,50,1,1,0,1,0,1,1,1,1,0,0,1,0,0,1,1,0,1,0,0,1,0.35977776815576734
-3.6336297997799997e+018,80117689,0,0,0,0,0,0,0,0,0,1,3720,100,39,1,1,0.5714286,1,1,1,0,1,0,1,1,1,1,0,1,1,1,1,1,0,1,0.05974937815750961
4.0628536467399997e+018,42124671,0,0,0,1,0,0,0,1,0,0,1570,100,22,1,4,0.42857143,0,1,0,0,0,0,0,1,1,0,0,0,1,1,1,1,1,1,0.6184439731865677
-832936764946e7,80118493,0,0,0,1,0,0,0,0,0,1,880,100,43,1,1,0,1,1,0,0,1,1,0,0,1,0,0,0,1,1,1,1,0,1,0.059640144085468416
-673348402701e7,78133629,0,1,0,0,0,0,0,0,1,0,1280,100,32,1,1,0.2857143,0,1,0,0,1,1,1,0,1,0,0,1,1,1,1,0,0,1,0.33761907073286335
-3.0117641687399997e+018,80117438,0,0,0,1,0,0,0,0,0,1,460,100,25,1,1,0.2857143,1,1,1,1,1,1,1,0,1,0,0,1,1,1,1,0,0,1,0.06444207517781901
829002583549e7,42124244,0,0,0,0,0,0,0,1,0,0,1120,100,28,1,1,0,0,1,1,1,0,0,1,0,1,0,0,0,1,1,1,1,0,1,0.366736277894531
-8.5646699894000005e+018,80118823,0,0,0,0,1,0,0,0,0,1,3450,100,30,1,1,0,1,1,1,1,1,1,0,1,1,1,0,1,1,0,0,1,1,1,0.08925243990178272
-496824201117e7,80118077,0,0,0,0,1,0,0,0,0,1,2300,80,25,1,1,0.14285715,0,1,0,1,1,1,0,0,1,0,0,1,1,1,1,1,0,1,0.07987211327185717
-690243175834e7,3594404,0,0,0,0,0,1,0,0,0,0,5090,100,56,1,1,1,1,1,0,1,0,1,0,1,1,0,0,0,1,0,0,1,0,1,0.4697478171713704
-547847251554e7,78136119,0,1,0,0,0,0,0,0,1,0,2150,100,50,1,2,0.14285715,0,1,0,0,0,0,0,0,1,0,0,1,1,1,1,0,0,1,0.3225033757559644
-721126800273e7,80116884,0,0,0,1,0,0,0,0,0,1,590,0,27,1,1,0,1,1,0,0,1,1,0,0,0,0,0,0,1,1,0,1,0,1,0.06624118216614092
-439967310429e7,42123490,0,0,0,1,0,0,0,1,0,0,1540,100,40,1,1,0,1,1,0,0,0,0,0,0,1,0,0,1,1,1,1,1,1,1,0.5641752028919567
547700533795e7,80117100,0,0,0,0,1,0,0,0,0,1,1600,100,52,2,3,0,1,1,1,1,0,0,1,0,1,0,0,0,1,0,0,0,0,1,0.08168296327508018
784531614409e7,10462949,0,0,1,0,0,0,0,0,0,0,2980,80,25,1,2,0,1,0,1,0,1,1,1,0,1,0,0,0,1,0,0,0,1,1,0.4885360700347986
-376232431679e7,78132509,0,0,0,0,0,0,0,0,1,0,680,100,27,1,2,0,1,0,0,0,1,0,1,0,1,0,0,1,0,1,1,0,1,1,0.388793670650594
114616641915e7,78134158,0,0,0,0,1,0,0,0,1,0,290,100,53,1,1,1,0,1,0,1,0,0,1,1,1,0,0,1,0,1,1,0,1,1,0.35816372261431606
-144021388272e7,80118562,1,0,0,0,0,0,0,0,0,1,4800,100,50,1,1,0,1,1,0,1,0,0,1,0,1,0,0,1,1,0,1,0,0,1,0.06447837443158133
405924837187e7,3592265,0,0,0,0,0,1,0,0,0,0,2000,100,39,2,2,0,0,1,0,0,0,0,1,0,1,0,0,0,1,0,0,1,1,1,0.4751978360156496
-150303331566e7,42124240,0,0,0,0,0,0,0,1,0,0,970,100,47,1,4,0.14285715,1,1,0,0,0,0,0,1,1,0,1,0,1,1,1,0,1,1,0.5987650812718593
105368660827e7,78133061,0,0,1,0,0,0,0,0,1,0,2550,75,40,1,1,0.14285715,1,1,0,0,1,0,1,0,1,1,0,1,1,1,1,1,0,1,0.33019281460909744
-607590032304e7,10462594,0,0,1,0,0,0,0,0,0,0,3610,100,37,1,2,0,1,1,1,0,0,1,1,0,1,0,0,0,0,1,1,1,1,1,0.49745903950929404
-550603819969e7,80116894,0,0,0,1,0,0,0,0,0,1,2160,100,30,1,1,0.14285715,1,1,0,1,1,1,1,0,1,0,1,1,1,1,0,0,0,1,0.05952660514770813
-431445730763e7,78132517,0,0,0,0,0,0,0,0,1,0,4380,90,48,1,2,0,1,1,0,0,0,0,0,0,1,0,0,1,0,0,1,0,0,1,0.3395016189124475
-3.8428869304999997e+018,42125162,0,0,0,0,1,0,0,1,0,0,2010,75,24,1,1,0,0,1,0,1,1,1,1,0,1,0,0,0,1,1,1,1,0,1,0.40015705972121923
518081263895e7,80117406,0,0,1,0,0,0,0,0,0,1,1120,100,54,1,1,0.85714287,1,1,1,1,0,1,0,1,1,0,0,0,1,1,0,0,0,1,0.0588884570728274
502593203022e7,78134613,1,0,0,0,0,0,0,0,1,0,730,100,50,1,1,0,1,1,0,0,1,1,1,0,1,0,0,1,0,0,1,0,0,1,0.3148780901184905
-347181391445e7,80118477,0,0,0,1,0,0,0,0,0,1,1310,100,50,1,1,0,0,0,0,0,1,0,1,0,1,1,0,1,1,1,0,1,0,1,0.058118067309645915
611037007128e7,10463502,1,0,0,0,0,0,0,0,0,0,430,100,25,1,1,0,0,1,0,0,1,1,0,0,1,0,0,1,0,1,0,0,0,1,0.440686011657334
1.4502290105500001e+018,42124650,0,0,0,1,0,0,0,1,0,0,1710,90,47,1,1,0,1,1,0,1,1,1,1,0,1,0,0,0,0,1,0,0,1,1,0.5762127322826686
-849328955346e7,42124250,0,0,0,0,0,0,0,1,0,0,860,40,29,1,1,0,0,1,0,0,0,0,1,0,1,0,0,0,1,1,1,0,0,1,0.4060666224384948
-9.0555926368700006e+017,42123506,0,0,0,1,0,0,0,1,0,0,730,100,43,1,1,0,1,0,0,0,0,0,0,0,1,0,0,1,0,1,1,0,1,1,0.5897347881694764
-108840725432e7,80117678,0,0,0,0,0,0,0,0,0,1,1010,100,39,1,1,0.5714286,1,1,1,0,1,0,1,1,1,1,0,1,1,1,1,1,0,1,0.061454582808907025
-335675227993e7,80117051,0,0,1,0,0,0,0,0,0,1,550,100,53,2,4,0.85714287,1,1,1,0,0,1,1,0,1,0,0,1,1,0,0,0,0,1,0.06305977274051724
-763785527751e7,80117687,0,0,0,0,0,0,0,0,0,1,1120,100,39,1,1,0.5714286,1,1,1,0,1,0,1,1,1,1,0,1,1,1,1,1,0,1,0.06078146558394198
763128029101e7,80118479,0,0,0,1,0,0,0,0,0,1,2740,100,62,3,3,0,1,1,0,0,1,0,0,1,1,0,0,1,1,1,1,0,0,1,0.05363791971282619
-579497335177e7,78133625,0,1,0,0,0,0,0,0,1,0,780,0,30,1,1,0,1,0,0,0,0,0,1,1,0,0,0,1,0,1,1,0,1,1,0.37755385369398786
-549999507582e7,10462948,0,0,1,0,0,0,0,0,0,0,160,100,59,1,2,0,1,1,0,0,1,0,1,0,1,0,0,1,1,1,0,0,0,1,0.4543321910170263
36901535802e8,78134652,0,1,0,0,0,0,0,0,1,0,9240,100,56,2,3,0,1,1,0,0,1,1,1,0,1,0,0,1,0,1,1,0,1,1,0.41452068558753186
886968908358e7,80117702,0,0,0,0,0,0,0,0,0,1,2600,70,47,2,3,0.14285715,1,1,1,0,1,0,1,0,1,0,0,0,1,1,1,0,0,1,0.059203893557008516
814381816568e7,78134595,0,0,0,0,0,0,0,0,1,0,1190,80,57,1,1,0.42857143,0,0,0,0,0,0,0,1,1,0,1,1,0,0,0,1,1,1,0.4302020104259573
-23525099362e8,80117450,0,0,0,1,0,0,0,0,0,1,8000,100,21,1,1,0.14285715,0,0,1,1,1,1,1,0,1,0,1,1,1,0,0,1,0,1,0.07298926228000913
-204384713312e7,80117958,0,0,1,0,0,0,0,0,0,1,3150,100,32,1,1,0.14285715,0,1,0,0,0,0,1,0,1,0,0,0,0,1,1,0,0,1,0.05832289152873366
195731865502e7,10462583,0,0,1,0,0,0,0,0,0,0,1600,100,42,1,1,0.2857143,0,1,1,0,0,1,1,0,1,0,0,1,1,0,0,0,0,1,0.49875984291691544
431350238023e6,78136284,1,0,0,0,0,0,0,0,1,0,5370,100,45,1,1,0,0,1,0,0,1,1,1,0,1,1,0,1,0,0,0,0,0,1,0.34191269860331924
456761651173e7,78134217,1,0,0,0,0,0,0,0,1,0,8530,100,30,1,2,0.14285715,0,1,1,1,1,1,1,0,1,0,0,1,1,1,1,1,1,1,0.4237878247795566
753803680477e7,78134254,1,0,0,0,0,0,0,0,1,0,330,100,20,1,1,0.5714286,1,1,0,0,0,0,1,0,1,0,0,1,0,0,0,1,0,1,0.32457911652391974
-776104540894e7,78133641,0,1,0,0,0,0,0,0,1,0,1720,0,32,2,1,0,0,1,0,0,0,0,0,1,0,1,0,1,1,0,1,0,0,1,0.31876514316566673
-150303331566e7,42124239,0,0,0,0,0,0,0,1,0,0,880,100,47,1,4,0.14285715,1,1,0,0,0,0,0,1,1,0,1,0,1,1,1,0,1,1,0.5892783293906994
-108840725432e7,80117681,0,0,0,0,0,0,0,0,0,1,2370,100,39,1,1,0.5714286,1,1,1,0,1,0,1,1,1,1,0,1,1,1,1,1,0,1,0.060009254864366424
-564976792141e7,80117299,0,0,0,0,1,0,0,0,0,1,800,100,59,2,2,0.14285715,1,1,1,0,0,1,1,1,1,0,0,0,1,0,0,1,0,1,0.08350280949080434
541471173681e7,80116882,0,0,0,1,0,0,0,0,0,1,2210,100,50,1,1,0,0,1,0,1,1,1,1,0,1,0,1,0,1,1,1,1,0,1,0.057238063566628035
-101103720607e7,80118529,1,0,0,0,0,0,0,0,0,1,1720,100,20,1,2,0,0,1,1,0,1,1,1,0,1,0,0,1,1,1,1,1,0,1,0.06778611499029077
-375418049188e7,42124703,0,0,1,0,0,0,0,1,0,0,690,0,62,1,1,0,0,1,0,0,0,0,1,0,0,0,0,1,0,1,1,0,1,1,0.548398385732739
384396508775e7,80116900,0,0,0,1,0,0,0,0,0,1,3910,100,43,1,1,0,1,1,0,0,0,1,0,1,1,1,0,1,1,1,0,1,0,1,0.05753323703852455
264525898193e7,5524607,0,0,0,0,0,0,1,0,0,0,910,100,58,1,1,0.14285715,1,1,0,0,0,0,0,0,1,0,0,1,1,0,0,0,0,1,0.4498491432247056
-546102263995e7,80119369,0,0,0,1,0,0,0,0,0,1,1100,100,52,1,1,1,1,1,1,1,0,1,0,0,1,0,0,0,1,1,0,0,0,1,0.058732723140370875
518290946971e7,80119061,0,1,0,0,0,0,0,0,0,1,800,100,30,2,2,0,1,1,1,0,0,0,1,0,1,0,0,1,0,0,0,0,0,1,0.09182229780292293
53633687975e8,42125614,0,0,0,1,0,0,0,1,0,0,1530,20,18,1,1,0.71428573,1,0,0,0,1,1,1,1,0,0,0,0,1,0,0,0,1,1,0.5473210389171972
-3.6056552199800003e+018,80117695,0,0,0,0,0,0,0,0,0,1,380,100,62,1,3,0,1,1,0,0,1,0,1,0,1,0,0,1,1,0,0,0,0,1,0.06504063251113214
843770852334e7,5514469,0,0,0,0,0,0,1,0,0,0,400,100,24,1,1,0.5714286,1,1,0,0,0,0,1,1,1,0,0,0,1,1,1,0,0,1,0.3713933458819224
221116507938e7,10463462,0,0,0,1,0,0,0,0,0,0,610,70,18,1,1,0,1,1,0,1,1,1,0,0,1,0,0,1,0,0,1,0,1,1,0.5517044727682772
557068430862e6,80118494,0,0,0,1,0,0,0,0,0,1,2290,100,24,1,1,0.14285715,1,1,0,0,0,0,0,0,1,0,0,0,1,0,0,0,0,1,0.06426054796093902
5.1783672603599995e+018,78134145,0,0,0,1,0,0,0,0,1,0,220,90,21,1,1,0.14285715,0,1,0,0,0,1,1,0,1,0,0,0,1,0,0,0,1,1,0.34076754305196527
464402212283e7,10463003,0,0,1,0,0,0,0,0,0,0,840,80,40,1,1,0,1,1,1,0,1,0,0,0,1,0,0,1,1,1,1,0,1,1,0.5583987334923353
1.5950834864499999e+018,80116897,0,0,0,1,0,0,0,0,0,1,50,100,47,1,1,0,1,1,0,0,1,1,0,0,1,0,0,1,1,0,0,1,0,1,0.06877495148849856
500056472672e7,80117413,0,0,1,0,0,0,0,0,0,1,1170,100,33,2,2,0,0,1,0,0,1,0,1,0,1,0,0,1,1,0,0,0,1,1,0.062479634327139565
60755994283e8,80117437,0,0,0,1,0,0,0,0,0,1,2100,100,47,1,1,0,1,1,0,0,0,1,0,1,1,0,0,1,1,1,1,1,0,1,0.05508877138711698
489514094719e7,78134385,0,0,0,0,0,0,0,0,1,0,1700,100,55,1,1,0,1,1,0,0,1,1,1,0,1,0,0,1,0,1,1,0,1,1,0.3864668610129439
450413154261e6,78133746,0,0,0,0,1,0,0,0,1,0,440,80,23,1,1,0.14285715,1,0,0,0,1,0,0,1,1,0,0,0,1,1,1,0,0,1,0.3237434217221512
-572922754643e7,80118869,0,0,0,0,0,0,0,0,0,1,770,100,24,1,1,0,1,1,0,0,1,1,1,0,1,1,0,1,1,1,1,1,0,1,0.06332739777943834
3.1082099948600003e+018,78133627,0,1,0,0,0,0,0,0,1,0,610,100,18,1,1,0.14285715,0,1,1,0,1,1,1,1,1,1,0,1,1,0,1,0,0,1,0.33927525340588466
-732598510121e7,78134390,0,0,0,0,0,0,0,0,1,0,1790,20,55,1,1,0.42857143,0,1,0,0,0,0,0,0,0,0,0,0,0,1,1,0,0,1,0.32221861642173066
279405504176e7,78134386,0,0,0,0,0,0,0,0,1,0,1770,100,38,1,1,0,0,1,0,1,0,1,1,0,1,0,0,0,1,0,1,0,1,1,0.3453690324320666
-509212607791e7,80118937,0,0,1,0,0,0,0,0,0,1,250,100,18,1,1,0,1,0,1,0,0,0,0,0,1,0,0,1,1,1,1,0,0,1,0.0645959812334978
-1.1657106117299999e+018,78134172,0,0,0,0,1,0,0,0,1,0,450,100,24,1,1,0,1,1,1,0,0,0,1,0,1,0,0,0,1,1,1,0,1,1,0.31964501860927386
540619497561e7,80118842,0,0,0,0,1,0,0,0,0,1,2100,100,52,1,2,0.71428573,1,1,0,1,0,0,0,0,1,0,0,0,1,0,0,1,0,1,0.08103225043850397
-212244100594e7,78132581,0,1,0,0,0,0,0,0,1,0,880,100,30,1,2,0,0,1,0,0,0,0,0,0,1,0,0,1,0,1,1,0,0,1,0.3262654804858233
-730082986786e7,80118495,0,0,0,1,0,0,0,0,0,1,1030,100,24,1,1,0.14285715,1,1,0,0,0,0,0,0,1,0,0,0,1,0,0,0,0,1,0.06585461209583204
886367437299e7,5524170,0,0,0,0,0,0,1,0,0,0,3070,100,43,1,1,0,1,0,0,0,0,1,1,0,1,0,0,1,0,1,1,0,0,1,0.5307997844568096
873986392211e7,80115945,0,0,1,0,0,0,0,0,0,1,2300,100,54,1,1,0.14285715,1,1,0,0,1,0,1,0,1,0,0,1,1,1,1,0,0,1,0.05445293956642054
7.6327453144399995e+018,42123947,1,0,0,0,0,0,0,1,0,0,1130,100,47,1,1,0.14285715,1,1,0,0,0,0,0,0,1,0,0,1,0,1,1,1,0,1,0.4952632921922538
449901365029e7,80118483,0,0,0,1,0,0,0,0,0,1,1430,100,33,2,2,0.14285715,1,1,1,1,1,1,1,0,1,1,0,1,1,0,0,1,0,1,0.06614117441329737
71206583009e8,10462399,0,1,0,0,0,0,0,0,0,0,2770,100,46,1,1,0,0,1,0,0,1,0,1,1,1,0,1,1,1,1,1,0,0,1,0.4859648354339677
325842711023e7,80117455,0,0,0,1,0,0,0,0,0,1,1460,80,32,1,1,1,0,1,0,0,0,0,0,0,1,0,0,1,0,1,0,0,0,1,0.0628450211240265
845784381382e7,5514343,0,1,0,0,0,0,1,0,0,0,1130,100,26,1,1,1,1,1,0,0,0,0,1,1,1,0,0,0,1,0,0,1,0,1,0.3174493952471208
2.3669941351800003e+018,80118559,1,0,0,0,0,0,0,0,0,1,1310,80,29,2,2,0,1,1,0,0,1,0,1,0,1,0,0,1,1,1,1,1,0,1,0.06738789031039844
-1.5130568825900001e+018,78133617,0,1,0,0,0,0,0,0,1,0,1690,100,37,2,2,0,1,1,0,0,0,1,1,0,1,0,0,1,1,1,1,1,0,1,0.33188140836577745
623871275462e7,78132722,0,0,0,0,0,0,0,0,1,0,950,70,30,1,1,0.42857143,1,1,1,0,0,0,1,1,1,0,0,0,1,1,1,1,0,1,0.29457110250990304
-487979821098e7,80117701,0,0,0,0,0,0,0,0,0,1,970,50,20,1,1,0.14285715,0,1,0,1,0,0,0,0,1,0,0,1,1,1,0,1,0,1,0.06268393901473143
600836542398e7,10462590,0,0,1,0,0,0,0,0,0,0,3000,100,40,1,1,0,1,1,0,0,1,0,1,0,1,0,0,0,0,1,1,0,0,1,0.49180215660127147
-244714848325e7,78132488,0,0,0,0,0,0,0,0,1,0,330,100,30,1,1,0.14285715,0,1,1,1,0,1,0,0,1,0,0,1,1,0,0,0,0,1,0.3044974524593257
-8.3895857611599995e+018,5524172,0,0,0,0,0,0,1,0,0,0,3050,100,34,1,1,0.42857143,0,1,1,1,1,1,1,1,1,0,1,0,1,0,1,1,1,1,0.4933962227483985
69633345383e8,78134575,0,0,0,0,0,0,0,0,1,0,300,100,50,2,2,0.42857143,1,1,1,0,0,0,1,0,1,0,0,1,0,1,0,0,0,1,0.33245747069642195
-422040897908e7,78136122,0,1,0,0,0,0,0,0,1,0,150,100,33,2,2,0,0,1,0,0,0,0,1,0,1,0,0,1,1,1,1,0,0,1,0.30735445093343794
397347848356e7,10463317,0,1,0,0,0,0,0,0,0,0,5840,70,35,1,1,0,1,1,0,1,1,1,1,0,1,0,0,1,0,0,0,0,1,1,0.5987267939482874
845784381382e7,5514342,0,1,0,0,0,0,1,0,0,0,1100,100,26,1,1,1,1,1,0,0,0,0,1,1,1,0,0,0,1,0,0,1,0,1,0.3168284509039397
-438381265267e7,42124320,1,0,0,0,0,0,0,1,0,0,530,100,52,1,1,0.2857143,1,1,0,0,0,0,1,1,1,0,0,1,1,0,1,0,1,1,0.5633727113637917
-543485098967e7,80119328,1,0,0,0,0,0,0,0,0,1,2270,80,28,2,2,0,1,1,0,0,1,1,0,0,1,1,0,1,0,0,0,0,0,1,0.07229111166793974
59309892916e8,42123540,1,0,0,0,0,0,0,1,0,0,1660,100,70,1,1,0,1,1,0,1,0,0,1,0,1,0,0,1,0,0,1,0,1,1,0.5892294296985547
-252003987085e6,5524171,0,0,0,0,0,0,1,0,0,0,1140,100,38,1,1,0,0,1,0,0,0,0,0,0,1,0,0,0,1,1,1,0,1,1,0.4549206813171886
240122570713e7,5514355,0,1,0,0,0,0,1,0,0,0,1690,100,28,1,2,0.42857143,1,1,1,1,0,1,1,0,1,0,0,0,1,0,1,1,0,1,0.33439508373208887
677368294718e7,80119062,0,1,0,0,0,0,0,0,0,1,860,100,45,1,1,0.14285715,1,1,0,0,1,1,1,0,1,0,0,0,0,0,1,1,0,1,0.09219667582252582
-737011200592e7,78134164,0,0,0,0,1,0,0,0,1,0,340,90,41,1,1,0,0,1,0,0,1,0,0,0,1,0,0,1,0,1,1,0,0,1,0.3269947229025526
876628028869e7,78133637,0,1,0,0,0,0,0,0,1,0,1140,100,48,2,2,0.14285715,0,1,1,0,0,0,1,1,1,0,0,0,0,1,0,0,1,1,0.3500594839506173
-531315752439e7,10463454,0,0,0,1,0,0,0,0,0,0,2790,90,38,1,1,0,0,1,0,0,1,0,0,0,1,0,0,0,1,0,0,0,1,1,0.5361922388369517
177813335806e7,78131776,0,0,1,0,0,0,0,0,1,0,1460,95,73,1,3,0,0,1,0,0,1,0,1,0,1,0,0,1,0,0,0,0,0,1,0.3481093476254347
190895899168e7,80118309,0,0,0,1,0,0,0,0,0,1,200,100,73,1,1,0.42857143,1,1,0,0,0,0,0,1,1,0,0,1,1,1,1,0,0,1,0.06173088393282392
459600633693e7,10463009,0,0,0,1,0,0,0,0,0,0,4010,100,34,1,1,0.42857143,1,1,1,1,0,0,1,1,1,0,0,1,1,0,0,1,1,1,0.535377178264501
-847109820046e7,10463861,0,0,0,0,1,0,0,0,0,0,800,80,25,1,1,0.14285715,0,0,1,1,0,1,1,0,1,0,0,0,1,1,0,0,0,1,0.3936314775412618
-101103720607e7,80118530,1,0,0,0,0,0,0,0,0,1,530,100,20,1,2,0,0,1,1,0,1,1,1,0,1,0,0,1,1,1,1,1,0,1,0.07165827266077729
843086128221e7,78133638,0,1,0,0,0,0,0,0,1,0,1740,100,23,1,1,0,1,1,1,0,1,1,1,0,1,1,0,1,1,0,1,0,1,1,0.37507577355665744
-439967310429e7,42123491,0,0,0,1,0,0,0,1,0,0,1530,100,40,1,1,0,1,1,0,0,0,0,0,0,1,0,0,1,1,1,1,1,0,1,0.5607140279557815
-453894517791e7,80118822,0,0,0,0,1,0,0,0,0,1,3840,80,35,1,1,0.14285715,1,1,0,0,1,0,1,0,1,0,0,1,0,0,0,1,1,1,0.08914700772561926
-732598510121e7,78134391,0,0,0,0,0,0,0,0,1,0,180,20,55,1,1,0.42857143,0,1,0,0,0,0,0,0,0,0,0,0,0,1,1,0,0,1,0.32046369345802395
-43513897106e8,10463755,0,0,0,0,1,0,0,0,0,0,1190,100,53,2,2,0.14285715,1,1,1,1,0,1,0,0,1,0,0,1,1,1,0,0,1,1,0.5862164353452967
-65990135239e8,78132493,0,0,0,0,0,0,0,0,1,0,2600,100,34,1,2,0,1,1,0,0,0,0,1,0,1,0,1,1,1,1,1,0,0,1,0.3557281949538756
-377567946077e7,3592025,1,0,0,0,0,1,0,0,0,0,9270,90,42,1,1,0,0,1,1,0,1,1,1,0,1,1,0,0,1,0,0,0,1,1,0.5173516061960693
356365642531e6,78135098,0,1,0,0,0,0,0,0,1,0,480,100,49,1,1,0.14285715,1,1,1,0,1,0,1,0,1,0,0,1,1,1,1,1,1,1,0.363632001787751
-910323975224e7,10463800,0,0,0,0,0,0,0,0,0,0,2970,100,39,1,1,0,0,1,0,0,0,0,0,0,1,0,0,1,1,0,0,0,1,1,0.5557500280215146
-486116538401e7,78136328,0,1,0,0,0,0,0,0,1,0,2230,100,41,1,1,0,1,1,1,1,0,0,1,0,1,0,0,1,0,0,0,0,0,1,0.30410992452255603
-852644270811e7,78134221,1,0,0,0,0,0,0,0,1,0,80,100,46,2,2,0.42857143,1,1,0,0,0,0,0,0,1,0,0,1,1,1,1,1,1,1,0.36237172515795846
-318815846136e7,80117383,0,1,0,0,0,0,0,0,0,1,2010,100,26,1,1,0.14285715,1,0,0,0,1,1,1,0,1,0,0,1,1,0,1,0,1,1,0.09689559803480931
-383405176777e7,80119334,1,0,0,0,0,0,0,0,0,1,1970,90,40,1,1,1,1,0,1,0,0,1,0,1,1,0,0,1,1,1,0,0,0,1,0.06829216689469217
-655453977466e7,5521225,0,1,0,0,0,0,1,0,0,0,1080,100,30,1,1,1,1,1,0,1,0,1,1,1,1,0,0,1,1,1,0,1,0,1,0.3754736898039004
4.0372305459399997e+018,80117704,0,0,0,0,0,0,0,0,0,1,5460,100,30,1,1,0,1,1,0,0,1,0,0,0,1,0,0,1,1,1,1,0,0,1,0.05915961694125824
814381816568e7,78134594,0,0,0,0,0,0,0,0,1,0,440,80,57,1,1,0.42857143,0,0,0,0,0,0,0,1,1,0,1,1,0,0,0,1,1,1,0.42792646045466687
-547847251554e7,78136117,0,1,0,0,0,0,0,0,1,0,1900,100,50,1,2,0.14285715,0,1,0,0,0,0,0,0,1,0,0,1,1,1,1,0,0,1,0.32322013959313967
861675299247e7,10463451,0,0,0,1,0,0,0,0,0,0,580,100,18,1,1,0,1,0,0,0,0,0,0,0,1,0,0,0,1,0,0,0,1,1,0.47927790807859944
-3.6336297997799997e+018,80118010,0,0,0,0,0,0,0,0,0,1,12270,100,39,1,1,0.5714286,1,1,1,0,1,0,1,1,1,1,0,1,1,1,1,1,0,1,0.0643278681576798
448968201553e7,3592278,0,0,0,0,0,1,0,0,0,0,800,100,50,1,1,0.14285715,1,1,0,0,1,1,1,0,1,0,0,1,0,1,0,0,1,1,0.5883036643146586
-6.0451291089500006e+017,78134516,0,0,0,1,0,0,0,0,1,0,3100,100,74,2,2,0,1,1,1,0,0,1,1,0,1,0,0,1,0,0,1,0,0,1,0.35269550591387305
855717393593e7,80118940,0,0,1,0,0,0,0,0,0,1,870,100,31,1,1,0,1,1,0,0,1,1,1,0,1,1,0,1,1,0,0,1,0,1,0.06662985031198301
331944503996e7,80118816,0,0,0,0,1,0,0,0,0,1,2160,100,50,1,1,0,0,1,0,0,1,1,0,0,1,0,0,1,1,0,1,1,0,1,0.07724472715471219
2.3825653914599997e+018,78133065,0,0,1,0,0,0,0,0,1,0,510,100,21,1,1,0,1,0,0,0,0,0,1,0,1,0,0,0,0,1,1,0,1,1,0.386795605422647
240122570713e7,5514353,0,1,0,0,0,0,1,0,0,0,1610,100,28,1,2,0.42857143,1,1,1,1,0,1,1,0,1,0,0,0,1,0,1,1,0,1,0.32973445139245033
707040601022e6,78133640,0,1,0,0,0,0,0,0,1,0,5120,100,29,1,1,0,0,1,1,1,0,1,0,1,1,0,0,0,1,0,0,1,0,1,0.34092278799940573
-406338271304e7,3591003,0,0,0,0,0,1,0,0,0,0,1060,100,44,1,1,0,1,1,1,1,0,0,1,1,1,0,0,0,1,0,1,0,0,1,0.4716562194859444
845784381382e7,5514341,0,1,0,0,0,0,1,0,0,0,1570,100,26,1,1,1,1,1,0,0,0,0,1,1,1,0,0,0,1,0,0,1,0,1,0.3263950007171094
-570557461954e7,78133725,0,0,0,0,1,0,0,0,1,0,470,50,40,1,1,0.5714286,1,1,0,1,0,0,1,1,1,0,0,0,1,1,1,0,0,1,0.30078119812483806
829002583549e7,42124242,0,0,0,0,0,0,0,1,0,0,1240,100,28,1,1,0,0,1,1,1,0,0,1,0,1,0,0,0,1,1,1,1,0,1,0.36806789250501815
-4.2971933591800003e+018,10463020,0,0,0,1,0,0,0,0,0,0,880,100,28,1,2,0,1,1,0,0,1,1,1,0,1,0,0,1,1,0,1,0,0,1,0.4359562456811331
4.0372305459399997e+018,80117705,0,0,0,0,0,0,0,0,0,1,2350,100,30,1,1,0,1,1,0,0,1,0,0,0,1,0,0,1,1,1,1,0,0,1,0.0567062823345486
581082593775e7,78133891,0,0,0,1,0,0,0,0,1,0,2920,100,48,1,1,0,1,1,0,0,1,0,1,0,1,0,0,1,0,1,1,0,0,0,0.3505070674393363
-372061423827e7,80117677,0,0,0,0,0,0,0,0,0,1,4170,100,45,1,1,0,1,1,0,0,1,1,1,0,1,1,0,0,0,1,1,0,0,0,0.05947906056536507
-562971620912e7,10463007,0,0,0,1,0,0,0,0,0,0,1420,100,70,2,3,0.14285715,1,1,0,1,0,0,1,0,1,0,0,1,0,1,0,0,0,0,0.5031510671626135
-443296066576e7,80117674,0,0,0,0,0,0,0,0,0,1,2440,100,59,2,2,0,0,1,1,1,1,1,1,0,1,0,0,1,1,0,1,1,0,0,0.0624998252497412
900822185214e7,42124328,1,0,0,0,0,0,0,1,0,0,330,100,50,2,3,0.2857143,1,1,0,0,0,0,0,0,1,0,0,0,1,1,1,1,1,0,0.5175278089651013
-870306807536e7,78136307,0,1,0,0,0,0,0,0,1,0,1310,100,41,1,1,0.14285715,0,1,0,0,0,0,1,0,1,0,1,1,1,1,1,0,0,0,0.3319105605672738
-832408207975e7,80118097,0,1,0,0,0,0,0,0,0,1,1350,100,54,1,1,0,1,1,1,1,1,1,1,0,1,0,0,1,1,1,1,0,0,0,0.08569119921712225
-585058277656e7,78133908,0,0,0,1,0,0,0,0,1,0,830,100,44,1,1,0,1,1,0,1,0,0,1,0,1,0,0,1,1,1,1,0,1,0,0.3601467124915529
-376245581438e6,5524176,0,0,0,0,0,0,1,0,0,0,1100,100,43,1,1,0,1,1,0,0,0,0,1,0,1,0,0,1,1,1,0,0,1,0,0.5295660469234481
-317805075308e7,42124630,0,0,1,0,0,0,0,1,0,0,1870,100,51,1,2,0.42857143,1,1,1,0,0,0,0,0,1,1,0,0,1,0,1,0,0,0,0.5296356877446889
-676183757263e7,10463025,0,0,0,1,0,0,0,0,0,0,1100,100,45,1,1,0,1,1,0,0,1,0,1,1,1,0,0,1,1,1,1,0,1,0,0.5560152795724121
5.9023968514800005e+018,78132588,0,1,0,0,0,0,0,0,1,0,4170,100,63,1,3,0,1,1,0,0,1,0,0,1,1,0,0,1,0,0,1,0,0,0,0.3688375971298002
-613363686477e7,42125017,0,0,0,0,0,0,0,1,0,0,1100,100,46,1,1,0.2857143,0,1,0,1,0,0,1,1,1,1,0,0,1,1,1,0,1,0,0.4969637468546135
536853648981e7,80118311,0,0,0,1,0,0,0,0,0,1,1000,100,40,5,3,0.14285715,0,0,0,0,0,0,0,0,1,0,0,1,1,1,0,0,0,0,0.059907155310605
713292388699e5,78132579,0,1,0,0,0,0,0,0,1,0,350,100,24,1,1,0.42857143,1,1,1,1,0,1,1,0,1,0,0,0,1,1,0,0,0,0,0.2998087259684279
873986392211e7,80115948,0,0,1,0,0,0,0,0,0,1,1690,100,54,1,1,0.14285715,1,1,0,0,1,0,1,0,1,0,0,1,1,1,1,0,0,0,0.05601770881849632
-8.3895857611599995e+018,5524173,0,0,0,0,0,0,1,0,0,0,2960,100,34,1,1,0.42857143,0,1,1,1,1,1,1,1,1,0,1,0,1,0,1,1,1,0,0.48743416606556955
440133510715e7,10463561,1,0,0,0,0,0,0,0,0,0,730,100,37,1,1,0,0,0,0,0,1,0,1,0,1,0,0,1,1,0,1,0,0,0,0.4883185563152821
-550603819969e7,80116893,0,0,0,1,0,0,0,0,0,1,1070,100,30,1,1,0.14285715,1,1,0,1,1,1,1,0,1,0,1,1,1,1,0,0,0,0,0.06128971990625707
-102638225173e7,80117692,0,0,0,0,0,0,0,0,0,1,7610,100,53,2,2,0,1,0,0,0,0,0,0,0,1,0,0,1,1,1,1,0,0,0,0.0564535249893603
409370020327e7,10462595,0,0,1,0,0,0,0,0,0,0,2180,80,43,1,1,0,1,1,0,1,0,0,1,0,1,0,0,1,0,1,1,1,0,0,0.5196080662524571
8.3338083027299994e+017,10462400,0,1,0,0,0,0,0,0,0,0,910,100,25,1,2,0,0,1,0,0,0,1,0,0,1,0,0,1,1,1,1,1,0,0,0.40546891923622413
-543485098967e7,80119329,1,0,0,0,0,0,0,0,0,1,1610,100,28,2,2,0,1,1,0,0,0,1,0,0,1,1,0,1,0,0,0,0,0,0,0.07071811468992044
289355301328e7,80118533,1,0,0,0,0,0,0,0,0,1,2010,70,59,1,1,0,1,1,0,0,0,0,1,1,1,1,0,1,0,1,1,0,0,0,0.06760702076882624
833590393486e7,10463017,0,0,0,1,0,0,0,0,0,0,2600,100,52,1,1,0,0,0,1,0,1,0,1,0,1,0,0,0,1,0,0,0,1,0,0.4703581720152315
-670999065392e7,42124663,0,0,0,1,0,0,0,1,0,0,1240,50,57,1,1,0.2857143,1,1,0,1,0,1,1,1,0,1,0,1,0,1,1,0,0,0,0.5145591824015182
479014756579e7,78133744,0,0,0,0,1,0,0,0,1,0,3110,100,24,1,1,0,1,1,0,0,0,0,1,1,1,0,0,0,1,0,1,0,1,0,0.3558245215960358
420975226632e7,80118922,0,0,1,0,0,0,0,0,0,1,1820,100,56,2,1,0.85714287,0,1,0,1,0,0,0,1,1,0,0,0,0,0,0,1,0,0,0.06170736877722399
637943404026e7,42124316,1,0,0,0,0,0,0,1,0,0,580,100,65,1,1,1,1,1,0,0,0,0,1,1,1,1,0,1,1,0,1,0,0,0,0.5655083765430624
784745935449e7,3592030,1,0,0,0,0,1,0,0,0,0,350,100,70,1,2,0,1,1,0,0,0,0,1,0,1,0,0,0,0,0,0,0,1,0,0.47409462666528135
427779801448e7,3592050,1,0,0,0,0,1,0,0,0,0,880,100,28,1,1,0,1,1,0,0,0,0,1,0,1,1,0,1,1,1,0,0,1,0,0.46936430320221323
-361898825774e5,42124379,0,0,1,0,0,0,0,1,0,0,250,100,48,1,1,1,1,1,0,0,0,0,0,1,1,0,0,1,1,1,1,0,0,0,0.5151992570788294
-2.2404712898499999e+018,42125615,0,0,0,1,0,0,0,1,0,0,250,100,25,1,1,0,1,0,0,0,0,0,0,0,1,0,0,0,1,1,1,0,1,0,0.4916077842291861
351471360124e7,78136124,0,1,0,0,0,0,0,0,1,0,480,100,29,1,1,0.14285715,1,1,0,0,0,0,1,1,1,0,0,0,1,1,0,0,0,0,0.30744370333715765
-2.0841844932700001e+018,10463792,0,0,0,0,0,0,0,0,0,0,5160,100,30,1,1,0,0,0,0,0,0,0,0,0,1,0,0,1,0,1,1,0,1,0,0.5428367354703081
302392634401e7,80118304,0,0,0,1,0,0,0,0,0,1,1110,100,56,1,1,0.5714286,0,1,0,1,1,0,0,0,1,0,0,1,1,0,0,0,0,0,0.06175384444109713
796526193791e7,80115994,0,0,0,1,0,0,0,0,0,1,760,50,45,1,1,0,0,1,0,0,0,0,0,1,1,0,0,0,1,1,0,0,0,0,0.0618983371836757
-547847251554e7,78136118,0,1,0,0,0,0,0,0,1,0,1830,100,50,1,2,0.14285715,0,1,0,0,0,0,0,0,1,0,0,1,1,1,1,0,0,0,0.32341418721218723
1.9029911353500001e+018,10462406,0,1,0,0,0,0,0,0,0,0,4830,100,55,1,1,1,1,1,0,0,1,1,1,1,1,0,1,1,1,1,1,0,0,0,0.5073328948721181
-645729086202e7,78133724,0,0,0,0,1,0,0,0,1,0,2820,80,27,1,1,0,1,1,1,0,1,1,1,0,1,0,0,1,1,0,1,0,0,0,0.39220055596198655
-4.2971933591800003e+018,10463018,0,0,0,1,0,0,0,0,0,0,3210,100,28,1,2,0,1,1,0,0,1,1,1,0,1,0,0,1,1,0,1,0,0,0,0.524905197391257
448968201553e7,3592282,0,0,0,0,0,1,0,0,0,0,510,100,50,1,1,0.14285715,1,1,0,0,1,1,1,0,1,0,0,1,0,1,0,0,1,0,0.5654917470566251
-698411831071e7,78133902,0,0,0,1,0,0,0,0,1,0,1710,100,40,1,1,0,1,1,0,0,0,1,1,0,1,0,0,1,1,1,1,0,0,0,0.3680524007501578
494439056574e7,78133163,0,0,0,0,1,0,0,0,1,0,1190,100,26,1,1,0,1,1,1,1,1,1,1,0,1,1,0,0,1,0,1,1,0,0,0.30571736416598727
855717393593e7,80118939,0,0,1,0,0,0,0,0,0,1,1100,100,31,1,1,0,1,1,0,0,1,1,1,0,1,1,0,1,1,0,0,1,0,0,0.06518808623314092
894115223043e7,10463773,0,0,0,0,1,0,0,0,0,0,1280,100,28,1,1,0,0,0,0,0,0,1,1,0,1,0,0,0,1,1,1,0,1,0,0.4075673698282363
-251109853719e7,3595301,0,0,0,0,0,1,0,0,0,0,2850,100,32,1,1,0,1,1,0,0,1,0,0,0,1,0,0,1,1,1,1,0,1,0,0.5625623000388431
-569117116456e7,5521212,0,1,0,0,0,0,1,0,0,0,1680,50,65,1,1,1,1,1,1,1,0,1,0,1,1,1,0,0,1,0,0,0,1,0,0.45012741578813364
-705580624668e6,10463781,0,0,0,0,1,0,0,0,0,0,1500,100,30,1,1,0,0,1,1,1,0,1,1,0,1,0,0,1,1,1,1,0,1,0,0.5024774972819209
-6.8353776653299994e+017,80117446,0,0,0,1,0,0,0,0,0,1,1400,100,40,3,3,0,1,1,1,0,1,0,1,0,1,0,0,1,1,1,1,0,0,0,0.057170373378022186
831485715105e7,78131782,0,0,0,0,1,0,0,0,1,0,1000,100,42,1,2,0,1,1,0,0,0,1,1,0,1,0,0,1,0,1,1,0,0,0,0.3271110597405026
30808419958e8,80117431,0,0,0,1,0,0,0,0,0,1,3200,100,23,1,1,0.42857143,1,1,0,1,1,1,0,0,1,0,0,1,1,0,0,1,1,0,0.06757352923637015
-112740037382e6,78136034,0,0,0,1,0,0,0,0,1,0,330,90,26,1,1,0,1,1,1,1,0,1,0,0,1,0,0,1,1,1,0,1,0,0,0.32566909654468
790580812237e7,78133626,0,1,0,0,0,0,0,0,1,0,2010,100,37,1,1,0,1,1,0,0,0,1,1,0,1,0,0,1,1,1,1,0,0,0,0.3515676143894439
113329005384e7,78134529,0,0,0,1,0,0,0,0,1,0,1170,70,44,1,1,0.14285715,0,1,0,0,0,1,1,0,1,0,0,0,1,1,1,0,0,0,0.31461139722982
-566996283383e7,80118926,0,0,1,0,0,0,0,0,0,1,3270,100,52,1,1,1,1,1,0,0,0,0,0,0,1,0,0,0,1,0,0,0,1,0,0.05936110307789956
833609646374e7,42125327,0,0,0,0,0,0,0,1,0,0,3110,100,50,1,1,0,1,1,1,0,1,0,1,0,1,1,0,1,1,1,1,1,0,0,0.5493731458566874
-588670539379e7,5522835,0,1,0,0,0,0,1,0,0,0,840,100,43,1,1,0.71428573,0,1,0,0,0,1,1,0,1,0,0,0,0,0,1,1,0,0,0.3792060525418277
-6.7772172892400005e+018,80118829,0,0,0,0,1,0,0,0,0,1,8580,100,52,1,1,0.14285715,1,1,0,0,1,0,1,0,1,0,0,1,0,1,1,0,0,0,0.07509418587787832
233431322756e7,80117960,0,0,1,0,0,0,0,0,0,1,810,90,65,1,1,0.2857143,1,1,0,0,0,1,0,0,1,0,1,0,1,0,0,0,0,0,0.06407206142884304
326817207107e7,10463348,0,0,1,0,0,0,0,0,0,0,750,100,56,1,1,0,1,0,0,0,1,1,0,0,1,0,0,1,0,1,1,0,1,0,0.5023431625758656
829002583549e7,42124241,0,0,0,0,0,0,0,1,0,0,730,100,28,1,1,0,0,1,1,1,0,0,1,0,1,0,0,0,1,1,1,1,0,0,0.366207747103633
-2.0144174106899999e+018,3595313,0,0,0,0,0,1,0,0,0,0,1400,100,58,1,1,0,0,1,0,0,0,1,0,0,1,1,0,0,0,0,0,0,0,0,0.4575469168037661
4.8464489885199995e+018,3586698,0,0,0,0,0,1,0,0,0,0,2700,100,55,1,1,0,1,1,0,0,0,0,1,0,1,0,0,1,0,1,1,0,0,0,0.48330493564427135
-897336807299e7,42125660,1,0,0,0,0,0,0,1,0,0,970,80,37,1,1,0.33333334,1,0,0,0,0,0,1,1,1,0,0,0,0,0,1,1,1,0,0.4823935038361665
-108840725432e7,80117679,0,0,0,0,0,0,0,0,0,1,2690,100,39,1,1,0.5714286,1,1,1,0,1,0,1,1,1,1,0,1,1,1,1,1,0,0,0.0595636436139155
-2.3073130369400003e+018,78133712,0,0,0,0,1,0,0,0,1,0,1040,100,46,1,1,1,1,1,0,0,0,0,0,1,1,0,0,1,0,0,0,0,0,0,0.3383027581531809
431397408787e7,78131774,0,0,1,0,0,0,0,0,1,0,1830,100,56,1,1,1,1,0,0,0,0,0,0,0,1,0,0,1,0,1,0,1,0,0,0.38319700367207865
-802727407911e7,78134245,1,0,0,0,0,0,0,0,1,0,250,90,43,1,1,0,1,1,0,0,0,0,1,1,1,0,0,0,1,1,1,0,1,0,0.3341789667463394
27620140638e8,10463783,0,0,0,0,1,0,0,0,0,0,1240,100,37,1,1,0,0,1,1,1,0,1,1,0,1,0,0,0,0,1,1,1,1,0,0.4244588534420204
2.2776364960300001e+018,3592240,0,0,0,0,0,1,0,0,0,0,880,70,38,1,1,0.42857143,1,1,1,0,0,0,0,0,1,0,0,1,1,0,0,0,1,0,0.5415244122308094
814082098595e7,42124686,0,0,1,0,0,0,0,1,0,0,130,100,37,1,1,0,1,1,0,1,0,0,0,0,1,0,0,1,1,1,1,0,0,0,0.5191295682688145
-763785527751e7,80117688,0,0,0,0,0,0,0,0,0,1,980,100,39,1,1,0.5714286,1,1,1,0,1,0,1,1,1,1,0,1,1,1,1,1,0,0,0.06144902725335147
110065132223e7,42125164,0,0,0,0,1,0,0,1,0,0,1270,100,46,1,1,0.2857143,1,0,0,0,0,1,1,0,1,0,0,1,0,1,1,1,1,0,0.5804152815484289
-862495702462e7,10463191,0,1,0,0,0,0,0,0,0,0,3140,100,60,1,1,0,0,1,1,0,0,0,1,0,1,0,0,1,1,1,0,0,0,0,0.4596745566999749
467118632592e7,80118319,0,0,0,1,0,0,0,0,0,1,400,100,37,1,1,0,1,1,0,0,1,0,1,0,1,0,0,1,1,1,1,0,0,0,0.06385276171742663
-723036903523e7,10463525,0,0,0,1,0,0,0,0,0,0,1390,100,40,1,1,0,0,0,1,1,0,0,1,0,1,0,0,1,1,1,0,1,0,0,0.4898960441007499
720724405443e7,5521235,0,1,0,0,0,0,1,0,0,0,700,100,58,1,1,1,1,1,1,1,1,0,0,1,1,0,0,0,1,0,0,1,0,0,0.4025066779799673
232630070323e7,78134585,0,0,0,0,0,0,0,0,1,0,510,90,45,1,1,0,1,1,0,0,1,1,1,0,1,0,0,0,0,1,1,0,1,0,0.3313178202977002
497290824846e7,3592055,1,0,0,0,0,1,0,0,0,0,2930,90,40,1,1,0,1,1,0,0,0,0,1,0,1,1,0,0,1,0,1,0,1,0,0.5076065709815235
-3.6336297997799997e+018,80118008,0,0,0,0,0,0,0,0,0,1,4560,100,39,1,1,0.5714286,1,1,1,0,1,0,1,1,1,1,0,1,1,1,1,1,0,0,0.061394401015277406
-1.9022689580499999e+018,5521219,0,1,0,0,0,0,1,0,0,0,4750,100,38,1,1,0.2857143,0,1,1,0,0,0,1,1,1,1,0,1,1,0,0,1,0,0,0.48456776318914035
415943475559e7,10462813,1,0,0,0,0,0,0,0,0,0,1500,100,26,1,1,0,1,1,0,0,1,0,1,0,1,1,0,1,1,1,1,0,0,0,0.4705764457036132
723814044506e7,80117102,0,0,0,0,1,0,0,0,0,1,2920,100,32,1,1,0,1,1,1,1,1,1,1,0,1,0,0,1,0,1,1,1,0,0,0.07963418813207437
727300190818e7,10463313,0,1,0,0,0,0,0,0,0,0,3950,100,33,1,1,0,1,1,0,0,0,1,1,0,1,0,0,1,1,1,0,0,0,0,0.5423432252043399
234910066975e7,80117975,0,0,1,0,0,0,0,0,0,1,1500,100,23,1,1,0,1,1,1,0,1,1,1,0,1,0,0,1,1,1,0,1,0,0,0.06091626474426696
4.1184115956600003e+018,78136038,0,0,0,1,0,0,0,0,1,0,1460,20,33,1,1,0.2857143,1,1,1,1,1,1,1,0,0,0,0,1,1,0,1,1,0,0,0.3364062899787884
77008830837e8,5521239,0,1,0,0,0,0,1,0,0,0,1800,100,40,1,1,0.42857143,1,1,0,0,0,0,1,1,1,0,0,0,1,0,0,1,0,0,0.3971832006870427
-564679036529e7,10462946,0,0,1,0,0,0,0,0,0,0,740,100,21,1,1,0.42857143,1,1,1,1,1,0,1,0,1,0,0,1,1,1,1,0,0,0,0.46563402776886165
-920924936431e7,42124669,0,0,0,1,0,0,0,1,0,0,1260,100,50,1,1,0.2857143,1,1,0,0,0,0,1,0,1,1,0,0,1,1,0,1,1,0,0.5403643598679698
729719217919e7,80117970,0,0,1,0,0,0,0,0,0,1,280,100,25,1,1,0,0,1,1,1,1,1,1,0,1,0,0,1,1,1,1,1,0,0,0.06888726849691898
812146645005e7,10463189,0,1,0,0,0,0,0,0,0,0,2070,80,40,1,1,0.2857143,1,1,1,0,0,0,1,0,1,0,0,0,1,0,0,0,0,0,0.46101910141754165
-9.0056311785100006e+017,5524162,0,0,0,0,0,0,1,0,0,0,1720,100,62,1,1,0.14285715,1,1,1,0,0,0,1,0,1,0,0,1,1,1,0,0,1,0,0.5189120573649597
-2.6876421970599997e+018,80117439,0,0,0,1,0,0,0,0,0,1,200,90,36,1,2,0.71428573,1,1,0,0,0,0,0,0,1,0,0,1,1,0,0,0,0,0,0.06832273742074857
