nombrepignorante,prenda,dummy_dow1,dummy_dow2,dummy_dow3,dummy_dow4,dummy_dow5,dummy_suc1,dummy_suc2,dummy_suc3,dummy_suc4,dummy_suc5,prestamo,pr_recup,edad,visit_number,num_arms,faltas,genero,pres_antes,fam_pide,fam_comun,ahorros,cta_tanda,masqueprepa,estresado_seguido,oc,pb,fb,hace_presupuesto,tentado,low_cost,low_time,rec_cel,pago_frec_vol_fee,insample,rf_pred
-870904227618e6,10462426,0,0,0,1,0,0,0,0,0,0,1900,100,25,1,1,0.14285715,1,1,1,1,1,0,1,0,1,1,0,0,1,1,1,0,1,1,0.25300531359944445
7.9508266726000005e+018,80117108,0,0,0,0,0,0,0,0,0,1,960,100,52,1,1,0,0,1,0,0,0,0,0,0,1,0,0,0,1,0,1,1,0,1,0.1419762924629042
-1.6555233909900001e+018,78133010,1,0,0,0,0,0,0,0,1,0,1670,90,28,1,2,0.2857143,1,1,0,0,0,0,0,0,1,0,0,1,1,1,1,0,0,1,0.05512517940185003
11165277824e8,78136248,0,0,0,1,0,0,0,0,1,0,1250,100,38,2,1,0,1,1,0,0,0,0,0,0,1,0,0,1,0,0,1,0,0,1,0.05315727263796771
-553910296456e7,42126601,0,0,0,0,0,0,0,1,0,0,3910,100,29,1,1,0.14285715,1,1,0,0,1,0,1,0,1,0,0,1,1,1,1,0,0,1,0.19103489151156172
739487044413e7,78135173,0,0,0,1,0,0,0,0,1,0,1490,100,36,2,1,0,0,1,0,0,1,0,0,0,1,0,0,1,0,1,1,0,0,1,0.05427522155520028
-5.7970111132400005e+018,10463213,0,0,1,0,0,0,0,0,0,0,550,100,50,1,1,0.2857143,0,1,0,0,0,0,1,1,1,0,0,1,1,1,1,0,1,1,0.3014254980449625
-205661275068e7,3592285,1,0,0,0,0,1,0,0,0,0,2290,100,46,1,1,0,1,1,1,1,0,1,1,1,1,1,0,0,1,0,0,1,0,1,0.14511453306680644
-8.7379664345500006e+017,78134775,0,0,0,0,1,0,0,0,1,0,4120,100,55,1,1,0.2857143,1,1,0,0,0,0,1,1,1,0,0,1,1,0,0,0,0,1,0.05916587973804304
-694723067751e7,3586688,0,0,0,0,1,1,0,0,0,0,1060,90,32,1,1,1,1,1,1,0,0,1,0,1,1,0,0,1,1,0,0,1,0,1,0.14392057544367517
242301829763e7,3594266,0,0,0,0,0,1,0,0,0,0,1090,80,44,1,1,0.2857143,1,1,0,0,0,1,0,1,1,0,0,0,1,0,1,1,1,1,0.18128979689851196
-22496949056e8,10463536,0,0,0,0,1,0,0,0,0,0,300,100,41,1,1,0,0,1,0,0,0,1,1,0,1,1,0,0,0,1,1,0,0,1,0.21040869410093282
-1.3346791091299999e+018,5522666,0,1,0,0,0,0,1,0,0,0,3150,90,56,1,1,0.5714286,1,1,0,1,0,1,0,1,1,0,0,0,1,0,0,1,0,1,0.12446246281020966
224130039356e7,80116837,0,1,0,0,0,0,0,0,0,1,1570,100,61,1,2,0.85714287,1,1,0,0,0,1,1,1,1,0,0,0,1,1,0,1,0,1,0.1251770948379762
-62784411131e8,3594482,0,0,0,0,1,1,0,0,0,0,730,100,21,1,1,0.14285715,1,1,0,0,1,1,1,0,1,0,0,0,0,1,1,0,0,1,0.18744156359799358
-911886012368e7,5522811,1,0,0,0,0,0,1,0,0,0,1240,100,32,1,1,1,1,1,0,0,0,0,1,1,1,0,0,0,1,0,0,1,0,1,0.14700310893473267
80619726876e8,78133013,1,0,0,0,0,0,0,0,1,0,2680,50,58,1,2,0,1,1,0,0,0,1,0,0,0,0,0,1,1,1,1,0,0,1,0.05835249181764515
-253393171303e7,5514309,1,0,0,0,0,0,1,0,0,0,990,100,38,2,1,0,1,1,1,1,1,1,1,0,1,0,0,1,1,0,0,1,0,1,0.17309093102983125
3.9319797751800003e+018,78134546,0,0,0,0,1,0,0,0,1,0,2770,100,42,1,1,0,0,1,1,0,1,1,1,0,1,0,0,1,1,1,1,0,0,1,0.06441488326180783
-468109231398e7,80117150,1,0,0,0,0,0,0,0,0,1,820,100,54,1,1,0.14285715,1,1,0,0,0,1,0,0,1,1,0,1,1,0,0,1,0,1,0.1308968569187301
-783976649595e7,5514315,1,0,0,0,0,0,1,0,0,0,1010,80,43,1,1,0.2857143,1,1,1,0,1,1,1,0,1,0,0,1,0,1,1,1,0,1,0.17624478614633676
-333550055539e7,78132977,1,0,0,0,0,0,0,0,1,0,1020,100,35,1,1,0.85714287,0,1,0,1,0,1,0,1,1,1,0,0,1,1,1,1,0,1,0.054710310313146
-7.1210792799900006e+017,5514204,0,1,0,0,0,0,1,0,0,0,480,100,54,1,1,0,1,1,0,1,0,0,1,0,1,0,0,1,0,1,1,1,0,1,0.2001172808084496
717595475871e7,10462434,0,0,0,1,0,0,0,0,0,0,1830,100,42,1,2,0.2857143,1,1,0,0,0,1,1,0,1,1,0,1,1,1,0,1,0,1,0.17330846954214543
-551618183446e7,80116760,0,0,0,0,0,0,0,0,0,1,1350,100,57,1,2,0,0,1,0,0,0,1,0,1,1,0,0,0,1,1,1,0,0,1,0.12733996242317924
6.9351915099599995e+018,10462818,0,1,0,0,0,0,0,0,0,0,1920,100,37,1,1,0,0,0,1,1,1,0,1,1,1,0,0,1,0,1,1,0,0,1,0.19580293637716423
-375365313601e7,80116826,0,1,0,0,0,0,0,0,0,1,1200,100,49,1,1,0,1,1,0,0,0,0,1,0,1,0,1,0,1,0,0,0,0,1,0.13695737733193372
-235804674888e7,5521168,0,0,0,0,0,0,1,0,0,0,800,100,54,1,2,0.2857143,1,1,1,1,0,0,1,0,1,0,0,1,1,0,1,0,0,1,0.18882538973857227
-244447090533e7,42124037,0,0,0,0,1,0,0,1,0,0,1390,100,44,1,1,0.2857143,1,1,0,0,0,0,0,1,1,0,1,0,0,0,0,1,0,1,0.15083838071218697
464680851223e7,3594446,0,1,0,0,0,1,0,0,0,0,1110,90,28,1,1,0.14285715,0,1,0,1,0,0,1,0,1,0,0,1,1,1,1,1,1,1,0.2376263846836854
-473822340128e7,42124732,0,0,0,0,1,0,0,1,0,0,3680,90,24,1,1,0.71428573,0,1,0,0,0,0,1,1,1,1,0,0,1,0,1,0,0,1,0.16114597089485144
3.1796610803399997e+018,10462832,0,0,1,0,0,0,0,0,0,0,430,100,52,1,1,0.14285715,1,1,0,1,0,0,1,0,1,0,0,1,1,1,1,0,1,1,0.3215734183811819
-837935903674e7,5524505,0,1,0,0,0,0,1,0,0,0,6570,100,30,1,1,0,0,1,0,0,0,0,0,0,1,0,0,0,0,1,1,0,0,1,0.14524560654472862
-83053742213e8,78132622,0,0,1,0,0,0,0,0,1,0,1070,100,33,1,1,0,1,1,0,0,0,1,1,0,1,0,0,0,1,1,1,0,0,1,0.06674573403891858
-107827180032e7,42126011,0,0,0,0,1,0,0,1,0,0,2060,100,35,1,1,0,1,1,1,1,1,0,1,0,1,0,0,1,0,0,1,1,1,1,0.21881190799389916
492716609833e7,10462080,0,0,1,0,0,0,0,0,0,0,3000,80,50,1,1,0.14285715,0,1,0,0,0,0,1,1,1,1,0,1,1,1,1,0,0,1,0.22493043671085927
21356570693e8,42123708,0,0,0,0,1,0,0,1,0,0,2300,100,40,1,1,0,1,1,0,0,1,1,1,0,1,0,0,0,0,1,1,0,0,1,0.17615758168778847
-8.9454394518799995e+018,80117915,1,0,0,0,0,0,0,0,0,1,2590,100,48,1,1,0,1,1,0,0,1,0,1,0,1,0,0,1,1,0,1,0,0,1,0.14336869693495446
-784436117024e7,78136370,0,0,0,1,0,0,0,0,1,0,1630,25,32,2,2,0,1,1,1,0,0,0,0,1,0,1,0,1,1,0,0,0,0,1,0.05678317990729086
535691784103e7,10462909,0,1,0,0,0,0,0,0,0,0,630,100,42,1,2,0,1,1,0,1,0,0,1,0,1,1,0,0,1,1,0,1,0,1,0.24043568902701964
-790818633736e7,10462870,0,0,0,0,1,0,0,0,0,0,4570,100,38,1,1,0,1,1,0,0,1,0,1,0,1,0,1,1,1,1,0,0,0,1,0.16938837837028722
-505067984323e7,3595913,0,0,0,0,1,1,0,0,0,0,1450,100,42,1,1,0.71428573,1,1,1,0,0,0,0,1,1,0,0,1,1,1,0,0,0,1,0.14109879590030658
107307626995e7,10462563,0,1,0,0,0,0,0,0,0,0,500,100,41,2,3,0.14285715,1,1,0,1,0,1,1,0,1,1,0,1,0,0,0,0,1,1,0.29831514333224896
-370901854984e7,42125742,0,0,1,0,0,0,0,1,0,0,3040,100,18,4,3,0,0,0,0,0,1,0,1,0,1,0,0,0,1,1,1,0,0,1,0.2343525748665173
772789363878e7,42123717,0,0,0,0,0,0,0,1,0,0,270,100,32,1,1,0.42857143,0,1,1,1,0,1,1,1,1,0,0,0,1,1,1,0,1,1,0.2950264757879281
-645826072451e7,10462557,0,1,0,0,0,0,0,0,0,0,2150,100,29,1,2,0,1,1,0,0,1,0,1,0,1,0,0,1,1,1,1,0,1,1,0.21148033802819255
674439061376e7,78134548,0,0,0,0,1,0,0,0,1,0,1530,60,40,1,1,0.42857143,1,1,0,1,0,0,1,1,1,0,0,1,1,1,1,0,0,1,0.06221126893229163
851301511657e7,80116713,0,0,0,1,0,0,0,0,0,1,1040,100,35,1,1,0,0,1,1,1,1,0,1,0,1,0,0,1,1,1,0,1,0,1,0.1998733909419235
478025202725e7,3595335,1,0,0,0,0,1,0,0,0,0,3660,100,21,1,1,1,0,1,1,0,1,0,1,0,1,0,0,1,1,0,0,1,0,1,0.15895860310702134
463621598366e7,5522633,1,0,0,0,0,0,1,0,0,0,1870,100,42,1,1,0,1,1,0,0,1,0,1,1,1,0,0,1,0,1,1,0,0,1,0.16383621497031817
490702018113e7,80117925,0,1,0,0,0,0,0,0,0,1,2460,100,50,1,1,0.14285715,1,1,1,0,0,0,1,0,1,0,0,0,1,0,1,1,0,1,0.14527207065278902
119683563848e7,3591011,1,0,0,0,0,1,0,0,0,0,630,80,29,1,1,0,1,0,1,1,1,1,1,0,1,1,0,1,1,1,1,0,1,1,0.30877416260849766
-793390535543e7,42125564,1,0,0,0,0,0,0,1,0,0,1290,100,33,1,1,0.14285715,1,1,0,0,1,1,1,0,1,0,0,0,1,1,1,0,0,1,0.1854346389056124
415631712945e7,3595904,0,0,0,0,1,1,0,0,0,0,350,100,50,1,1,0.2857143,1,1,0,0,1,1,1,0,1,0,0,1,1,1,1,1,0,1,0.20604390908184128
-452759558413e7,42123784,0,1,0,0,0,0,0,1,0,0,1240,100,33,1,1,0,1,1,0,1,1,1,1,0,1,0,0,1,1,1,1,0,0,1,0.22647869309060237
2.1517463788300001e+018,80118455,0,0,1,0,0,0,0,0,0,1,790,90,19,1,1,0,0,0,0,0,1,1,1,0,1,0,1,1,1,0,0,1,0,1,0.19193907153646295
-380361874229e7,3592194,0,0,0,0,1,1,0,0,0,0,2100,100,50,1,1,0.14285715,1,1,0,0,0,1,0,1,1,0,0,0,1,0,0,0,0,1,0.12842064016045043
-119189340912e7,42123623,0,0,1,0,0,0,0,1,0,0,3310,70,50,1,1,0,1,1,0,0,0,0,1,1,1,0,0,1,0,0,0,0,0,1,0.19222745327854335
-640000076613e7,3593988,0,0,0,0,0,1,0,0,0,0,930,100,62,1,1,0.14285715,1,1,1,0,1,0,0,1,1,0,0,1,0,0,1,0,0,1,0.1580613272773279
-6.1857592150700006e+017,5514332,1,0,0,0,0,0,1,0,0,0,2480,90,59,1,1,0,1,1,0,1,0,0,0,0,1,1,0,0,1,0,1,0,0,1,0.13269466012043116
518290946971e7,80117159,1,0,0,0,0,0,0,0,0,1,2910,100,30,1,2,0,1,1,1,0,1,1,1,0,1,0,0,1,0,0,0,1,0,1,0.16306009395559784
561153908432e7,10462897,1,0,0,0,0,0,0,0,0,0,2770,0,28,2,2,0.14285715,1,1,1,1,0,1,1,0,0,0,0,1,1,1,0,0,0,1,0.19467285445347793
-7.5916840313299994e+017,42125700,0,1,0,0,0,0,0,1,0,0,2920,100,40,1,1,0.42857143,1,0,0,0,0,1,0,1,1,0,0,1,0,0,0,0,1,1,0.18916229627687406
467547822733e7,10463908,0,0,1,0,0,0,0,0,0,0,170,100,44,1,1,0.14285715,0,1,0,0,0,0,0,0,1,0,1,0,1,1,1,0,0,1,0.20577703930863717
668393462437e7,42124391,0,0,0,0,0,0,0,1,0,0,1720,90,27,1,1,0,0,1,1,0,1,0,1,0,1,0,0,1,1,1,1,1,1,1,0.25960641672101964
-435295667068e7,80116758,0,0,0,0,0,0,0,0,0,1,1270,90,37,1,2,0,0,1,0,0,0,1,0,0,1,0,0,0,1,0,0,0,0,1,0.13486284901252987
-753173434328e7,80118794,0,0,1,0,0,0,0,0,0,1,580,100,23,1,1,0,1,1,1,0,0,1,1,0,1,1,0,1,0,1,0,1,0,1,0.2027144286112419
-5.3664621385200005e+018,5520213,0,1,0,0,0,0,1,0,0,0,230,100,30,1,1,0.14285715,1,1,0,0,0,0,0,0,1,0,0,1,1,1,0,0,0,1,0.18621712485374603
-843660273702e7,10462090,0,0,1,0,0,0,0,0,0,0,1060,100,25,2,2,0.2857143,1,0,0,0,0,0,1,1,1,0,0,1,1,1,1,0,0,1,0.23940134967438073
364516883955e7,10462433,0,0,0,1,0,0,0,0,0,0,440,100,50,1,2,0.14285715,1,1,0,0,1,1,1,0,1,0,0,1,1,0,0,0,0,1,0.1992934705801272
686251411136e7,80117126,0,0,0,0,0,0,0,0,0,1,520,100,77,1,3,0.14285715,1,1,1,1,0,1,0,0,1,1,0,0,1,0,0,1,0,1,0.15013374156701004
-8.7379664345500006e+017,78134772,0,0,0,0,1,0,0,0,1,0,2600,100,55,1,1,0.2857143,1,1,0,0,0,0,1,1,1,0,0,1,1,0,0,0,0,1,0.06078935153225538
711235948785e7,42125217,0,1,0,0,0,0,0,1,0,0,4600,100,37,1,1,0,0,0,0,1,0,1,0,0,1,0,0,0,1,1,1,1,0,1,0.1643547201931878
686251411136e7,80117125,0,0,0,0,0,0,0,0,0,1,5630,100,77,1,3,0.14285715,1,1,1,1,0,1,0,0,1,1,0,0,1,0,0,1,0,1,0.13977200869261253
-295832105676e7,10462838,0,0,1,0,0,0,0,0,0,0,7290,100,26,1,1,0.14285715,1,1,0,0,1,0,1,0,1,1,0,1,1,0,1,1,0,1,0.2056080189225894
-1.7866347557699999e+018,3592230,0,0,0,0,1,1,0,0,0,0,3360,100,36,1,1,0,0,1,0,0,1,1,1,0,1,0,0,1,0,0,1,0,0,1,0.16811026004815008
-112106501281e7,42125057,0,0,0,0,0,0,0,1,0,0,2010,100,53,1,1,0.42857143,1,1,1,1,0,1,0,0,1,0,0,1,1,0,0,1,0,1,0.14225229236110343
-877932803427e7,80117948,0,1,0,0,0,0,0,0,0,1,1200,100,29,1,1,0,0,1,1,0,0,0,1,0,1,0,0,1,0,0,1,0,0,1,0.16985180045502327
444038386895e7,80117123,0,0,0,0,0,0,0,0,0,1,2550,100,77,1,1,0.14285715,1,1,1,1,0,1,0,0,1,1,0,0,1,0,0,1,0,1,0.1311634509789291
-790025628279e7,78134462,0,1,0,0,0,0,0,0,1,0,680,100,28,1,1,0,0,1,0,0,0,0,0,0,1,0,1,1,1,1,1,0,0,1,0.054197474139728266
-6664446316e9,78134692,0,0,1,0,0,0,0,0,1,0,840,80,64,1,1,0,1,1,0,0,1,0,0,0,1,0,0,1,1,1,1,0,0,1,0.06329672284894824
245165465281e7,78134915,0,0,0,1,0,0,0,0,1,0,880,50,40,2,2,0.2857143,1,1,1,0,0,0,0,1,1,0,0,1,1,0,0,0,0,1,0.05354310723900464
-416108706908e6,42124218,0,0,0,0,1,0,0,1,0,0,330,70,41,1,1,0,1,1,0,0,0,1,0,1,1,0,0,0,1,1,0,1,0,1,0.20502829703242045
-745138706267e7,3594267,0,0,0,0,0,1,0,0,0,0,350,100,60,1,1,0.5714286,1,1,1,1,1,1,1,0,1,0,1,1,1,0,1,0,1,1,0.28943797834754414
-6.8860594715100006e+017,5521187,1,0,0,0,0,0,1,0,0,0,2040,90,35,1,2,1,1,1,1,0,0,0,1,0,1,0,0,0,1,0,0,1,0,1,0.14638108263312535
-84594817772e8,3594441,0,1,0,0,0,1,0,0,0,0,2850,100,49,1,1,0,1,1,1,1,0,1,1,1,1,0,0,1,1,1,1,0,1,1,0.172952726176707
-594989437629e7,5524249,0,1,0,0,0,0,1,0,0,0,230,90,31,1,1,0.14285715,1,1,0,0,0,0,1,0,1,1,0,1,1,1,1,1,1,1,0.27381721451856905
1.9536182099100001e+018,78134790,0,0,0,0,1,0,0,0,1,0,1640,70,46,4,3,0,1,1,0,0,1,1,1,0,1,0,0,1,1,0,0,0,0,1,0.07755250025364539
410951638852e7,10463055,0,1,0,0,0,0,0,0,0,0,800,100,52,1,1,0,1,1,0,0,1,1,1,0,1,0,0,1,1,1,1,0,0,1,0.20398800570492606
4.5728545145400003e+018,78134473,0,1,0,0,0,0,0,0,1,0,990,95,45,1,1,0.14285715,1,1,1,0,1,1,1,0,1,0,0,0,1,0,0,0,0,1,0.06163702580185694
-5.4977786834800005e+018,10462916,0,1,0,0,0,0,0,0,0,0,5910,100,55,3,3,0.5714286,1,1,0,1,0,0,0,1,1,1,0,1,1,1,0,1,0,1,0.15210271148779764
-9.9367428776300006e+017,78134786,0,0,0,0,1,0,0,0,1,0,10730,50,30,4,3,0.42857143,0,1,1,0,1,1,1,1,1,0,0,1,1,1,1,1,0,1,0.0641281454590344
-722620284983e7,78134482,0,0,1,0,0,0,0,0,1,0,200,90,40,1,1,0.14285715,0,1,0,1,1,1,0,0,1,0,0,0,1,1,1,1,0,1,0.06587704372020761
-81827748952e7,10462905,1,0,0,0,0,0,0,0,0,0,840,100,35,1,1,0,1,1,0,0,1,1,1,0,1,0,0,1,1,0,0,1,0,1,0.1826399751330022
227029989048e7,42126604,0,0,0,0,0,0,0,1,0,0,1430,50,38,1,1,0,1,1,1,1,0,1,0,0,1,0,0,0,1,1,1,0,0,1,0.17478860647385236
581211904317e7,42125705,0,1,0,0,0,0,0,1,0,0,5010,100,49,1,1,0,0,1,0,0,0,0,1,0,1,0,0,1,0,0,0,1,0,1,0.1488478796872905
-5.5072841478000005e+018,10462922,0,1,0,0,0,0,0,0,0,0,710,100,29,1,2,0.14285715,1,1,1,0,1,0,1,1,1,1,0,1,1,1,1,1,1,1,0.2871056757111451
3.8976802315000003e+018,78134768,0,0,0,0,1,0,0,0,1,0,750,100,55,1,1,0,1,1,0,0,0,0,0,0,1,0,0,1,1,1,1,0,0,1,0.056689651865439616
-783976649595e7,5514311,1,0,0,0,0,0,1,0,0,0,2590,80,43,1,1,0.2857143,1,1,1,0,1,1,1,0,1,0,0,1,0,1,1,1,0,1,0.15233481820317182
704754763971e7,42125993,0,1,0,0,0,0,0,1,0,0,9230,100,51,1,1,0,0,1,1,1,1,0,1,1,1,0,1,1,1,0,0,0,0,1,0.14775309613203907
661419489298e7,3594379,0,0,0,0,1,1,0,0,0,0,620,100,50,1,1,0,0,1,1,1,1,0,1,0,1,1,0,0,0,0,0,1,0,1,0.18300733344052347
-495023724906e7,42124229,0,0,0,0,1,0,0,1,0,0,290,100,50,1,1,0,1,1,1,1,1,1,1,0,1,0,0,1,0,0,1,0,0,1,0.2253724457622071
701489183649e7,78131733,0,0,1,0,0,0,0,0,1,0,440,100,21,1,2,0.14285715,1,1,0,0,0,0,1,0,1,1,0,0,1,0,1,0,0,1,0.06603482722795538
17102042877e8,5514331,1,0,0,0,0,0,1,0,0,0,4740,100,63,1,1,0.14285715,1,1,1,1,1,1,1,0,1,1,0,0,1,0,1,0,0,1,0.1533733216938818
-152795407626e7,10463052,0,1,0,0,0,0,0,0,0,0,7000,100,52,1,1,0.42857143,0,1,1,0,0,1,1,1,1,0,0,1,1,0,0,1,0,1,0.13265137852036424
823547653632e7,5520197,1,0,0,0,0,0,1,0,0,0,730,50,56,1,1,0.14285715,1,1,0,0,0,1,1,0,0,1,0,1,1,1,1,0,0,1,0.2135849622979788
-7.7410727161100006e+017,5524513,0,1,0,0,0,0,1,0,0,0,600,100,30,1,1,1,1,1,0,1,1,1,1,0,1,0,0,0,1,1,0,1,0,1,0.20240258480801473
1290778189e9,3592331,1,0,0,0,0,1,0,0,0,0,2520,50,42,1,1,0,1,1,0,0,0,0,1,1,0,0,0,0,0,0,0,0,1,1,0.1741378930732205
-721347494352e7,3595367,0,1,0,0,0,1,0,0,0,0,1610,100,20,1,1,0.14285715,0,1,0,0,0,0,0,0,1,0,0,1,1,1,1,0,0,1,0.15335119014815954
-822998974841e7,42123713,0,0,0,0,0,0,0,1,0,0,1510,95,45,1,1,0.71428573,1,1,0,0,0,0,0,0,1,0,0,1,1,0,0,1,0,1,0.1517603167768026
3.2489322388199997e+018,3591760,0,0,0,0,0,1,0,0,0,0,400,100,47,1,1,0,1,1,0,0,0,0,0,0,1,0,0,1,0,0,1,0,0,1,0.1657252423010021
687480983002e7,5522780,1,0,0,0,0,0,1,0,0,0,2100,100,64,1,2,1,0,1,0,0,1,1,0,1,1,0,0,1,0,0,0,0,0,1,0.11774585781956812
-203568595884e7,42123736,1,0,0,0,0,0,0,1,0,0,3690,100,77,1,1,0,1,1,1,1,1,1,1,0,1,0,0,1,0,1,1,1,1,1,0.2385928489467832
1290778189e9,3592326,1,0,0,0,0,1,0,0,0,0,1720,50,42,1,1,0,1,1,0,0,0,0,1,1,0,0,0,0,0,0,0,0,0,1,0.17444337881193725
-443422747343e7,42124708,0,0,0,1,0,0,0,1,0,0,1240,100,47,1,1,0,0,1,0,0,1,0,1,0,1,1,0,1,1,1,1,0,1,1,0.22174059540857882
765642484329e7,42125997,0,1,0,0,0,0,0,1,0,0,660,100,41,1,1,0,0,1,0,0,1,1,1,0,1,0,0,0,0,1,1,0,0,1,0.2512882795361974
928355463546e6,3594427,1,0,0,0,0,1,0,0,0,0,4000,100,76,1,1,0,1,1,0,0,0,0,1,1,1,1,0,1,0,0,0,0,0,1,0.13025719457106008
-253393171303e7,5521191,1,0,0,0,0,0,1,0,0,0,880,100,38,2,1,0,1,1,1,1,1,1,1,0,1,0,0,1,1,0,0,1,0,1,0.17615972301313068
-722093697406e7,78136376,0,0,0,1,0,0,0,0,1,0,2450,70,36,1,1,0.71428573,1,1,0,0,0,0,1,1,1,0,0,0,1,1,1,0,0,1,0.059457943202864814
30664386796e8,42123677,0,0,0,0,1,0,0,1,0,0,680,100,53,1,1,0.2857143,1,1,0,0,1,0,1,0,1,0,0,0,1,0,1,1,0,1,0.2039057549739344
502759656552e7,78136379,0,0,0,1,0,0,0,0,1,0,960,100,25,2,1,0,0,1,1,1,0,0,1,0,1,0,0,1,1,1,1,0,0,1,0.060069984135997456
-323847402868e7,10463257,0,0,0,0,1,0,0,0,0,0,2410,90,55,1,1,0,1,0,0,0,0,0,1,0,1,0,1,1,1,1,0,0,0,1,0.14620164310341807
-290671534611e7,42125208,0,1,0,0,0,0,0,1,0,0,2240,100,62,1,1,0,1,0,1,1,0,0,0,0,1,0,0,1,1,0,0,1,0,1,0.1521612431953748
546588070818e7,78134950,0,0,0,0,1,0,0,0,1,0,1740,100,37,1,1,0,1,1,0,0,1,0,1,0,1,0,0,1,1,1,1,0,0,1,0.0625099711173574
737294796278e7,3586683,0,0,0,0,1,1,0,0,0,0,1350,100,22,1,1,0,1,1,0,0,0,0,1,1,1,1,0,0,1,0,0,1,0,1,0.16412583468746048
-9.8548153326499994e+017,80116717,0,0,0,1,0,0,0,0,0,1,260,100,25,1,1,0,1,1,1,1,0,1,0,0,1,0,0,0,1,0,0,1,0,1,0.169168292486752
-772120351754e7,80116727,0,0,0,0,1,0,0,0,0,1,280,100,39,1,3,0,1,1,1,0,1,0,1,1,1,0,0,1,0,1,1,0,0,1,0.19591844488010562
543480585014e7,10462931,0,1,0,0,0,0,0,0,0,0,1290,100,51,4,3,0.14285715,1,1,1,0,0,0,1,0,1,0,0,1,1,0,0,0,1,1,0.2473886299224395
-779053927799e7,78133043,0,1,0,0,0,0,0,0,1,0,530,80,43,1,1,0,1,1,0,1,1,0,1,0,1,0,0,1,1,1,1,0,0,1,0.06427307633290094
-1.3965093076099999e+018,78131752,0,1,0,0,0,0,0,0,1,0,1830,100,26,1,1,0.14285715,0,1,0,1,1,1,1,0,1,0,0,0,1,1,1,1,0,1,0.062490646883430825
-465995639776e7,10463198,0,0,1,0,0,0,0,0,0,0,2110,100,30,1,2,0,1,1,0,1,0,1,1,0,1,0,0,1,1,1,1,0,1,1,0.2982364323587007
467547822733e7,10463909,0,0,1,0,0,0,0,0,0,0,210,100,44,1,1,0.14285715,0,1,0,0,0,0,0,0,1,0,1,0,1,1,1,0,0,1,0.20548665469325256
-205661275068e7,3592284,1,0,0,0,0,1,0,0,0,0,2750,100,46,1,1,0,1,1,1,1,0,1,1,1,1,1,0,0,1,0,0,1,0,1,0.14380155746661502
467547822733e7,10463911,0,0,1,0,0,0,0,0,0,0,380,100,44,1,1,0.14285715,0,1,0,0,0,0,0,0,1,0,1,0,1,1,1,0,0,1,0.21342288589078118
-422867765857e7,5521201,1,0,0,0,0,0,1,0,0,0,580,100,38,1,1,0,1,1,1,0,1,1,1,0,1,0,0,0,1,0,1,0,0,1,0.19051130091634866
3.1796610803399997e+018,10462830,0,0,1,0,0,0,0,0,0,0,3870,100,52,1,1,0.14285715,1,1,0,1,0,0,1,0,1,0,0,1,1,1,1,0,1,1,0.2570473950993349
30664386796e8,42123676,0,0,0,0,1,0,0,1,0,0,1970,100,53,1,1,0.2857143,1,1,0,0,1,0,1,0,1,0,0,0,1,0,1,1,0,1,0.14689815991861635
2.6814772343800003e+018,3592078,0,1,0,0,0,1,0,0,0,0,940,100,48,1,1,0.14285715,0,0,0,0,0,0,0,0,1,1,0,0,1,0,0,0,0,1,0.1700025919449401
852483552008e7,78134848,0,1,0,0,0,0,0,0,1,0,370,50,26,1,1,0,1,1,1,1,0,0,1,0,1,0,0,0,1,1,1,1,0,1,0.06507630011283284
839451777226e7,78133776,0,0,0,0,0,0,0,0,1,0,2690,90,63,1,2,0.14285715,1,1,1,1,1,1,0,0,1,0,0,1,1,1,0,0,0,1,0.061065450991285915
-416108706908e6,42124219,0,0,0,0,1,0,0,1,0,0,880,70,41,1,1,0,1,1,0,0,0,1,0,1,1,0,0,0,1,1,0,1,0,1,0.1870907458445722
510363690096e7,78132998,1,0,0,0,0,0,0,0,1,0,2260,100,35,1,2,0,0,0,0,0,1,1,1,0,1,0,0,0,0,1,1,1,0,1,0.06192099614413482
-2.0536665158099999e+018,80115932,0,0,0,0,1,0,0,0,0,1,3390,100,48,1,1,0.2857143,1,0,0,1,0,0,0,0,1,0,0,1,1,0,0,0,0,1,0.13129472715727034
-117274301842e7,5524226,0,1,0,0,0,0,1,0,0,0,8830,100,35,1,1,0,0,1,0,0,1,0,1,0,1,0,0,1,0,0,0,0,1,1,0.15110432841828925
-611833976922e7,78132791,0,1,0,0,0,0,0,0,1,0,2040,100,28,1,1,0,0,1,0,0,0,0,1,1,1,0,0,1,0,1,0,0,0,1,0.06231519030244712
-822998974841e7,42123714,0,0,0,0,0,0,0,1,0,0,1340,95,45,1,1,0.71428573,1,1,0,0,0,0,0,0,1,0,0,1,1,0,0,1,0,1,0.15186009965080965
188157042638e7,10462910,0,1,0,0,0,0,0,0,0,0,520,100,26,1,1,0.2857143,0,0,0,0,0,0,0,0,1,0,0,0,1,1,0,0,1,1,0.23626931007961458
-694723067751e7,3586689,0,0,0,0,1,1,0,0,0,0,1080,90,32,1,1,1,1,1,1,0,0,1,0,1,1,0,0,1,1,0,0,1,0,1,0.14180406205756993
518059395134e7,10462875,0,0,0,0,1,0,0,0,0,0,2590,100,42,3,3,0,1,0,0,0,0,0,1,0,1,0,0,1,0,1,1,0,0,1,0.1948812985984844
-64882939693e8,42124578,1,0,0,0,0,0,0,1,0,0,2390,100,30,1,1,0.2857143,0,1,1,1,0,1,1,0,1,0,0,1,1,1,1,1,0,1,0.19961110026537227
495522077427e6,80116838,0,1,0,0,0,0,0,0,0,1,380,100,41,1,2,0.2857143,1,1,1,0,0,1,0,1,1,1,0,1,1,1,0,0,0,1,0.16772876625430416
3.2489322388199997e+018,3591762,0,0,0,0,0,1,0,0,0,0,230,100,47,1,1,0,1,1,0,0,0,0,0,0,1,0,0,1,0,0,1,0,0,1,0.1647043605274901
-841446172675e7,5521205,1,0,0,0,0,0,1,0,0,0,3390,100,43,1,1,0.14285715,0,1,1,1,1,0,1,1,1,0,0,1,1,1,1,1,0,1,0.16505279771635759
304152556131e7,78131798,0,0,0,1,0,0,0,0,1,0,510,80,31,1,1,0.14285715,1,1,0,0,0,1,1,0,1,0,0,0,0,1,1,1,0,1,0.06776223655252654
-608277281277e7,80117876,0,0,0,0,1,0,0,0,0,1,700,100,23,1,3,0,1,1,0,0,0,1,1,0,1,0,0,1,1,1,1,0,0,1,0.1776942675383256
103268659361e6,80117115,0,0,0,0,0,0,0,0,0,1,2000,100,45,2,3,0.14285715,1,1,0,0,0,0,1,0,1,1,0,0,1,0,1,0,0,1,0.1644282661358016
-6.8860594715100006e+017,5521186,1,0,0,0,0,0,1,0,0,0,1130,90,35,1,2,1,1,1,1,0,0,0,1,0,1,0,0,0,1,0,0,1,0,1,0.14970183110600144
241708496184e7,42123753,1,0,0,0,0,0,0,1,0,0,1380,100,49,1,1,0,1,1,1,1,1,1,1,0,1,0,0,1,1,1,1,1,0,1,0.1942900424008112
1.9594165968099999e+018,42125228,0,1,0,0,0,0,0,1,0,0,710,100,26,1,1,0,0,1,1,1,1,0,1,0,1,1,0,0,1,1,0,1,1,1,0.358576137557392
-188923012204e7,80116738,0,0,0,0,1,0,0,0,0,1,670,20,26,1,1,0,1,0,0,0,1,1,1,0,0,1,0,1,1,0,0,0,1,1,0.25959027690193526
-133354171854e6,78132976,1,0,0,0,0,0,0,0,1,0,970,50,57,1,1,0,1,1,0,0,0,0,0,0,0,0,0,1,1,1,1,0,0,1,0.05722750883095561
-718106837834e7,78134859,0,1,0,0,0,0,0,0,1,0,530,50,24,1,1,0,1,1,0,0,1,0,0,1,1,0,0,1,1,1,1,0,0,1,0.0540307693248255
-698922530774e7,42125747,0,0,1,0,0,0,0,1,0,0,2320,100,46,2,2,0,1,1,0,0,0,0,1,0,1,0,0,1,1,1,1,0,0,1,0.25504055712583223
-111678974438e7,78133527,0,0,0,0,1,0,0,0,1,0,2550,100,38,1,1,0.2857143,1,1,1,1,0,0,0,1,1,0,0,0,1,1,1,1,0,1,0.05596687785300346
14218701218e8,78133036,0,1,0,0,0,0,0,0,1,0,1640,90,43,1,3,0,1,1,1,0,1,0,1,0,1,0,0,1,1,1,1,0,1,1,0.09143208179647246
877315583385e7,42124734,0,0,0,0,1,0,0,1,0,0,350,100,35,1,2,0,0,1,0,0,0,1,0,0,1,0,0,0,1,1,1,0,0,1,0.20387831573578938
815133313867e7,42125222,0,1,0,0,0,0,0,1,0,0,1700,80,56,1,1,0,1,1,0,0,1,1,1,0,1,0,0,1,1,1,1,1,0,1,0.15939760126757066
-125703288876e7,80116820,0,1,0,0,0,0,0,0,0,1,4030,100,43,1,1,0.5714286,1,1,0,0,0,1,0,1,1,0,1,0,1,0,1,1,0,1,0.1376288098161257
134965808973e6,5523005,0,1,0,0,0,0,1,0,0,0,730,70,44,1,1,0.5714286,0,1,0,0,0,0,1,0,1,1,0,1,1,0,1,0,1,1,0.24429283265843638
-554086236119e7,42124226,0,0,0,0,1,0,0,1,0,0,1180,100,28,1,1,0,1,1,0,0,1,0,1,0,1,0,0,0,0,0,1,1,0,1,0.18565399132197563
756953201609e7,5524502,0,1,0,0,0,0,1,0,0,0,1470,30,62,1,1,1,1,1,0,0,0,1,0,1,0,0,0,1,0,1,1,0,0,1,0.12727080249364522
6.4679923078000005e+018,78134860,0,1,0,0,0,0,0,0,1,0,330,100,25,1,1,0,1,1,0,0,1,0,1,0,1,0,0,1,1,1,1,1,0,1,0.0613135243953075
691141187264e7,80117131,0,0,0,0,0,0,0,0,0,1,580,80,42,1,1,0.2857143,1,1,0,0,0,1,1,1,1,1,0,1,1,0,0,0,0,1,0.20130863556196696
1290778189e9,3592334,1,0,0,0,0,1,0,0,0,0,1170,50,42,1,1,0,1,1,0,0,0,0,1,1,1,0,0,0,0,0,0,0,0,1,0.15474629231475254
-2.9793889298200003e+018,42125577,1,0,0,0,0,0,0,1,0,0,1680,100,27,1,1,1,1,1,0,0,0,0,1,0,1,0,0,1,1,1,1,0,0,1,0.17593839545643705
-179046645362e7,80118444,0,0,1,0,0,0,0,0,0,1,480,50,23,1,1,0.14285715,1,1,0,0,0,1,1,0,1,0,1,1,1,1,0,0,0,1,0.20293373277530097
-7.0437432514800005e+018,42124540,1,0,0,0,0,0,0,1,0,0,1260,100,47,1,1,0.14285715,1,1,1,0,0,1,1,1,1,0,0,0,0,1,1,0,0,1,0.17736793136654527
625453072283e7,5522619,0,0,0,0,0,0,1,0,0,0,660,90,49,1,2,0,1,1,0,0,1,1,1,0,1,0,0,0,0,0,0,1,1,1,0.21236568118419358
-3.2744191927800003e+018,10462556,0,1,0,0,0,0,0,0,0,0,3710,100,46,1,2,0.14285715,1,1,1,0,1,1,1,0,1,1,0,1,1,1,0,1,1,1,0.17913250123637445
-1.3965093076099999e+018,78131754,0,1,0,0,0,0,0,0,1,0,800,100,26,1,1,0.14285715,0,1,0,1,1,1,1,0,1,0,0,0,1,1,1,1,0,1,0.06062851070903038
271943523199e7,42125765,0,0,0,1,0,0,0,1,0,0,6280,100,58,1,1,0,0,1,0,0,0,0,1,0,1,0,0,0,1,1,1,0,0,1,0.13831734083013866
2.1245510276099999e+018,3592345,0,1,0,0,0,1,0,0,0,0,3910,100,38,1,1,1,1,1,0,0,0,1,1,1,1,0,0,1,1,1,1,1,0,1,0.1610598036743476
703043999301e7,80118025,1,0,0,0,0,0,0,0,0,1,480,100,40,1,1,0,0,1,0,0,0,1,0,0,1,0,0,1,1,0,0,0,0,1,0.14906809183307707
-313031816329e7,42123633,0,0,1,0,0,0,0,1,0,0,460,100,39,1,1,0.2857143,1,1,0,0,0,0,1,1,1,0,0,1,0,0,0,0,1,1,0.29392690457933335
2.0626592270300001e+018,42123624,0,0,1,0,0,0,0,1,0,0,1000,100,50,1,1,0.14285715,1,1,0,0,0,0,1,1,1,0,0,0,1,1,1,1,1,1,0.3142173798792866
9.3401322058300006e+017,10463441,0,0,1,0,0,0,0,0,0,0,170,20,27,1,2,0,0,1,1,1,0,0,1,0,0,0,0,1,1,0,1,0,1,1,0.3180808351818312
1.3360418664300001e+018,42123703,0,0,0,0,1,0,0,1,0,0,660,100,42,1,1,0,1,1,0,0,0,0,1,1,1,0,0,1,1,1,1,0,1,1,0.3073783092365307
-385220887991e7,5514216,0,1,0,0,0,0,1,0,0,0,1020,100,23,1,1,0.2857143,1,1,1,1,0,1,0,0,1,0,0,1,1,0,0,1,0,1,0.15618771894954436
-381639362063e7,78134843,0,1,0,0,0,0,0,0,1,0,430,70,55,1,1,0,0,1,0,1,1,0,1,1,1,0,0,1,1,1,1,1,0,1,0.06867051881112339
-1.5333344424499999e+018,78132995,1,0,0,0,0,0,0,0,1,0,690,100,62,1,2,0,1,1,0,0,0,0,0,0,1,0,0,1,1,0,1,0,0,1,0.05589043189697169
-518800672722e7,5523075,0,0,0,0,0,0,1,0,0,0,4430,100,59,1,1,0.14285715,1,1,0,0,0,1,0,1,1,0,0,1,1,0,0,1,1,1,0.12469253144102747
-3.1513083854200003e+018,78136372,0,0,0,1,0,0,0,0,1,0,7450,25,31,2,3,0,1,1,1,0,0,0,0,1,0,1,0,1,0,1,1,0,0,1,0.05373713123500161
-819101950202e7,3594490,0,0,0,0,1,1,0,0,0,0,5480,100,57,1,1,0,0,1,0,0,1,0,1,0,1,0,0,0,1,1,1,1,0,1,0.1390105057838386
2.4244950711800003e+018,5522647,1,0,0,0,0,0,1,0,0,0,2630,50,57,1,2,0.2857143,0,1,1,1,0,1,0,0,1,0,0,0,1,0,1,0,0,1,0.1352061654637273
391525101988e6,78132634,0,0,1,0,0,0,0,0,1,0,6210,100,55,1,2,0,1,1,0,0,0,0,1,0,1,0,0,0,1,0,1,0,0,1,0.06995899283456784
-5.3463184543600005e+018,5522665,0,1,0,0,0,0,1,0,0,0,2590,100,42,1,1,0.14285715,1,1,0,0,0,1,0,1,1,0,0,1,1,0,0,0,0,1,0.14442232099480437
-783976649595e7,5514313,1,0,0,0,0,0,1,0,0,0,1100,80,43,1,1,0.2857143,1,1,1,0,1,1,1,0,1,0,0,1,0,1,1,1,0,1,0.16781165200405
22357605038e8,80117153,1,0,0,0,0,0,0,0,0,1,1180,100,21,1,1,0,1,1,0,0,0,0,1,0,1,0,0,0,0,0,1,0,0,1,0.14987524176273131
550467087903e7,78134504,0,0,1,0,0,0,0,0,1,0,2880,100,33,1,1,0.42857143,1,0,1,0,0,0,0,0,1,0,0,1,1,0,1,1,0,1,0.07147010685717266
-512225898376e7,42124545,1,0,0,0,0,0,0,1,0,0,610,90,40,1,1,0.14285715,0,1,0,0,0,0,1,0,1,0,0,1,1,1,1,1,0,1,0.2748323474070075
404457151982e6,5524328,0,0,0,0,0,0,1,0,0,0,370,100,25,1,1,0,1,1,0,0,0,0,1,0,1,1,0,1,1,0,0,0,0,1,0.21432796444336302
110979520174e7,80115955,1,0,0,0,0,0,0,0,0,1,1310,80,51,2,1,0,1,1,1,0,0,1,1,0,1,0,0,0,1,0,0,1,0,1,0.1433636064081982
-562197448861e7,78136001,0,0,1,0,0,0,0,0,1,0,610,100,24,1,1,0.14285715,0,1,0,0,0,0,1,0,1,0,0,0,0,0,1,0,0,1,0.06250725394254908
-430860749303e7,5520169,0,0,0,0,0,0,1,0,0,0,1750,100,50,1,1,0,1,1,0,0,0,1,1,0,1,0,0,0,0,0,1,0,1,1,0.14718640293986374
-6.9740675189199995e+018,78132629,0,0,1,0,0,0,0,0,1,0,790,100,21,1,1,0,0,1,0,0,1,0,1,0,1,0,0,1,0,1,0,1,0,1,0.061241658265208256
-58155880529e8,10463163,1,0,0,0,0,0,0,0,0,0,380,100,42,1,3,0,0,1,0,0,1,0,1,0,1,0,0,0,0,0,0,0,0,1,0.20475621834143382
-754203565042e7,78133356,0,0,0,1,0,0,0,0,1,0,1820,100,30,1,2,0,1,1,0,0,1,1,1,0,1,0,0,0,1,1,1,0,0,1,0.06386987659795727
-895025461256e7,42124383,0,0,0,0,0,0,0,1,0,0,1960,100,60,2,2,0,1,1,0,0,0,0,0,0,1,0,0,0,1,1,1,0,0,1,0.14792313176438426
-776243665858e7,80116935,0,0,0,0,1,0,0,0,0,1,1770,100,24,1,1,0.71428573,1,1,0,0,0,0,0,1,1,0,1,0,1,0,0,1,0,1,0.13263796913120396
-8.2249801912399995e+018,42123758,1,0,0,0,0,0,0,1,0,0,840,100,53,1,1,0.14285715,1,1,0,0,0,0,1,0,1,0,0,1,0,1,1,1,1,1,0.23294657134213742
-620360857677e7,3594475,0,0,0,1,0,1,0,0,0,0,1110,100,83,1,1,0,0,1,0,0,0,1,1,0,1,0,0,0,0,1,0,1,0,1,0.1453867341223042
-143916363072e7,3595202,0,0,0,0,0,1,0,0,0,0,660,90,70,1,1,0.2857143,1,1,0,0,0,0,0,1,1,0,0,0,1,0,1,0,1,1,0.19161715905784932
224130039356e7,80116836,0,1,0,0,0,0,0,0,0,1,1280,100,61,1,2,0.85714287,1,1,0,0,0,1,1,1,1,0,0,0,1,1,0,1,0,1,0.12594673827439215
-421636753667e7,42125702,0,1,0,0,0,0,0,1,0,0,180,100,67,1,1,0,1,1,0,0,1,0,0,1,1,0,0,0,1,0,0,0,0,1,0.17099714247871042
-188414038838e7,78132820,0,1,0,0,0,0,0,0,1,0,1100,70,43,1,1,0.42857143,0,1,0,0,0,1,0,1,1,0,0,0,1,1,1,0,0,1,0.05749631477381979
-251038406867e7,3592072,0,1,0,0,0,1,0,0,0,0,660,75,44,1,1,0.14285715,1,1,1,0,0,0,0,1,1,0,0,0,1,0,0,0,0,1,0.18126092921421302
882503653511e7,3595466,0,0,0,0,1,1,0,0,0,0,1340,100,44,1,1,0.71428573,1,1,1,0,1,0,1,1,1,0,0,0,1,0,0,0,0,1,0.14679207900859023
309298816935e7,10463043,0,1,0,0,0,0,0,0,0,0,960,100,47,2,3,0,0,1,0,0,1,1,1,0,1,0,0,1,0,1,0,0,1,1,0.2535532746606501
-550848587696e7,3594433,0,1,0,0,0,1,0,0,0,0,3820,100,75,1,1,0,1,1,0,0,0,0,1,0,1,0,0,1,1,0,0,0,0,1,0.1366263769090609
-7.6769474633200005e+018,3594463,0,0,0,1,0,1,0,0,0,0,1960,100,48,1,1,0,1,1,0,0,1,1,0,0,1,0,0,1,1,1,1,0,0,1,0.15300259630765015
-175987713338e7,42125757,0,0,0,1,0,0,0,1,0,0,8090,100,70,1,1,0.14285715,1,1,0,0,0,0,1,0,1,0,0,1,0,1,1,0,0,1,0.1496072400573747
-694723067751e7,3592226,0,0,0,0,1,1,0,0,0,0,1060,90,32,1,1,1,1,1,1,0,0,1,0,1,1,0,0,1,1,0,0,1,0,1,0.14392057544367517
-375365313601e7,80116825,0,1,0,0,0,0,0,0,0,1,1260,100,49,1,1,0,1,1,0,0,0,0,1,0,1,0,1,0,1,0,0,0,0,1,0.1352528315248948
-709545826082e7,5520195,1,0,0,0,0,0,1,0,0,0,1030,100,36,1,1,0.14285715,1,1,1,1,0,1,1,1,1,0,0,0,1,0,0,1,1,1,0.18919526964299202
479919748989e7,42123619,0,0,1,0,0,0,0,1,0,0,740,100,19,1,1,1,1,1,0,0,1,0,1,0,1,0,0,0,1,0,0,0,0,1,0.22424288383308796
-435227536063e7,78132627,0,0,1,0,0,0,0,0,1,0,550,80,23,1,1,0,1,0,1,0,1,0,0,0,1,0,0,1,0,0,0,0,0,1,0.06877347173142251
31141243624e8,42124060,0,0,0,0,1,0,0,1,0,0,1900,100,35,1,1,0,0,1,0,0,1,0,1,0,1,0,0,1,1,1,1,0,0,1,0.20327523546737788
-554086236119e7,42124225,0,0,0,0,1,0,0,1,0,0,950,100,28,1,1,0,1,1,0,0,1,0,1,0,1,0,0,0,0,0,1,1,0,1,0.2143827704530092
627323884534e7,10462367,0,0,0,0,0,0,0,0,0,0,580,90,50,1,1,0.14285715,1,1,1,1,1,0,1,0,1,0,0,1,0,1,0,0,0,1,0.2142025575980959
-273957631421e7,78133778,0,0,0,0,0,0,0,0,1,0,400,100,48,1,1,0.2857143,1,1,0,1,1,1,0,0,1,0,0,1,1,0,0,1,0,1,0.059989443845063876
399660638821e6,5522622,0,0,0,0,0,0,1,0,0,0,1330,100,57,1,1,0,0,1,0,0,1,0,1,0,1,1,0,1,1,1,1,1,0,1,0.15754432454978434
790049653089e7,3595201,0,0,0,0,0,1,0,0,0,0,1000,90,57,1,1,0.2857143,1,1,0,0,0,0,0,1,1,0,0,1,1,1,1,0,0,1,0.16521535775046675
1.3360418664300001e+018,42123704,0,0,0,0,1,0,0,1,0,0,800,100,42,1,1,0,1,1,0,0,0,0,1,1,1,0,0,1,1,1,1,0,1,1,0.3056004623339678
-7.8041550869199995e+018,80116704,0,0,0,1,0,0,0,0,0,1,1260,80,34,1,2,0.2857143,1,1,1,1,0,1,1,1,1,0,0,1,1,0,0,0,1,1,0.21629541823351464
502709578029e7,10462866,0,0,0,0,1,0,0,0,0,0,620,70,21,1,1,0.14285715,0,0,0,0,1,0,1,0,1,0,0,1,1,1,1,0,0,1,0.2463772129803797
-816135593727e7,42122499,1,0,0,0,0,0,0,1,0,0,1000,100,71,1,1,0,1,1,0,0,1,1,0,1,1,0,0,0,1,1,1,0,1,1,0.18963087089664654
-2.4031285178200003e+018,42125769,0,0,0,1,0,0,0,1,0,0,3890,100,45,1,1,0,1,1,0,0,1,1,1,0,1,0,0,0,0,0,0,0,0,1,0.1551226962554892
22205357334e8,42124740,0,0,0,0,1,0,0,1,0,0,2390,100,80,1,2,0,0,1,1,0,0,0,1,0,1,0,0,0,0,1,1,0,0,1,0.15588715724078997
-766591779073e7,80117146,1,0,0,0,0,0,0,0,0,1,900,100,36,1,2,0,1,1,1,1,1,1,0,0,1,0,0,0,1,0,0,0,0,1,0.1417665698452068
-253393171303e7,5521192,1,0,0,0,0,0,1,0,0,0,770,100,38,2,1,0,1,1,1,1,1,1,1,0,1,0,0,1,1,0,0,1,0,1,0.18381702021326196
699228297488e7,42125455,0,0,0,0,1,0,0,1,0,0,800,100,48,1,1,0,1,1,0,0,0,0,1,0,1,0,0,1,0,1,1,0,1,1,0.2574950425757024
902721270742e6,78133994,1,0,0,0,0,0,0,0,1,0,2220,100,35,2,2,0.42857143,1,1,0,1,0,0,0,1,1,0,0,0,1,0,0,0,0,1,0.05462123462270546
836087264405e7,3592350,0,1,0,0,0,1,0,0,0,0,3120,100,60,1,1,0.2857143,1,1,1,0,0,1,0,0,1,0,0,0,1,0,0,0,0,1,0.12406221435180599
-1.2604195689699999e+018,42125751,0,0,1,0,0,0,0,1,0,0,1880,100,50,1,1,0,1,0,0,0,0,0,1,0,1,0,0,1,0,0,1,0,0,1,0.21786722600220415
535511903296e6,10462881,0,0,0,0,1,0,0,0,0,0,3740,100,52,1,1,0.14285715,1,1,1,0,1,1,1,0,1,1,0,1,0,0,0,1,0,1,0.1472717515291372
1.9686844357699999e+018,78133398,0,0,0,0,1,0,0,0,1,0,4520,100,63,2,3,0,1,1,0,0,1,0,1,0,1,0,0,1,1,1,1,0,0,1,0.07288894903446456
-249934555181e7,3594436,0,1,0,0,0,1,0,0,0,0,1060,100,42,1,1,0.2857143,0,1,0,0,0,0,1,0,1,0,0,1,1,1,1,1,1,1,0.22274749938249236
-475257356462e7,42124551,1,0,0,0,0,0,0,1,0,0,5140,100,65,1,1,0,1,1,0,0,0,0,1,0,1,0,0,1,0,0,1,0,0,1,0.14482638940395917
436419344623e6,10463108,0,0,0,0,1,0,0,0,0,0,580,50,41,1,2,0.14285715,1,1,1,1,1,0,1,1,0,0,1,1,0,1,1,0,1,1,0.3124620233455261
144846426547e5,5514214,0,1,0,0,0,0,1,0,0,0,2500,100,33,1,1,0,1,1,0,0,1,1,1,0,1,0,0,1,0,1,1,1,0,1,0.17461455764973938
538447578697e7,42124730,0,0,0,0,1,0,0,1,0,0,1960,100,32,1,1,0.2857143,1,1,0,0,1,1,1,1,1,0,0,0,1,1,0,1,0,1,0.17112872894779427
687480983002e7,5522779,1,0,0,0,0,0,1,0,0,0,2020,100,64,1,2,1,0,1,0,0,1,1,0,1,1,0,0,1,0,0,0,0,0,1,0.11774942805916831
-583093004809e7,78131771,1,0,0,0,0,0,0,0,1,0,2660,100,60,1,2,0.42857143,1,1,1,1,1,1,1,0,1,0,0,1,1,0,1,0,0,1,0.069632828435644
844940340581e7,42123646,0,0,1,0,0,0,0,1,0,0,2100,100,42,1,1,0.14285715,1,1,0,0,0,0,0,0,1,0,0,0,1,1,1,0,1,1,0.3077915647308659
700215508376e7,42126603,0,0,0,0,0,0,0,1,0,0,1520,100,25,1,1,0,1,0,0,0,0,0,1,0,1,0,0,1,1,1,1,0,0,1,0.20789437811626393
667704244298e7,78133359,0,0,0,1,0,0,0,0,1,0,1320,50,35,1,2,0,1,1,0,0,0,1,1,0,1,0,0,1,1,1,1,0,0,1,0.06391390882426191
490702018113e7,80117924,0,1,0,0,0,0,0,0,0,1,2280,100,50,1,1,0.14285715,1,1,1,0,0,0,1,0,1,0,0,0,1,0,1,1,0,1,0.14534426456382826
600365310453e7,78134974,0,0,0,0,1,0,0,0,1,0,620,90,21,4,1,0.14285715,1,1,0,1,0,0,1,1,1,1,0,1,1,0,0,1,0,1,0.07017987992991977
-881306428802e7,78134951,0,0,0,0,1,0,0,0,1,0,9550,100,51,2,1,0,1,1,1,0,0,1,0,0,1,0,0,1,0,1,1,1,0,1,0.054056713537726495
-277329901025e7,10462883,0,0,0,0,1,0,0,0,0,0,670,100,37,1,1,0,1,1,0,0,1,1,1,0,1,1,0,1,1,0,0,1,0,1,0.20150118091453115
815133313867e7,42125224,0,1,0,0,0,0,0,1,0,0,1360,80,56,1,1,0,1,1,0,0,1,1,1,0,1,0,0,1,1,1,1,1,0,1,0.16267754272704543
-360001017196e7,3594428,1,0,0,0,0,1,0,0,0,0,2120,100,55,1,1,0.42857143,1,1,0,1,0,1,0,0,1,0,1,0,0,1,0,1,0,1,0.14203842321848392
9.1860094571599995e+018,10462662,0,0,0,0,0,0,0,0,0,0,860,100,36,1,3,0,1,1,0,0,0,0,1,0,1,0,1,1,1,1,0,1,0,1,0.22339098251168396
-3.7991566031000003e+018,80116710,0,0,0,1,0,0,0,0,0,1,4720,90,29,1,3,0.5714286,1,1,0,0,0,0,0,1,1,0,0,0,1,0,0,0,0,1,0.1379796819594628
271943523199e7,42125766,0,0,0,1,0,0,0,1,0,0,3540,100,58,1,1,0,0,1,0,0,0,0,1,0,1,0,0,0,1,1,1,0,0,1,0.14652277558651794
912615586077e7,42123788,0,1,0,0,0,0,0,1,0,0,3000,100,31,1,1,0,0,1,1,1,1,1,1,0,1,0,0,1,1,1,1,1,1,1,0.22802856239720753
-7.8041550869199995e+018,80116705,0,0,0,1,0,0,0,0,0,1,3635,80,34,1,2,0.2857143,1,1,1,1,0,1,1,1,1,0,0,1,1,0,0,0,0,1,0.1926495142993302
2.5809825576999997e+018,42123780,0,1,0,0,0,0,0,1,0,0,1640,100,42,1,1,0.14285715,1,1,0,0,1,0,1,0,1,0,0,1,1,0,1,0,0,1,0.19110983463199877
3.2489322388199997e+018,3591761,0,0,0,0,0,1,0,0,0,0,230,100,47,1,1,0,1,1,0,0,0,0,0,0,1,0,0,1,0,0,1,0,0,1,0.1647043605274901
-1.7726563276700001e+018,3595864,0,0,0,1,0,1,0,0,0,0,3760,100,62,1,1,0.14285715,1,1,0,0,0,1,0,1,1,0,0,1,1,0,1,0,0,1,0.13041227093805055
49359749181e8,78133534,0,0,0,0,0,0,0,0,1,0,2590,100,54,1,1,0,0,0,1,1,0,0,1,0,1,0,0,1,0,1,1,0,0,1,0.06523319091850473
8.2216383996099994e+017,80117612,0,0,0,1,0,0,0,0,0,1,690,100,45,3,4,0.14285715,1,1,1,1,1,1,1,0,1,1,0,1,1,0,0,1,0,1,0.19386799781038164
-205966548885e6,42124563,1,0,0,0,0,0,0,1,0,0,500,100,72,2,2,0,1,1,1,0,1,0,0,0,1,0,0,1,1,1,1,0,0,1,0.19266313068686836
-232241695908e6,78134778,0,0,0,0,1,0,0,0,1,0,2630,90,49,1,2,0.5714286,1,1,1,0,0,0,0,1,1,0,0,0,1,0,1,0,0,1,0.05670737645180361
209967932908e7,10462689,1,0,0,0,0,0,0,0,0,0,990,100,30,1,2,0,0,1,1,0,1,1,1,0,1,0,0,1,1,1,1,1,0,1,0.20863960303752363
55848667273e8,5524116,0,0,0,0,0,0,1,0,0,0,1080,100,52,2,2,0,0,1,0,0,1,0,1,0,1,0,0,1,1,1,1,0,0,1,0.17266344072719939
182537272126e6,80117112,0,0,0,0,0,0,0,0,0,1,580,100,45,1,2,0.14285715,1,1,0,0,0,0,1,0,1,1,0,0,1,0,1,0,0,1,0.1713686604865292
-7.8041550869199995e+018,80116703,0,0,0,1,0,0,0,0,0,1,2100,80,34,1,2,0.2857143,1,1,1,1,0,1,1,1,1,0,0,1,1,0,0,0,1,1,0.21564434578053507
624826599081e7,10462666,0,0,0,0,0,0,0,0,0,0,1500,100,47,1,1,0,1,1,1,0,1,0,1,1,1,0,0,0,1,1,1,0,0,1,0.1734923100247958
675586809134e7,3592082,0,1,0,0,0,1,0,0,0,0,1100,100,38,1,1,0,1,1,0,0,0,0,1,0,1,0,1,0,0,0,0,1,0,1,0.16889591862937325
30664386796e8,42123675,0,0,0,0,1,0,0,1,0,0,1880,100,53,1,1,0.2857143,1,1,0,0,1,0,1,0,1,0,0,0,1,0,1,1,0,1,0.14645608302533503
768585886351e7,10462819,0,1,0,0,0,0,0,0,0,0,1150,100,20,1,1,0.42857143,0,0,0,0,0,0,1,0,1,0,0,1,0,0,0,0,0,1,0.18430105135669714
611255457558e7,78132607,0,0,1,0,0,0,0,0,1,0,640,100,51,1,4,0,1,1,0,0,0,0,0,0,1,0,0,0,1,0,1,0,0,1,0.0713510837375034
346979737773e7,5514215,0,1,0,0,0,0,1,0,0,0,2500,100,40,1,1,0.14285715,1,1,1,1,0,0,1,1,1,0,0,1,0,0,0,0,0,1,0.16602527003555792
-465203976447e7,80116718,0,0,0,1,0,0,0,0,0,1,2650,50,65,1,1,0,1,1,0,0,1,0,0,0,0,1,0,1,1,1,1,0,0,1,0.13378194092374904
-1.2604195689699999e+018,42125750,0,0,1,0,0,0,0,1,0,0,2040,100,50,1,1,0,1,0,0,0,0,0,1,0,1,0,0,1,0,0,1,0,0,1,0.2168785616804149
492016948229e7,80116751,0,0,0,0,0,0,0,0,0,1,1950,100,40,1,1,0.14285715,1,1,0,0,0,0,1,0,1,0,0,0,1,1,0,0,0,1,0.1514933235360367
224130039356e7,80116835,0,1,0,0,0,0,0,0,0,1,1240,100,61,1,2,0.85714287,1,1,0,0,0,1,1,1,1,0,0,0,1,1,0,1,0,1,0.12804697500057272
893666979561e7,42124233,0,0,0,0,1,0,0,1,0,0,800,50,52,1,2,0.5714286,1,1,1,0,0,0,1,0,1,1,0,1,1,1,0,1,0,1,0.19704558751403958
-715770002246e7,10464055,0,0,0,0,1,0,0,0,0,0,450,100,39,4,3,0.14285715,0,1,1,0,1,0,1,0,1,0,0,0,1,1,0,0,0,1,0.2123141680136909
-509697329685e7,5514306,1,0,0,0,0,0,1,0,0,0,9780,100,38,1,1,0.42857143,0,1,1,1,0,0,1,1,1,0,0,0,1,0,0,0,0,1,0.14104225697439693
-4.2211281491000003e+018,5514193,1,0,0,0,0,0,1,0,0,0,990,70,67,1,2,0.42857143,1,1,1,0,0,1,0,1,1,0,0,0,1,1,1,0,0,1,0.14668905257360074
-1.1687486444499999e+018,80116721,0,0,0,1,0,0,0,0,0,1,2000,100,39,1,1,0,1,1,1,1,1,1,0,0,1,0,0,0,1,0,0,1,1,1,0.16927412586126037
-194195237064e7,78134003,1,0,0,0,0,0,0,0,1,0,830,100,58,1,1,0,0,1,0,0,1,0,1,0,1,0,0,0,0,0,0,0,0,1,0.06130346268061447
-745138706267e7,3594269,0,0,0,0,0,1,0,0,0,0,2060,100,60,1,1,0.5714286,1,1,1,1,1,1,1,0,1,0,1,1,1,0,1,0,1,1,0.2441980217819086
815133313867e7,42125223,0,1,0,0,0,0,0,1,0,0,2190,80,56,1,1,0,1,1,0,0,1,1,1,0,1,0,0,1,1,1,1,1,0,1,0.15647971681922887
241708496184e7,42123751,1,0,0,0,0,0,0,1,0,0,2970,100,49,1,1,0,1,1,1,1,1,1,1,0,1,0,0,1,1,1,1,1,0,1,0.1873610819051757
4.9253034073999995e+018,80118684,0,0,0,0,1,0,0,0,0,1,840,100,39,1,2,0,1,1,0,0,1,0,0,0,1,0,0,0,1,1,0,0,0,1,0.13903023838755202
-7.7580450531699994e+017,3594464,0,0,0,1,0,1,0,0,0,0,7490,100,60,1,1,0,0,1,0,0,0,0,1,0,1,0,0,0,1,1,0,0,0,1,0.12141998112883966
721519002117e7,5520207,0,1,0,0,0,0,1,0,0,0,12450,100,45,1,2,0,1,1,0,1,1,1,1,1,1,0,0,1,1,0,1,1,0,1,0.14196646239021155
-509925479411e7,3586603,0,1,0,0,0,1,0,0,0,0,4840,100,45,1,2,0,1,1,0,1,1,1,1,0,1,0,0,1,1,1,1,1,0,1,0.16675944552992517
-435295667068e7,80116757,0,0,0,0,0,0,0,0,0,1,1160,100,37,1,2,0.14285715,0,1,0,0,0,0,0,0,1,0,0,0,1,0,0,0,0,1,0.13280149733285387
-1.7422647536499999e+018,78136262,0,0,0,0,1,0,0,0,1,0,1350,100,64,1,1,0,1,1,0,0,0,0,0,0,1,0,0,0,1,1,1,0,0,1,0.05631973436336067
-410692144589e7,42123772,1,0,0,0,0,0,0,1,0,0,1410,50,27,1,1,0.42857143,0,1,1,1,0,0,1,1,1,0,0,1,1,1,1,1,0,1,0.2037292610369236
774733609162e7,42125204,0,1,0,0,0,0,0,1,0,0,2010,25,57,1,1,0,1,0,0,0,1,0,1,1,0,0,0,0,0,1,1,0,0,1,0.14726290650685386
-256685826644e7,78134994,0,0,0,0,1,0,0,0,1,0,380,100,35,1,1,0,1,1,0,0,1,1,1,0,1,1,0,1,0,0,1,0,0,1,0.06406161411346634
442829999644e6,78132997,1,0,0,0,0,0,0,0,1,0,510,100,56,2,2,0,1,1,0,0,1,0,1,0,1,0,0,1,1,1,1,0,0,1,0.06332525806062786
844940340581e7,42123645,0,0,1,0,0,0,0,1,0,0,1670,100,42,1,1,0.14285715,1,1,0,0,0,0,0,0,1,0,0,0,1,1,1,0,1,1,0.3098217915718384
-639585421691e7,10462694,1,0,0,0,0,0,0,0,0,0,1270,100,38,1,1,0.5714286,0,1,1,1,0,0,1,1,1,0,0,0,1,0,1,1,1,1,0.196871021788526
350940611463e7,5520185,1,0,0,0,0,0,1,0,0,0,1900,100,34,1,1,0,1,1,0,0,0,1,1,1,1,1,0,0,1,0,1,0,0,1,0.16434849785000563
-1.6021108311699999e+018,5522624,0,0,0,0,0,0,1,0,0,0,3290,100,30,1,1,0.14285715,0,1,0,0,1,0,1,0,1,0,0,1,1,0,0,0,0,1,0.16508668073480628
-1.6781005878099999e+018,3593980,0,0,0,0,0,1,0,0,0,0,1480,100,50,1,1,1,1,1,0,1,0,0,0,1,1,0,1,0,1,1,1,0,0,1,0.15541668446168078
-5.4977786834800005e+018,10462917,0,1,0,0,0,0,0,0,0,0,2410,100,55,3,3,0.5714286,1,1,0,1,0,0,0,1,1,1,0,1,1,1,0,1,0,1,0.1593819032173161
518208363501e7,78133761,0,0,0,0,0,0,0,0,1,0,680,100,33,1,2,0.2857143,1,1,0,0,0,0,0,0,1,0,0,1,1,1,1,0,0,1,0.05234277522496117
3.2789870177400003e+018,5520214,0,1,0,0,0,0,1,0,0,0,1340,100,58,1,1,0.14285715,1,1,0,0,0,1,1,0,1,0,0,1,0,1,1,1,0,1,0.14689319775994392
-112106501281e7,42125056,0,0,0,0,0,0,0,1,0,0,950,100,53,1,1,0.42857143,1,1,1,1,0,1,0,0,1,0,0,1,1,0,0,1,0,1,0.161828122126108
464221649823e7,78134020,1,0,0,0,0,0,0,0,1,0,1890,100,36,2,2,0,1,1,0,0,0,0,0,0,1,0,0,1,1,1,1,0,0,1,0.054339199889666845
-255575156085e7,42123769,1,0,0,0,0,0,0,1,0,0,2320,100,55,1,1,0,1,1,1,1,0,1,1,0,1,0,0,1,0,1,1,1,0,1,0.18368523562064404
-7.7964532204400005e+018,5514185,1,0,0,0,0,0,1,0,0,0,8030,100,29,1,1,0,1,1,1,1,1,1,0,0,1,1,0,0,1,0,1,0,0,1,0.15183062269243758
473166497887e7,10462936,0,1,0,0,0,0,0,0,0,0,1630,100,30,1,2,0,0,1,1,1,1,1,1,0,1,0,0,1,0,1,1,1,0,1,0.2037114289069806
-111678974438e7,78133528,0,0,0,0,1,0,0,0,1,0,4040,100,38,1,1,0.2857143,1,1,1,1,0,0,0,1,1,0,0,0,1,1,1,1,0,1,0.055292300082510557
6.6668267747599995e+018,78134817,0,1,0,0,0,0,0,0,1,0,700,100,56,1,1,0,1,1,1,1,0,0,0,1,1,0,0,0,0,1,1,0,0,1,0.057722756432834234
512807914842e7,78133360,0,0,0,1,0,0,0,0,1,0,690,100,44,1,1,0.5714286,1,1,1,1,0,0,0,0,1,0,0,1,0,1,1,0,0,1,0.051765881171338804
777482819739e7,10462091,0,0,1,0,0,0,0,0,0,0,6340,90,36,4,2,0.14285715,1,1,0,0,1,1,1,0,1,0,0,1,1,1,1,0,0,1,0.2237708994884074
-9.9393241294499994e+017,78132811,0,1,0,0,0,0,0,0,1,0,6680,100,57,1,1,0,1,1,0,0,0,0,1,1,1,0,0,1,0,1,1,0,0,1,0.054672695963260486
669817847922e7,80117861,0,0,0,0,1,0,0,0,0,1,980,100,59,1,1,0,1,1,0,0,1,1,1,0,1,0,0,0,0,0,1,0,0,1,0.14461499753910684
-497500688295e7,10463436,0,0,1,0,0,0,0,0,0,0,780,75,20,1,1,0,1,1,0,0,1,0,1,0,1,0,0,1,1,1,1,0,0,1,0.23917931530659534
-783976649595e7,5514312,1,0,0,0,0,0,1,0,0,0,3490,80,43,1,1,0.2857143,1,1,1,0,1,1,1,0,1,0,0,1,0,1,1,1,0,1,0.15221973952227974
254312900339e7,80116742,0,0,0,0,1,0,0,0,0,1,480,100,52,1,3,0,1,1,1,1,1,1,0,1,1,0,0,0,1,0,0,1,0,1,0.1565752383975253
88236333464e8,78134824,0,1,0,0,0,0,0,0,1,0,1010,100,45,1,1,0,0,1,1,1,1,0,1,1,1,0,0,0,1,1,0,0,0,1,0.06182163164116589
891577593114e7,78133546,0,0,0,0,0,0,0,0,1,0,1280,100,53,1,1,0,0,1,0,0,0,0,0,0,1,0,0,0,1,1,1,0,0,1,0.05690131528670855
600365310453e7,78134973,0,0,0,0,1,0,0,0,1,0,880,90,21,4,1,0.14285715,1,1,0,1,0,0,1,1,1,1,0,1,1,0,0,1,0,1,0.06697191925220648
525804006946e7,78131749,0,1,0,0,0,0,0,0,1,0,1500,100,35,1,1,0.2857143,1,1,0,1,0,0,1,1,1,0,0,1,1,1,0,0,0,1,0.05970513788774005
13671193226e8,10463235,0,0,0,0,1,0,0,0,0,0,430,80,30,1,1,0.14285715,1,0,0,0,1,0,1,0,1,0,0,1,1,1,1,0,1,1,0.2867468703051451
-319076695125e7,10462928,0,1,0,0,0,0,0,0,0,0,1300,80,26,1,1,0.2857143,1,1,1,0,0,0,1,0,1,0,0,1,1,1,0,1,0,1,0.1857720251021063
4.5329060641799997e+018,5524331,0,0,0,0,0,0,1,0,0,0,2710,100,52,1,1,0,1,1,0,0,0,0,1,0,1,0,0,0,1,0,0,0,0,1,0.13704290201874114
-1.6555233909900001e+018,78133011,1,0,0,0,0,0,0,0,1,0,1240,90,28,1,2,0.2857143,1,1,0,0,0,0,0,0,1,0,0,1,1,1,1,0,0,1,0.054824329073655045
-898926676097e7,3591006,1,0,0,0,0,1,0,0,0,0,530,100,23,1,2,1,1,1,1,1,0,0,1,1,1,0,0,1,1,1,0,1,0,1,0.2027425527696041
354988076255e7,3595347,1,0,0,0,0,1,0,0,0,0,1260,100,26,1,1,0.14285715,1,1,0,0,1,1,1,0,1,1,0,1,1,0,1,0,0,1,0.18193720656273968
526507989317e7,3595374,0,1,0,0,0,1,0,0,0,0,2740,80,47,1,1,0.2857143,1,1,1,1,0,1,0,0,1,0,0,1,1,1,0,0,0,1,0.13260925682550212
-447280859944e7,10462554,0,1,0,0,0,0,0,0,0,0,1750,100,27,1,2,0,1,1,0,0,1,0,1,0,1,0,0,1,1,1,1,0,0,1,0.20217632936869034
7.1965971078700006e+017,5514330,1,0,0,0,0,0,1,0,0,0,550,100,38,1,1,0,1,1,1,0,1,1,1,0,1,0,0,0,1,0,1,0,0,1,0.19099955460925566
-658417019699e7,78132958,1,0,0,0,0,0,0,0,1,0,8490,100,62,1,1,0,0,1,0,0,0,0,0,0,1,0,0,0,1,1,1,0,0,1,0.05270991533652453
-203568595884e7,42123737,1,0,0,0,0,0,0,1,0,0,6670,100,77,1,1,0,1,1,1,1,1,1,1,0,1,0,0,1,0,1,1,1,1,1,0.23086347784865727
514754180072e7,78136258,0,0,0,0,1,0,0,0,1,0,2160,100,50,1,1,0,1,1,0,0,0,0,0,0,1,0,1,1,1,1,1,0,0,1,0.05956725914982322
756111757283e7,3595909,0,0,0,0,1,1,0,0,0,0,4050,100,46,1,1,0.14285715,1,0,1,1,0,1,1,0,1,0,0,0,1,0,1,0,0,1,0.15332685621259676
-820262048321e7,10462896,1,0,0,0,0,0,0,0,0,0,5780,100,49,1,1,0.2857143,0,1,1,1,1,0,1,0,1,0,1,1,1,1,1,1,1,1,0.20103729438462317
-1.9257255827299999e+018,10462441,0,0,0,1,0,0,0,0,0,0,12300,80,50,1,3,0.14285715,1,0,0,0,0,0,1,0,1,0,0,1,1,0,0,0,0,1,0.15781112466854047
674439061376e7,78134547,0,0,0,0,1,0,0,0,1,0,3050,60,40,1,1,0.42857143,1,1,0,1,0,0,1,1,1,0,0,1,1,1,1,0,0,1,0.06032889137830283
-598436218881e7,42123690,0,0,0,0,1,0,0,1,0,0,1520,30,28,1,1,0,0,1,0,0,1,0,1,0,0,0,0,0,1,1,1,0,0,1,0.21043769745385557
-545383609941e7,78132983,1,0,0,0,0,0,0,0,1,0,990,100,26,1,1,0,0,1,0,0,0,0,1,0,1,0,0,1,0,1,1,0,0,1,0.056538327220293394
558053735357e7,5520180,1,0,0,0,0,0,1,0,0,0,3580,70,54,1,1,0,1,1,1,0,0,0,1,0,1,0,0,0,1,1,1,0,0,1,0.13805402698458552
-265163964171e7,78136250,0,0,0,1,0,0,0,0,1,0,370,100,60,1,1,0,1,1,0,0,0,0,0,0,1,0,0,1,0,1,1,0,0,1,0.05434876354657593
341138690149e7,78132821,0,1,0,0,0,0,0,0,1,0,2560,100,48,1,1,0,1,1,0,1,0,1,0,0,1,0,0,1,1,1,1,1,0,1,0.0581767964226011
79790527948e8,80118777,0,0,1,0,0,0,0,0,0,1,660,100,35,1,1,0,1,1,0,1,1,0,1,0,1,0,0,0,1,0,0,0,0,1,0.20183371366486408
-232241695908e6,78134777,0,0,0,0,1,0,0,0,1,0,3170,90,49,1,2,0.5714286,1,1,1,0,0,0,0,1,1,0,0,0,1,0,1,0,0,1,0.055829638519220987
-323847402868e7,10463256,0,0,0,0,1,0,0,0,0,0,3280,90,55,1,1,0,1,0,0,0,0,0,1,0,1,0,1,1,1,1,0,0,0,1,0.14339117101538362
844940340581e7,42123644,0,0,1,0,0,0,0,1,0,0,1850,100,42,1,1,0.14285715,1,1,0,0,0,0,0,0,1,0,0,0,1,1,1,0,1,1,0.3133696051074701
815882713277e7,5524510,0,1,0,0,0,0,1,0,0,0,1680,100,30,1,1,0,0,1,0,1,1,0,1,0,1,0,0,1,1,1,1,0,0,1,0.19698897951824715
900822185214e7,42123632,0,0,1,0,0,0,0,1,0,0,1410,80,50,1,3,0.2857143,1,1,0,0,0,0,0,0,1,0,0,0,1,1,1,1,1,1,0.27869229993852385
22205357334e8,42124741,0,0,0,0,1,0,0,1,0,0,2170,100,80,1,2,0,0,1,1,0,0,0,1,0,1,0,0,0,0,1,1,0,0,1,0.1567435803112932
-235528077985e7,80117109,0,0,0,0,0,0,0,0,0,1,1640,50,47,1,1,0,1,1,0,0,0,0,0,0,0,0,1,1,0,0,0,0,0,1,0.13960627189979186
473166497887e7,10462933,0,1,0,0,0,0,0,0,0,0,3690,100,30,1,2,0,0,1,1,1,1,1,1,0,1,0,0,1,0,1,1,1,0,1,0.18830420340529438
1.9594165968099999e+018,42125229,0,1,0,0,0,0,0,1,0,0,770,100,26,1,1,0,0,1,1,1,1,0,1,0,1,1,0,0,1,1,0,1,1,1,0.35420787220109246
-205190654034e7,5522994,0,1,0,0,0,0,1,0,0,0,410,100,27,1,1,0.2857143,0,1,0,0,0,0,0,0,1,0,0,0,1,1,1,1,0,1,0.1984181532067481
-677762378654e7,10463164,1,0,0,0,0,0,0,0,0,0,6940,100,40,1,1,0,0,1,0,0,0,0,1,0,1,0,0,0,0,0,0,0,0,1,0.14702750162912206
-582695389014e7,3586684,0,0,0,0,1,1,0,0,0,0,8360,100,29,1,1,0,0,1,1,1,1,0,1,0,1,0,0,1,1,0,0,0,0,1,0.1669313782888207
-631547375459e7,3592339,0,1,0,0,0,1,0,0,0,0,1810,100,71,1,1,0.42857143,1,1,0,0,0,0,1,0,1,1,0,0,1,1,1,0,0,1,0.14350235751189808
-664936499937e7,78134761,0,0,0,0,1,0,0,0,1,0,1190,100,32,1,1,0,1,1,0,1,0,0,1,1,1,1,0,1,0,1,0,0,0,1,0.0627791107527455
8.4504177884400005e+018,80116752,0,0,0,0,0,0,0,0,0,1,960,100,70,1,2,0,1,1,0,0,0,1,0,1,1,0,0,0,1,0,0,0,0,1,0.12396922501861686
293282275703e7,5522620,0,0,0,0,0,0,1,0,0,0,20290,100,45,1,3,0,0,1,0,0,1,0,1,0,1,0,0,1,0,0,1,0,0,1,0.16598687187466596
-355257183517e6,5514303,1,0,0,0,0,0,1,0,0,0,2740,100,36,2,2,1,1,1,0,0,0,1,1,0,1,0,0,1,1,0,1,1,0,1,0.15078179476867626
-1.9476129401699999e+018,5523006,0,1,0,0,0,0,1,0,0,0,2550,100,33,1,1,0.14285715,0,0,0,0,1,1,0,0,1,0,0,0,1,0,0,0,0,1,0.1573186333587848
602789353635e7,78132970,1,0,0,0,0,0,0,0,1,0,340,75,35,1,1,0,1,0,0,0,0,1,0,0,1,0,0,1,1,1,1,1,0,1,0.06966507304464284
1290778189e9,3592337,1,0,0,0,0,1,0,0,0,0,1170,50,42,1,1,0,1,1,0,0,0,0,1,1,1,0,0,0,0,0,0,0,0,1,0.15474629231475254
-2.4031285178200003e+018,42125768,0,0,0,1,0,0,0,1,0,0,3590,100,45,1,1,0,1,1,0,0,1,1,1,0,1,0,0,0,0,0,0,0,0,1,0.1587800066786248
-871304440962e7,10462663,0,0,0,0,0,0,0,0,0,0,730,100,56,2,2,0.14285715,1,1,1,0,0,0,1,0,1,0,0,0,1,0,1,0,1,1,0.21177497867964779
-384262813005e7,3595204,0,0,0,0,0,1,0,0,0,0,9090,100,52,1,1,0,0,1,0,0,1,1,1,0,1,0,1,1,0,1,1,1,0,1,0.16788658841388732
1.2708652323299999e+018,80117133,0,0,0,0,0,0,0,0,0,1,1200,100,30,1,1,0,1,1,0,0,0,0,1,0,1,0,0,1,1,1,0,0,0,1,0.1648874094922929
510694533038e7,3595826,0,0,0,1,0,1,0,0,0,0,690,100,45,2,1,0.14285715,1,0,0,0,1,1,1,1,1,0,0,0,0,1,1,0,0,1,0.21480072511598286
-776243665858e7,80116934,0,0,0,0,1,0,0,0,0,1,1610,100,24,1,1,0.71428573,1,1,0,0,0,0,0,1,1,0,1,0,1,0,0,1,0,1,0.13203797488907834
400535449371e7,78134544,0,0,0,0,1,0,0,0,1,0,580,100,38,1,3,0,1,1,0,0,1,1,1,0,1,0,0,1,0,1,1,0,0,1,0.07280608386673043
-980486380988e6,5514189,1,0,0,0,0,0,1,0,0,0,2000,80,37,1,1,0.2857143,1,1,1,0,0,1,1,0,1,0,0,1,1,0,0,0,0,1,0.15983367471598056
-834766279785e7,80117944,0,1,0,0,0,0,0,0,0,1,1710,100,25,1,1,0.14285715,1,1,0,0,0,0,1,1,1,0,0,1,0,0,0,0,0,1,0.15577335579977636
-913719072709e7,3591005,1,0,0,0,0,1,0,0,0,0,300,100,21,1,1,0,0,1,0,0,1,0,1,0,1,0,1,1,1,0,0,1,0,1,0.20369259887523192
-980486380988e6,5514188,1,0,0,0,0,0,1,0,0,0,1240,80,37,1,1,0.2857143,1,1,1,0,0,1,1,0,1,0,0,1,1,0,0,0,0,1,0.1620138201409917
-100905895346e7,5520174,0,0,0,0,0,0,1,0,0,0,3680,70,47,1,1,0,1,1,1,1,0,0,1,0,1,0,0,1,0,0,0,0,0,1,0.1440438584394801
4.1599831708199997e+018,78134827,0,1,0,0,0,0,0,0,1,0,1410,100,18,1,1,0,0,1,1,1,0,0,1,0,1,0,0,0,1,0,1,0,0,1,0.06158650015005509
1.8524474165699999e+018,80117866,0,0,0,0,1,0,0,0,0,1,2640,80,29,1,1,0.2857143,1,1,0,0,1,0,0,1,1,0,0,1,1,0,1,1,0,1,0.15064138271334462
271943523199e7,42125763,0,0,0,1,0,0,0,1,0,0,5040,100,58,1,1,0,0,1,0,0,0,0,1,0,1,0,0,0,1,1,1,0,0,1,0.13999563792944925
601671654371e7,3594325,0,1,0,0,0,1,0,0,0,0,1060,100,34,2,2,0.2857143,1,1,0,0,0,1,0,0,1,0,0,1,1,0,0,0,0,1,0.155312836567906
-205661275068e7,3592286,1,0,0,0,0,1,0,0,0,0,1850,100,46,1,1,0,1,1,1,1,0,1,1,1,1,1,0,0,1,0,0,1,0,1,0.1520527115457813
-616644734137e7,78133505,0,0,0,0,1,0,0,0,1,0,1580,100,25,1,1,0.2857143,1,1,0,0,0,0,1,1,1,1,0,1,1,1,1,0,0,1,0.06243379392102695
543480585014e7,10462932,0,1,0,0,0,0,0,0,0,0,1240,100,51,4,3,0.14285715,1,1,1,0,0,0,1,0,1,0,0,1,1,0,0,0,1,1,0.25044884521920013
4.0519398544600003e+018,78136360,0,0,0,1,0,0,0,0,1,0,5980,100,44,1,1,0,1,1,1,1,0,0,0,0,1,0,0,1,1,0,0,1,0,1,0.05704715143112419
5.2267833631600005e+018,3595377,0,1,0,0,0,1,0,0,0,0,820,100,27,1,1,0.14285715,1,1,0,1,0,0,1,0,1,0,0,1,0,1,1,0,0,1,0.22924512869777114
-1.7793410566499999e+018,5514202,0,1,0,0,0,0,1,0,0,0,1790,80,64,2,1,0.2857143,1,1,0,0,0,1,1,0,1,0,0,1,0,0,0,1,0,1,0.13925728699174547
30664386796e8,42123673,0,0,0,0,1,0,0,1,0,0,1290,100,53,1,1,0.2857143,1,1,0,0,1,0,1,0,1,0,0,0,1,0,1,1,0,1,0.15047814724624142
675332634216e7,10462829,0,0,1,0,0,0,0,0,0,0,470,100,40,1,2,0.14285715,0,1,1,1,0,0,1,0,1,0,0,1,1,0,0,0,0,1,0.251823271095291
735962068989e7,3586673,0,0,0,0,1,1,0,0,0,0,1240,100,36,1,2,0,1,1,0,0,1,1,1,0,1,1,0,1,1,1,1,0,0,1,0.18271990088717185
-488162740025e7,78133375,0,0,0,1,0,0,0,0,1,0,3550,100,20,2,3,0,0,1,0,0,0,0,1,1,1,0,0,0,0,1,1,0,0,1,0.06480965832511153
-2.6275237367399997e+018,5522630,0,0,0,0,0,0,1,0,0,0,1220,80,38,1,1,0.14285715,1,1,1,1,0,1,1,0,1,1,0,0,1,0,0,1,0,1,0.17849883372265335
767591478465e7,42125216,0,1,0,0,0,0,0,1,0,0,1100,50,20,1,1,0,1,1,0,0,0,0,1,0,1,0,0,0,1,0,1,0,0,1,0.18909193769614344
2.3483653788199997e+018,78133357,0,0,0,1,0,0,0,0,1,0,1210,100,30,1,2,0,0,1,0,0,0,0,0,0,1,0,0,1,1,1,1,0,0,1,0.05279737184784571
-312464315599e7,10463430,0,0,1,0,0,0,0,0,0,0,770,100,28,1,1,0,0,0,0,1,0,0,1,0,1,1,0,0,0,1,1,1,1,1,0.3388686611493929
-287855658078e6,3593983,0,0,0,0,0,1,0,0,0,0,3330,100,40,1,1,0,1,1,1,0,1,1,1,0,1,0,1,1,0,0,1,1,1,1,0.2365313329134481
-130884035437e6,80116744,0,0,0,0,1,0,0,0,0,1,740,100,40,1,2,0.5714286,1,1,1,0,0,1,1,0,1,0,0,1,1,0,0,0,0,1,0.16713621404933982
-81827748952e7,10462903,1,0,0,0,0,0,0,0,0,0,1970,100,35,1,1,0,1,1,0,0,1,1,1,0,1,0,0,1,1,0,0,1,0,1,0.16977827022648273
-694723067751e7,3592222,0,0,0,0,1,1,0,0,0,0,2370,90,32,1,1,1,1,1,1,0,0,1,0,1,1,0,0,1,1,0,0,1,0,1,0.13426497670152318
271943523199e7,42125764,0,0,0,1,0,0,0,1,0,0,4400,100,58,1,1,0,0,1,0,0,0,0,1,0,1,0,0,0,1,1,1,0,0,1,0.14157964041544077
-675936098719e7,42125576,1,0,0,0,0,0,0,1,0,0,5480,70,23,1,1,0,1,0,0,0,1,0,1,0,1,0,0,1,0,1,1,0,0,1,0.16913921592770204
696426348526e7,42123790,0,1,0,0,0,0,0,1,0,0,1070,100,26,1,1,0,0,1,0,0,1,1,0,0,1,0,0,1,1,0,1,1,0,1,0.20016211751752003
-815254455598e6,78132981,1,0,0,0,0,0,0,0,1,0,180,50,22,1,1,0.42857143,1,1,0,0,0,0,1,1,1,0,0,0,1,1,1,1,0,1,0.07148953027923696
473166497887e7,10462934,0,1,0,0,0,0,0,0,0,0,4350,100,30,1,2,0,0,1,1,1,1,1,1,0,1,0,0,1,0,1,1,1,0,1,0.17995879969173814
2.1999841461699999e+018,80116733,0,0,0,0,1,0,0,0,0,1,8900,100,62,1,1,0,1,0,0,0,0,0,1,0,1,0,0,1,1,1,0,0,0,1,0.11904431714382421
-587300695517e7,42123622,0,0,1,0,0,0,0,1,0,0,5390,100,53,1,2,0.42857143,1,0,0,1,0,0,0,0,1,1,0,1,1,1,1,0,0,1,0.21323546146894073
899358356574e7,80116928,0,0,0,0,1,0,0,0,0,1,580,100,25,1,2,0,1,1,0,0,1,1,1,0,1,0,0,1,1,1,0,0,0,1,0.17289769147631315
501832180474e7,80116701,0,0,0,1,0,0,0,0,0,1,110,100,47,1,1,0.2857143,0,0,0,1,0,1,1,0,1,1,0,0,0,0,0,0,0,1,0.18773212252323923
6.0711108788400005e+018,78134931,0,0,0,1,0,0,0,0,1,0,1920,100,25,1,1,0,0,1,0,0,0,0,0,0,1,0,0,0,1,1,1,1,0,1,0.054171197999609316
2.7597687801400003e+018,78131732,0,0,1,0,0,0,0,0,1,0,2680,100,53,1,1,0,0,1,0,0,1,1,0,1,1,0,0,1,0,1,1,0,0,1,0.07080307933703393
-823720720392e7,42125774,0,0,0,1,0,0,0,1,0,0,380,50,44,1,1,0.14285715,0,1,0,1,0,0,0,1,1,1,0,1,0,1,1,0,0,1,0.20599198818185704
9.9315273796499994e+017,80116765,0,0,0,0,0,0,0,0,0,1,1870,100,64,1,1,0,1,1,0,0,1,1,1,0,1,0,0,1,0,0,0,0,0,1,0.13697577891852808
-694723067751e7,3592223,0,0,0,0,1,1,0,0,0,0,1470,90,32,1,1,1,1,1,1,0,0,1,0,1,1,0,0,1,1,0,0,1,0,1,0.1348815872656028
253085124776e7,80116740,0,0,0,0,1,0,0,0,0,1,2720,100,53,1,3,0,1,1,1,1,1,1,0,0,1,1,0,1,1,0,1,1,1,1,0.162905602108333
1.2987129563299999e+018,78136244,0,0,0,1,0,0,0,0,1,0,180,100,27,2,2,0.14285715,0,1,1,0,0,1,1,0,1,0,0,1,1,0,1,1,0,1,0.06309996935999815
-261115162257e7,80117878,0,0,0,0,1,0,0,0,0,1,1230,100,21,1,1,0,1,1,0,0,1,0,1,0,1,0,0,0,1,1,0,0,0,1,0.15241234483308172
4052777032e9,5522996,0,1,0,0,0,0,1,0,0,0,390,95,20,1,1,0,0,0,0,0,0,0,0,0,1,0,0,1,1,0,0,1,1,1,0.22834605234181338
473166497887e7,10462935,0,1,0,0,0,0,0,0,0,0,3050,100,30,1,2,0,0,1,1,1,1,1,1,0,1,0,0,1,0,1,1,1,0,1,0.18850014322626335
43706518024e8,80117945,0,1,0,0,0,0,0,0,0,1,2410,70,25,1,1,0.14285715,1,1,1,1,0,1,0,0,1,0,1,0,1,0,1,0,0,1,0.14939738584446008
5.2099384664399995e+018,80118456,0,0,1,0,0,0,0,0,0,1,3910,100,42,1,1,0,0,1,0,0,1,1,1,0,1,0,0,1,1,1,0,1,0,1,0.18639323252652015
1.7977242514099999e+018,80116020,0,0,0,1,0,0,0,0,0,1,3180,100,64,1,1,0,1,1,0,0,1,0,0,0,1,0,1,0,0,0,1,1,0,1,0.1348766380672038
578020042967e7,78132785,0,1,0,0,0,0,0,0,1,0,2970,100,58,1,2,1,1,0,0,0,0,0,0,1,1,0,0,0,0,1,1,0,0,1,0.05936055798729962
-287855658078e6,3593984,0,0,0,0,0,1,0,0,0,0,3770,100,40,1,1,0,1,1,1,0,1,1,1,0,1,0,1,1,0,0,1,1,1,1,0.23618314351173822
3.1796610803399997e+018,10462831,0,0,1,0,0,0,0,0,0,0,510,100,52,1,1,0.14285715,1,1,0,1,0,0,1,0,1,0,0,1,1,1,1,0,1,1,0.3253814467395207
640466221146e7,78134464,0,1,0,0,0,0,0,0,1,0,1710,100,54,1,1,0,1,1,0,0,0,0,1,1,1,0,0,1,1,1,0,1,0,1,0.06096998220001749
-535018005817e7,10463100,0,0,0,0,1,0,0,0,0,0,240,100,50,1,1,0,1,1,1,1,0,1,1,0,1,0,0,0,1,0,0,1,0,1,0.1888375052693256
680334393807e7,5522639,1,0,0,0,0,0,1,0,0,0,3710,100,41,1,1,0.14285715,1,1,0,0,0,0,0,0,1,1,0,1,1,1,1,1,1,1,0.1768820704252393
-205661275068e7,3592283,1,0,0,0,0,1,0,0,0,0,4750,100,46,1,1,0,1,1,1,1,0,1,1,1,1,1,0,0,1,0,0,1,0,1,0.13614566623972518
3.2489322388199997e+018,3591759,0,0,0,0,0,1,0,0,0,0,730,100,47,1,1,0,1,1,0,0,0,0,0,0,1,0,0,1,0,0,1,0,0,1,0.16853687125771438
-572638680374e7,3592305,1,0,0,0,0,1,0,0,0,0,630,100,70,1,1,1,1,1,0,0,0,0,0,0,1,0,0,1,1,0,0,0,0,1,0.1487981092257371
799359749501e7,3593989,0,0,0,0,0,1,0,0,0,0,3970,100,34,1,3,0,1,1,0,0,0,0,1,0,1,0,0,0,0,1,1,1,1,1,0.20196898943709526
-537600856794e7,42124728,0,0,0,1,0,0,0,1,0,0,1530,100,45,1,4,0,1,1,0,1,1,1,1,0,1,0,0,1,1,1,1,0,1,1,0.27657266357152877
-117452540436e7,78133052,0,1,0,0,0,0,0,0,1,0,1310,100,44,1,5,0,1,1,1,1,0,1,0,1,1,1,0,1,1,0,1,1,0,1,0.06942811752259331
921418581498e7,78134496,0,0,1,0,0,0,0,0,1,0,400,90,36,1,1,0,1,1,0,0,1,1,0,0,1,0,0,1,1,0,0,0,0,1,0.060489511828195085
-235804674888e7,5521169,0,0,0,0,0,0,1,0,0,0,550,100,54,1,2,0.2857143,1,1,1,1,0,0,1,0,1,0,0,1,1,0,1,0,0,1,0.20544937085195722
80619726876e8,78133012,1,0,0,0,0,0,0,0,1,0,1110,50,58,1,2,0,1,1,0,0,0,1,0,0,0,0,0,1,1,1,1,0,0,1,0.05860523171726517
-6.8563281302799995e+018,5514541,0,1,0,0,0,0,1,0,0,0,4670,100,34,1,1,1,0,1,1,0,0,0,1,0,1,0,0,0,1,0,1,1,0,1,0.15088900382408366
245165465281e7,78134914,0,0,0,1,0,0,0,0,1,0,780,50,40,2,2,0.2857143,1,1,1,0,0,0,0,1,1,0,0,1,1,0,0,0,0,1,0.05363502468641997
3.0645811000199997e+018,80116936,0,0,0,0,1,0,0,0,0,1,1830,100,47,1,1,0.14285715,1,1,0,1,0,1,1,1,1,0,0,1,1,0,0,1,0,1,0.1507814250895336
1.9536182099100001e+018,78134791,0,0,0,0,1,0,0,0,1,0,1620,70,46,4,3,0,1,1,0,0,1,1,1,0,1,0,0,1,1,0,0,0,0,1,0.07755080090724015
135601572282e7,78134698,0,0,1,0,0,0,0,0,1,0,9480,100,25,2,2,0,0,1,1,1,0,0,1,0,1,0,0,0,1,1,0,0,0,1,0.07387295842280511
-4.2093291548999997e+018,10463446,0,0,1,0,0,0,0,0,0,0,1710,100,30,1,1,0,1,0,1,1,0,0,1,0,1,1,0,1,1,1,1,0,1,1,0.32201757147807125
92046710273e8,78134718,0,0,1,0,0,0,0,0,1,0,200,100,25,1,1,0,0,1,0,0,0,0,1,0,1,0,0,1,1,1,1,0,0,1,0.06661294233682544
590543780134e7,5523014,0,1,0,0,0,0,1,0,0,0,3180,100,44,1,1,1,1,1,1,1,0,1,0,0,1,0,0,0,1,0,0,0,0,1,0.12449752576315652
112019021596e7,10462867,0,0,0,0,1,0,0,0,0,0,1090,100,27,1,2,0,1,1,0,0,0,1,1,0,1,0,0,1,0,0,0,1,1,1,0.19811329795059265
-8.7820323257999995e+018,10462438,0,0,0,1,0,0,0,0,0,0,2000,100,39,1,1,0.14285715,1,1,0,0,0,1,0,0,1,0,0,1,0,1,1,1,0,1,0.16649819471431335
-829299330497e7,3594442,0,1,0,0,0,1,0,0,0,0,580,100,47,1,1,0.85714287,1,1,1,0,1,0,1,0,1,1,0,1,1,1,1,0,0,1,0.21892351498759852
-881923817403e7,78134815,0,1,0,0,0,0,0,0,1,0,830,100,81,1,1,0,1,1,0,0,0,0,0,0,1,0,0,0,0,1,0,0,0,1,0.0539633467127604
613744163695e7,80116739,0,0,0,0,1,0,0,0,0,1,1010,100,54,1,2,0,1,1,0,0,1,0,1,0,1,1,0,1,0,1,1,1,0,1,0.15044552839372272
-218706619194e7,3591774,0,0,0,0,0,1,0,0,0,0,910,80,38,1,1,1,0,1,0,0,0,0,1,0,1,0,0,0,0,0,0,0,0,1,0.18723592266699501
577779383384e7,5522634,1,0,0,0,0,0,1,0,0,0,2370,30,35,1,1,0,1,1,0,0,1,0,1,0,0,0,0,1,1,1,1,1,1,1,0.20141821529954523
1290778189e9,3592335,1,0,0,0,0,1,0,0,0,0,1750,50,42,1,1,0,1,1,0,0,0,0,1,1,1,0,0,0,0,0,0,0,0,1,0.15090083738603902
-2.3132196851000003e+018,5514329,1,0,0,0,0,0,1,0,0,0,1050,100,53,1,1,1,1,1,0,1,0,0,1,0,1,1,0,1,0,1,1,0,0,1,0.16492213102536554
905886008002e7,78134781,0,0,0,0,1,0,0,0,1,0,670,100,45,1,2,0.71428573,1,1,0,0,0,0,0,1,1,0,0,1,1,0,0,1,0,1,0.0577736801780003
-193923682567e5,80118685,0,0,0,0,1,0,0,0,0,1,1900,100,58,1,1,0,1,1,0,0,1,0,0,0,1,1,0,0,1,0,0,0,0,1,0.12150959228667828
1290778189e9,3592333,1,0,0,0,0,1,0,0,0,0,2370,50,42,1,1,0,1,1,0,0,0,0,1,1,1,0,0,0,0,0,0,0,0,1,0.15090681123669816
-650159815741e7,3595329,1,0,0,0,0,1,0,0,0,0,3090,100,45,2,2,0.14285715,0,1,1,1,0,1,1,0,1,0,0,1,1,1,1,1,0,1,0.1718354686719179
691141187264e7,80117130,0,0,0,0,0,0,0,0,0,1,1390,80,42,1,1,0.2857143,1,1,0,0,0,1,1,1,1,1,0,1,1,0,0,0,0,1,0.15333810803776216
601671654371e7,3594326,0,1,0,0,0,1,0,0,0,0,1750,100,34,2,2,0.2857143,1,1,0,0,0,1,0,0,1,0,0,1,1,0,0,0,0,1,0.14493864315239594
-315655385053e6,78134694,0,0,1,0,0,0,0,0,1,0,800,100,67,1,1,0.2857143,0,1,0,0,0,0,0,0,1,0,0,1,1,1,0,0,0,1,0.0632870372847398
511603003901e7,78133031,0,1,0,0,0,0,0,0,1,0,1710,100,52,1,1,1,0,1,0,0,0,0,0,1,1,0,0,1,0,1,1,0,0,1,0.05599504743564593
-8.7379664345500006e+017,78134773,0,0,0,0,1,0,0,0,1,0,1840,100,55,1,1,0.2857143,1,1,0,0,0,0,1,1,1,0,0,1,1,0,0,0,0,1,0.06043232403655944
800441521518e7,10462926,0,1,0,0,0,0,0,0,0,0,410,100,27,1,1,0,0,0,1,1,1,1,1,1,1,0,1,1,1,1,1,0,0,1,0.26748615544877347
844417513969e7,5522799,1,0,0,0,0,0,1,0,0,0,4020,100,27,1,1,0,1,1,1,1,0,0,1,0,1,0,0,1,1,0,1,1,0,1,0.17356141109839843
477983798334e7,42123635,0,0,1,0,0,0,0,1,0,0,1120,100,53,1,2,1,1,1,0,0,0,0,0,1,1,0,0,0,0,1,1,0,0,1,0.23572861303919126
210856602586e7,80116755,0,0,0,0,0,0,0,0,0,1,1900,90,41,1,4,0.2857143,1,1,1,1,0,1,0,0,1,0,1,1,1,0,0,0,0,1,0.16753361143884718
-338414715599e7,78134015,1,0,0,0,0,0,0,0,1,0,370,20,47,1,1,0.14285715,1,1,0,1,0,0,0,0,0,0,0,1,1,1,0,0,0,1,0.062020179140748796
-537600856794e7,42124729,0,0,0,1,0,0,0,1,0,0,1320,100,45,1,4,0,1,1,0,1,1,1,1,0,1,0,0,1,1,1,1,0,1,1,0.2838412256464954
212856929981e6,78132978,1,0,0,0,0,0,0,0,1,0,2560,100,35,1,1,0.85714287,0,1,0,1,0,1,0,1,1,1,0,0,1,1,1,1,0,1,0.05453399277425543
1.9594165968099999e+018,42125230,0,1,0,0,0,0,0,1,0,0,600,100,26,1,1,0,0,1,1,1,1,0,1,0,1,1,0,0,1,1,0,1,1,1,0.35565490988483794
-344759649151e7,80118789,0,0,1,0,0,0,0,0,0,1,1750,100,48,1,1,0,0,1,1,0,0,0,1,0,1,0,0,1,1,0,1,0,0,1,0.19587371292812616
1.8586169284700001e+018,10462937,0,1,0,0,0,0,0,0,0,0,3860,100,33,1,1,0,0,0,0,0,1,0,1,0,1,0,0,1,1,1,0,0,0,1,0.17384212100454766
-8.5286097872399995e+018,42124562,1,0,0,0,0,0,0,1,0,0,250,100,25,1,1,0.42857143,1,0,0,0,0,1,0,1,1,0,0,1,1,0,1,1,0,1,0.21881388550433598
-571706758194e6,42125565,1,0,0,0,0,0,0,1,0,0,4790,100,49,1,1,0,1,1,1,0,1,1,1,0,1,0,0,1,0,0,1,0,0,1,0.1606317695318353
918617941045e7,80116832,0,1,0,0,0,0,0,0,0,1,3000,90,22,1,1,0,0,0,0,0,1,0,0,1,1,0,0,0,1,1,0,0,0,1,0.1543346788340439
372141072093e7,42124071,0,0,0,0,1,0,0,1,0,0,2450,90,24,1,3,0.14285715,1,1,0,0,0,0,0,1,1,1,0,1,1,1,1,1,0,1,0.17817577447287217
-5.6027082108400005e+018,10463042,0,1,0,0,0,0,0,0,0,0,2640,80,33,1,1,0.2857143,0,1,1,1,0,0,0,0,1,0,0,1,1,1,1,1,0,1,0.1607406300640706
-232028726908e7,42123638,0,0,1,0,0,0,0,1,0,0,3000,100,31,1,1,0,0,1,0,0,1,0,1,0,1,0,0,1,0,1,1,0,1,1,0.2848495427078537
696238386644e6,10462899,1,0,0,0,0,0,0,0,0,0,1790,90,29,1,2,0,1,1,0,0,1,1,1,1,1,0,0,1,1,0,0,0,1,1,0.19468173210137774
-251341926555e7,80118675,0,0,0,0,1,0,0,0,0,1,2170,100,53,1,1,0.14285715,0,1,0,0,0,0,1,1,1,0,1,1,0,0,0,0,0,1,0.1376231584987053
-664936499937e7,78134760,0,0,0,0,1,0,0,0,1,0,1260,100,32,1,1,0,1,1,0,1,0,0,1,1,1,1,0,1,0,1,0,0,0,1,0.06287362669264576
675586809134e7,3592083,0,1,0,0,0,1,0,0,0,0,1340,100,38,1,1,0,1,1,0,0,0,0,1,0,1,0,1,0,0,0,0,1,0,1,0.16125785395987188
9.1860094571599995e+018,10462669,1,0,0,0,0,0,0,0,0,0,980,100,36,2,3,0,1,1,0,0,0,0,1,0,1,0,0,1,1,1,0,1,1,1,0.22681604096163308
-3.4318837799800003e+018,80117646,0,0,0,1,0,0,0,0,0,1,1600,100,58,2,2,0.2857143,1,1,0,0,0,0,0,1,1,0,0,1,0,0,0,0,0,1,0.12498375839953009
467547822733e7,10463910,0,0,1,0,0,0,0,0,0,0,200,100,44,1,1,0.14285715,0,1,0,0,0,0,0,0,1,0,1,0,1,1,1,0,0,1,0.20598665469325256
-1.4764443008700001e+018,78135176,0,0,0,1,0,0,0,0,1,0,2330,100,70,2,2,0.85714287,1,1,1,0,0,0,0,1,1,0,0,1,1,0,0,0,0,1,0.05427640075148893
-480080289189e7,42125443,0,0,0,0,1,0,0,1,0,0,410,100,50,1,1,0,1,1,0,0,0,1,0,1,1,0,0,0,1,1,1,0,0,1,0.2007611583938058
-745138706267e7,3594268,0,0,0,0,0,1,0,0,0,0,530,100,60,1,1,0.5714286,1,1,1,1,1,1,1,0,1,0,1,1,1,0,1,0,1,1,0.28920515102231603
-566904194737e7,78132750,0,1,0,0,0,0,0,0,1,0,950,90,29,1,4,0,0,1,0,0,1,0,1,0,1,0,0,1,1,1,1,0,0,1,0.08126939614431371
5.8923373577200005e+018,78133517,0,0,0,0,1,0,0,0,1,0,1680,100,47,1,1,1,1,1,0,0,0,1,1,1,1,0,0,1,1,0,1,0,0,1,0.05856873881024885
88248109096e8,80120001,0,0,1,0,0,0,0,0,0,1,2610,100,52,1,1,1,0,1,0,1,1,1,1,1,1,0,0,1,1,0,1,0,0,1,0.18745555346996978
-9.1369247177200005e+018,78134822,0,1,0,0,0,0,0,0,1,0,450,100,35,2,2,0.2857143,1,1,0,1,0,0,1,0,1,0,0,1,1,0,1,0,0,1,0.0669598682708815
-133651065884e7,80116823,0,1,0,0,0,0,0,0,0,1,3050,95,66,1,1,0,1,1,0,0,1,1,0,0,1,0,0,1,1,0,1,0,0,1,0.1265293543486594
3.6525826637799997e+018,42124054,0,0,0,0,1,0,0,1,0,0,3310,100,62,1,1,0.14285715,1,1,0,0,0,0,0,0,1,1,0,1,0,0,1,0,0,1,0.14094507454314933
-3.1513083854200003e+018,78136371,0,0,0,1,0,0,0,0,1,0,2810,25,31,2,3,0,1,1,1,0,0,0,0,1,0,1,0,1,0,1,1,0,0,1,0.05636507637672664
-1.9360827010099999e+018,78133057,0,1,0,0,0,0,0,0,1,0,1940,100,52,1,1,0,0,1,0,0,0,1,1,0,1,0,0,0,1,0,0,0,0,1,0.06129481856528097
-757047952695e7,42124733,0,0,0,0,1,0,0,1,0,0,1580,100,25,1,1,1,1,1,0,0,0,1,1,0,1,0,0,1,1,1,1,1,0,1,0.1689529283268258
-819101950202e7,3594489,0,0,0,0,1,1,0,0,0,0,5110,100,57,1,1,0,0,1,0,0,1,0,1,0,1,0,0,0,1,1,1,1,0,1,0.13984326279132384
704754763971e7,42125995,0,1,0,0,0,0,0,1,0,0,6610,100,51,1,1,0,0,1,1,1,1,0,1,1,1,0,1,1,1,0,0,0,0,1,0.15014511865180175
246075058211e7,78134847,0,1,0,0,0,0,0,0,1,0,480,100,48,1,1,0,1,1,0,0,0,0,0,0,1,0,0,1,1,0,0,0,0,1,0.05803134352015133
379330776743e7,80116839,0,1,0,0,0,0,0,0,0,1,1570,100,52,1,2,0.14285715,1,1,0,0,0,1,0,0,1,1,0,1,1,0,0,1,0,1,0.12847188861717304
303312463713e7,80116749,0,0,0,0,0,0,0,0,0,1,620,100,70,1,1,0.14285715,1,1,1,0,1,0,1,0,1,0,0,1,1,0,0,0,0,1,0.1538619237728692
-156643105862e6,5514326,1,0,0,0,0,0,1,0,0,0,1930,100,43,1,1,0.2857143,1,1,1,0,1,0,0,0,1,0,0,1,0,1,1,0,0,1,0.13859240554337182
590543780134e7,5523013,0,1,0,0,0,0,1,0,0,0,1390,100,44,1,1,1,1,1,1,1,0,1,0,0,1,0,0,0,1,0,0,0,0,1,0.12829237428889173
-53677312584e8,78133033,0,1,0,0,0,0,0,0,1,0,530,100,42,1,1,0,0,1,0,0,1,0,1,1,1,0,0,1,1,1,1,0,0,1,0.06574575401336294
310287292233e7,10462876,0,0,0,0,1,0,0,0,0,0,5360,100,51,1,1,0.14285715,1,0,0,0,0,1,1,0,1,0,0,1,0,1,0,0,0,1,0.13238366086427414
-695308255304e7,10462862,0,0,0,0,1,0,0,0,0,0,630,100,32,1,1,0,1,0,0,0,1,0,1,0,1,0,0,1,1,0,0,0,0,1,0.2232751827402667
-760758888563e7,78133765,0,0,0,0,0,0,0,0,1,0,1460,90,47,5,3,0.85714287,1,1,1,1,0,0,0,0,1,0,0,1,1,0,1,1,0,1,0.06900436506281361
-6.8563281302799995e+018,5523019,0,1,0,0,0,0,1,0,0,0,1280,100,34,1,1,1,0,1,1,0,0,0,1,0,1,0,0,0,1,0,1,1,0,1,0.16054046053119894
-844529810002e7,42123733,1,0,0,0,0,0,0,1,0,0,18300,100,51,1,1,0,0,1,1,1,1,0,1,0,1,0,0,1,0,0,1,1,0,1,0.1628237142079806
87937465017e8,42125725,0,1,0,0,0,0,0,1,0,0,330,50,24,1,1,0.14285715,0,1,0,0,0,0,0,0,1,1,0,1,1,1,1,0,0,1,0.2197545507028782
-2.8353124905400003e+018,5521159,0,0,0,0,0,0,1,0,0,0,1490,100,40,1,1,0.14285715,1,1,1,0,0,0,0,0,1,0,0,1,0,1,1,1,0,1,0.15740518934923486
-676300011822e7,5514213,0,1,0,0,0,0,1,0,0,0,2730,100,53,1,1,0.2857143,0,1,0,0,0,0,1,0,1,0,0,0,1,1,1,0,0,1,0.14009225545609716
502759656552e7,78133051,0,1,0,0,0,0,0,0,1,0,560,100,25,1,1,0.14285715,0,1,1,0,1,1,1,0,1,0,0,1,1,1,1,0,0,1,0.062370111202136154
1290778189e9,3592329,1,0,0,0,0,1,0,0,0,0,730,50,42,1,1,0,1,1,0,0,0,0,1,1,0,0,0,0,0,0,0,0,1,1,0.2566505508265993
-819101950202e7,3594491,0,0,0,0,1,1,0,0,0,0,1540,100,57,1,1,0,0,1,0,0,1,0,1,0,1,0,0,0,1,1,1,1,0,1,0.14785602030454353
-841071628145e7,3594273,0,0,0,0,0,1,0,0,0,0,22190,100,54,1,1,0,1,1,0,0,1,1,0,0,1,0,0,1,1,0,1,0,0,1,0.12478964983476423
-471804232739e7,5522617,0,0,0,0,0,0,1,0,0,0,3030,90,37,1,1,0,0,0,0,0,0,0,1,0,1,0,0,1,1,0,1,1,0,1,0.18048733895522498
-1.3965093076099999e+018,78131755,0,1,0,0,0,0,0,0,1,0,1350,100,26,1,1,0.14285715,0,1,0,1,1,1,1,0,1,0,0,0,1,1,1,1,0,1,0.06021527837252325
904270267074e7,78132824,0,1,0,0,0,0,0,0,1,0,3100,100,53,1,1,0.2857143,1,1,0,0,0,0,1,1,1,0,0,1,1,0,0,0,0,1,0.05986027516860774
533572776198e7,10463247,0,0,0,0,1,0,0,0,0,0,2050,80,40,1,1,0.71428573,0,0,1,0,0,1,1,0,1,0,0,1,1,0,0,0,1,1,0.18250094194357042
107251019133e6,80116737,0,0,0,0,1,0,0,0,0,1,1800,100,35,1,1,0,1,1,0,1,1,0,1,0,1,0,0,1,1,1,0,0,1,1,0.18884625064054503
-2.1028571206300001e+018,78134801,0,0,0,0,1,0,0,0,1,0,2740,100,30,1,1,0.2857143,1,1,1,1,0,0,1,0,1,0,0,1,1,1,1,0,0,1,0.062416553681841895
-8.7379664345500006e+017,78134776,0,0,0,0,1,0,0,0,1,0,2260,100,55,1,1,0.2857143,1,1,0,0,0,0,1,1,1,0,0,1,1,0,0,0,0,1,0.06079895224379912
-244447090533e7,42124038,0,0,0,0,1,0,0,1,0,0,2080,100,44,1,1,0.2857143,1,1,0,0,0,0,0,1,1,0,1,0,0,0,0,1,0,1,0.15010645539647932
35152270402e8,78134984,0,0,0,0,1,0,0,0,1,0,1500,100,46,1,1,0.85714287,0,1,0,1,1,1,0,1,1,1,0,0,1,1,0,0,0,1,0.056543832217746795
8.8527996127600005e+018,10462884,0,0,0,0,0,0,0,0,0,0,2940,100,53,1,1,0,0,1,0,0,1,0,0,0,1,0,0,1,1,1,1,1,0,1,0.1439142069372118
-701393552511e7,3592065,0,1,0,0,0,1,0,0,0,0,380,100,24,1,1,0,0,1,1,0,1,1,1,0,1,0,0,1,1,0,0,1,0,1,0.20825660084338476
1.2653563275900001e+018,3592322,1,0,0,0,0,1,0,0,0,0,1170,100,47,1,1,1,1,1,0,0,0,0,1,1,1,0,0,1,1,0,0,1,0,1,0.14643931372405364
6.7596415142000005e+018,3594322,0,1,0,0,0,1,0,0,0,0,810,100,25,1,1,0,1,0,0,0,0,0,1,1,1,0,1,1,0,1,0,0,0,1,0.2065982610253331
-7.5916840313299994e+017,42125701,0,1,0,0,0,0,0,1,0,0,830,100,40,1,1,0.42857143,1,0,0,0,0,1,0,1,1,0,0,1,0,0,0,0,1,1,0.2380123519712663
-317418687441e7,78133769,0,0,0,0,0,0,0,0,1,0,810,100,30,1,1,0,0,1,1,1,0,1,0,0,1,1,0,1,1,1,1,1,0,1,0.05710474961350247
-533346283575e7,10463432,0,0,1,0,0,0,0,0,0,0,910,100,39,1,1,0,0,1,0,0,0,0,1,0,1,0,0,1,0,0,0,0,0,1,0.21863672576631252
-922258806166e7,78133041,0,1,0,0,0,0,0,0,1,0,1200,100,47,1,1,0,1,1,1,1,0,0,0,1,1,0,0,0,1,0,1,0,0,1,0.056588503795187955
-427807326557e7,3592344,0,1,0,0,0,1,0,0,0,0,200,100,19,1,1,0.2857143,1,1,0,0,0,0,1,0,1,0,1,1,1,1,1,1,0,1,0.21386438690502194
615133964023e7,10463153,1,0,0,0,0,0,0,0,0,0,300,20,46,1,1,0.5714286,1,1,0,1,0,1,0,1,0,0,1,0,1,0,0,1,1,1,0.2354943502000805
81413126168e8,42124749,0,0,0,0,1,0,0,1,0,0,1720,100,50,1,1,0,1,1,1,1,1,1,0,0,1,0,0,0,1,1,1,1,0,1,0.1554522818602751
-645111461173e7,80116750,0,0,0,0,0,0,0,0,0,1,12000,100,35,1,1,0,1,1,0,0,0,0,0,1,1,0,0,0,1,1,1,0,0,1,0.13532553378695303
-1.4764443008700001e+018,78135178,0,0,0,1,0,0,0,0,1,0,1500,100,70,2,2,0.85714287,1,1,1,0,0,0,0,1,1,0,0,1,1,0,0,0,0,1,0.054134380632961436
555936931463e7,78136008,0,0,1,0,0,0,0,0,1,0,1930,100,35,1,1,0,0,1,0,0,1,0,1,0,1,0,0,0,1,0,0,0,0,1,0.07158878122006267
-723437256517e7,78134771,0,0,0,0,1,0,0,0,1,0,1200,100,50,2,2,0.14285715,1,1,0,0,0,1,1,0,1,0,0,1,1,1,1,0,0,1,0.06166173482812535
-668901804918e7,10462828,0,1,0,0,0,0,0,0,0,0,2120,100,32,1,2,0,0,1,1,0,1,1,0,0,1,1,0,1,1,1,1,1,0,1,0.17757998979612497
200693520116e7,3586585,0,1,0,0,0,1,0,0,0,0,1680,100,36,1,1,0.2857143,0,1,1,1,0,1,1,0,1,0,0,1,1,1,1,0,0,1,0.19127886172455352
389811718032e7,78134789,0,0,0,0,1,0,0,0,1,0,330,90,21,1,2,0,0,1,0,0,1,1,0,0,1,0,0,0,0,0,1,0,0,1,0.05635146304936655
107307626995e7,10462561,0,1,0,0,0,0,0,0,0,0,500,100,41,2,3,0.14285715,1,1,0,1,0,1,1,0,1,1,0,1,0,0,0,0,1,1,0.29831514333224896
-357410376477e7,42123760,1,0,0,0,0,0,0,1,0,0,370,50,30,1,1,0,1,1,0,0,1,1,0,0,1,1,0,0,1,1,1,1,1,1,0.25734422707124716
-524174751495e7,5522632,0,0,0,0,0,0,1,0,0,0,800,100,40,1,1,0,1,1,1,1,0,1,1,1,1,0,0,1,1,1,0,0,0,1,0.20343542167005071
364299483175e7,42122491,0,0,0,0,1,0,0,1,0,0,1280,80,55,1,1,0.14285715,1,1,0,0,0,1,0,1,1,0,0,1,1,1,0,1,0,1,0.1477574105821395
-577768768955e7,3592219,0,0,0,0,1,1,0,0,0,0,2700,100,34,1,1,1,1,1,0,0,0,1,1,0,1,0,0,0,0,0,0,0,0,1,0.146449885069576
462040622515e6,42123686,0,0,0,0,1,0,0,1,0,0,1320,100,48,1,2,0,1,1,0,0,1,0,1,0,1,0,0,0,1,1,1,0,0,1,0.17322661283297175
-897006696037e7,3592101,0,1,0,0,0,1,0,0,0,0,2180,50,66,1,1,0.14285715,1,1,0,0,1,0,0,1,0,0,0,1,0,0,0,0,0,1,0.13233507401052017
665102966019e7,10463056,0,1,0,0,0,0,0,0,0,0,770,100,31,1,1,0,1,0,0,0,1,1,1,0,1,0,0,1,1,1,1,0,1,1,0.25706099681417505
-478468379414e7,10462872,0,0,0,0,1,0,0,0,0,0,4110,80,45,1,1,0.14285715,0,1,0,0,0,1,1,0,1,0,0,1,1,1,1,1,1,1,0.16717700801641533
426994418677e7,80116831,0,1,0,0,0,0,0,0,0,1,2980,100,57,1,1,0.14285715,1,1,0,0,0,0,0,0,1,1,0,0,0,1,0,0,0,1,0.12237417286940604
-658417019699e7,78132959,1,0,0,0,0,0,0,0,1,0,9440,100,62,1,1,0,0,1,0,0,0,0,0,0,1,0,0,0,1,1,1,0,0,1,0.052647415336524526
-3.3687522948199997e+018,5522997,0,1,0,0,0,0,1,0,0,0,3210,100,51,1,1,0,0,1,0,0,0,0,1,0,1,0,0,0,1,1,0,1,0,1,0.13979920986290764
1290778189e9,3592336,1,0,0,0,0,1,0,0,0,0,1500,50,42,1,1,0,1,1,0,0,0,0,1,1,1,0,0,0,0,0,0,0,0,1,0.1510638632529326
622227115641e7,78132979,1,0,0,0,0,0,0,0,1,0,1910,100,65,1,1,0,1,1,0,0,0,0,0,1,1,0,0,1,0,1,1,0,0,1,0.05535241389955219
-1.8097327537900001e+018,42123688,0,0,0,0,1,0,0,1,0,0,10220,100,43,1,1,0,0,1,1,1,1,0,1,0,1,0,0,1,1,0,1,0,0,1,0.1641867956905322
8.2216383996099994e+017,80117611,0,0,0,1,0,0,0,0,0,1,990,100,45,3,4,0.14285715,1,1,1,1,1,1,1,0,1,1,0,1,1,0,0,1,0,1,0.19995615298270983
-1.6298700179299999e+018,3595427,0,0,0,1,0,1,0,0,0,0,990,100,51,1,1,0.2857143,1,1,0,0,0,0,1,0,1,0,0,1,1,1,1,0,1,1,0.2115917147557146
4.2820607943800003e+018,5514197,0,1,0,0,0,0,1,0,0,0,560,100,43,1,2,0.14285715,0,1,1,0,0,0,1,0,1,0,0,1,1,1,1,0,0,1,0.21017193706718598
-779594033926e7,10463443,0,0,1,0,0,0,0,0,0,0,750,100,56,1,1,0.14285715,0,1,0,1,0,0,0,0,1,0,0,0,1,0,0,1,0,1,0.19047774259295489
185557948922e6,78132777,0,1,0,0,0,0,0,0,1,0,3690,80,20,1,1,0,1,0,0,0,1,0,1,0,1,0,1,1,1,1,1,0,0,1,0.06713483433682187
-1.4764443008700001e+018,78135175,0,0,0,1,0,0,0,0,1,0,1730,100,70,2,2,0.85714287,1,1,1,0,0,0,0,1,1,0,0,1,1,0,0,0,0,1,0.0533753487646848
641378913128e7,3594270,0,0,0,0,0,1,0,0,0,0,860,50,38,1,1,1,0,1,0,1,1,0,1,1,1,0,1,0,1,0,1,1,1,1,0.274636502790781
-56217870111e8,3595833,0,0,0,1,0,1,0,0,0,0,2820,100,21,1,1,0,0,0,0,0,0,0,1,0,1,0,1,0,1,0,0,0,1,1,0.19739659364806697
340634782366e6,10463529,0,0,0,0,1,0,0,0,0,0,470,80,42,1,1,0.42857143,1,1,0,0,0,1,1,1,1,0,1,1,1,0,1,1,1,1,0.2880135510889042
628326293324e6,80115930,0,0,0,0,1,0,0,0,0,1,2470,100,31,1,1,0.5714286,0,1,0,1,0,1,0,0,1,0,0,1,1,1,0,1,0,1,0.14378330708365575
-357410376477e7,42123777,0,1,0,0,0,0,0,1,0,0,330,100,30,2,1,0,1,1,0,0,0,1,0,0,1,1,0,0,1,1,1,1,1,1,0.25751488626738844
241708496184e7,42123754,1,0,0,0,0,0,0,1,0,0,2010,100,49,1,1,0,1,1,1,1,1,1,1,0,1,0,0,1,1,1,1,1,0,1,0.18887586706906478
-694723067751e7,3592224,0,0,0,0,1,1,0,0,0,0,1950,90,32,1,1,1,1,1,1,0,0,1,0,1,1,0,0,1,1,0,0,1,0,1,0.13451207778083416
275253327228e7,10463211,0,0,1,0,0,0,0,0,0,0,1800,100,39,1,1,0.14285715,0,1,1,0,1,0,1,0,1,0,0,1,0,1,1,1,1,1,0.27188111546099175
350543345259e7,5521162,0,0,0,0,0,0,1,0,0,0,1700,100,49,1,1,0.14285715,1,1,1,1,0,1,1,0,1,0,0,1,1,0,0,0,0,1,0.15363973292254193
-81827748952e7,10462904,1,0,0,0,0,0,0,0,0,0,1790,100,35,1,1,0,1,1,0,0,1,1,1,0,1,0,0,1,1,0,0,1,0,1,0.17117600759975327
-497536713922e7,10462678,1,0,0,0,0,0,0,0,0,0,1310,100,33,1,2,0,1,1,1,0,1,1,1,0,1,0,0,0,1,1,0,0,0,1,0.16642805833974686
699531334038e7,10463058,0,1,0,0,0,0,0,0,0,0,840,100,29,1,1,0.14285715,1,1,0,0,1,1,0,0,1,1,0,1,1,0,1,1,0,1,0.19070937798946097
-1.9257255827299999e+018,10462440,0,0,0,1,0,0,0,0,0,0,2380,80,50,1,3,0.14285715,1,0,0,0,0,0,1,0,1,0,0,1,1,0,0,0,0,1,0.17311556628095343
-1.8733711354499999e+018,3594376,0,0,0,0,1,1,0,0,0,0,990,100,28,1,1,0,1,1,1,0,1,0,1,0,1,0,0,1,1,0,0,1,0,1,0.19440312264688983
-125703288876e7,80116822,0,1,0,0,0,0,0,0,0,1,770,100,43,1,1,0.5714286,1,1,0,0,0,1,0,1,1,0,1,0,1,0,1,1,0,1,0.16026378450507525
12684394573e8,42125219,0,1,0,0,0,0,0,1,0,0,3870,100,38,1,1,0.14285715,1,1,1,1,1,0,1,0,1,0,0,1,1,1,1,1,0,1,0.19753886738995877
4.0598492391800003e+018,5522813,1,0,0,0,0,0,1,0,0,0,1260,70,41,2,2,0.2857143,1,1,0,0,0,0,1,1,1,0,0,0,1,0,0,1,0,1,0.1613627562360249
-2.8353124905400003e+018,5521158,0,0,0,0,0,0,1,0,0,0,1590,100,40,1,1,0.14285715,1,1,1,0,0,0,0,0,1,0,0,1,0,1,1,1,0,1,0.15744704779851054
-112106501281e7,42125055,0,0,0,0,0,0,0,1,0,0,740,100,53,1,1,0.42857143,1,1,1,1,0,1,0,0,1,0,0,1,1,0,0,1,0,1,0.1711156115778856
594758651659e7,3586675,0,0,0,0,1,1,0,0,0,0,2050,90,37,1,1,1,0,0,0,0,0,0,1,1,1,0,0,0,0,0,1,0,0,1,0.16642030009934528
884130863736e7,78133394,0,0,0,0,1,0,0,0,1,0,7600,100,39,1,1,0,0,0,1,1,1,0,0,0,1,0,0,1,1,0,0,0,0,1,0.05769473842642785
-406058809491e7,78134453,0,1,0,0,0,0,0,0,1,0,950,100,34,1,1,0,0,0,0,0,1,1,1,0,1,0,0,1,0,1,1,1,0,1,0.06377292699144695
1290778189e9,3592332,1,0,0,0,0,1,0,0,0,0,1260,50,42,1,1,0,1,1,0,0,0,0,1,1,1,0,0,0,0,0,0,0,0,1,0.15205982453354194
358071519249e7,80118697,0,0,0,0,1,0,0,0,0,1,2150,100,50,1,1,0,0,1,0,1,0,1,0,1,1,0,0,1,1,0,0,0,0,1,0.12662539927067043
-310528906404e7,78132620,0,0,1,0,0,0,0,0,1,0,1200,100,20,1,1,0.14285715,0,0,0,0,0,0,1,0,1,0,0,1,0,0,0,0,0,1,0.07010496519179928
3.4759686930599997e+018,3594374,0,0,0,0,1,1,0,0,0,0,4270,90,56,1,1,1,0,1,1,0,1,1,1,1,1,0,0,1,1,1,1,0,0,1,0.1441311984459738
81413126168e8,42124748,0,0,0,0,1,0,0,1,0,0,2230,100,50,1,1,0,1,1,1,1,1,1,0,0,1,0,0,0,1,1,1,1,0,1,0.1525154575735414
-410692144589e7,42123773,1,0,0,0,0,0,0,1,0,0,2090,50,27,1,1,0.42857143,0,1,1,1,0,0,1,1,1,0,0,1,1,1,1,1,0,1,0.194416126044401
-1.9500989239699999e+018,78133512,0,0,0,0,1,0,0,0,1,0,3980,100,30,1,2,0,1,1,0,0,0,0,1,1,1,0,0,1,0,1,1,0,0,1,0.05865853976801936
-443173682168e7,10462822,0,1,0,0,0,0,0,0,0,0,330,100,45,1,3,0,1,1,0,0,0,0,1,0,1,0,0,1,1,1,1,0,0,1,0.24092716024161476
455944938987e7,78136264,0,0,0,0,1,0,0,0,1,0,5520,100,40,1,1,0,1,1,1,0,1,0,1,0,1,0,0,1,1,1,1,0,0,1,0.06305361033617862
-1.6124416759299999e+018,3595464,0,0,0,0,1,1,0,0,0,0,1020,100,42,1,1,1,1,1,0,0,0,0,0,1,1,0,0,0,0,1,1,0,0,1,0.15954736549036744
-783976649595e7,5514314,1,0,0,0,0,0,1,0,0,0,3250,80,43,1,1,0.2857143,1,1,1,0,1,1,1,0,1,0,0,1,0,1,1,1,0,1,0.15108248042458566
-193923682567e5,80118681,0,0,0,0,1,0,0,0,0,1,2010,100,58,1,1,0,1,1,0,0,1,0,0,0,1,1,0,0,1,0,0,0,0,1,0.12188019478329061
742276021661e7,78134489,0,0,1,0,0,0,0,0,1,0,1220,100,25,1,1,0.14285715,1,1,0,0,0,0,1,0,1,0,0,0,1,1,1,0,0,1,0.06788760119367811
-1.4764443008700001e+018,78135177,0,0,0,1,0,0,0,0,1,0,680,100,70,2,2,0.85714287,1,1,1,0,0,0,0,1,1,0,0,1,1,0,0,0,0,1,0.053618353897783605
-823720720392e7,42125772,0,0,0,1,0,0,0,1,0,0,480,50,44,1,1,0.14285715,0,1,0,1,0,0,0,1,1,1,0,1,0,1,1,0,0,1,0.2085794023104165
-6.2554848177200005e+018,42123783,0,1,0,0,0,0,0,1,0,0,1290,100,36,1,1,0,1,1,1,1,1,1,1,0,1,0,1,1,1,1,1,1,0,1,0.22261243465306582
-203568595884e7,42123735,1,0,0,0,0,0,0,1,0,0,2880,100,77,1,1,0,1,1,1,1,1,1,1,0,1,0,0,1,0,1,1,1,1,1,0.23927280852007504
-636490434749e7,78134823,0,1,0,0,0,0,0,0,1,0,3390,100,35,1,1,0,1,1,0,0,1,0,1,0,1,0,0,1,1,0,0,0,0,1,0.06396048431983417
-5.3664621385200005e+018,5520212,0,1,0,0,0,0,1,0,0,0,250,100,30,1,1,0.14285715,1,1,0,0,0,0,0,0,1,0,0,1,1,1,0,0,0,1,0.18734047394366293
-324189856787e7,5524501,0,1,0,0,0,0,1,0,0,0,990,100,60,1,1,0.2857143,1,1,1,1,0,1,1,0,1,0,0,1,1,1,1,1,0,1,0.18275816005115
668393462437e7,42124392,0,0,0,0,0,0,0,1,0,0,1100,90,27,1,1,0,0,1,1,0,1,0,1,0,1,0,0,1,1,1,1,1,1,1,0.2755629214634033
856388090815e7,80116712,0,0,0,1,0,0,0,0,0,1,580,50,45,1,1,0.2857143,1,1,0,0,1,0,0,1,1,0,0,1,0,0,0,1,0,1,0.16376564215639228
368694403059e7,5522669,0,1,0,0,0,0,1,0,0,0,2220,100,31,1,1,0,1,1,0,0,0,0,1,1,1,0,0,0,0,0,0,0,1,1,0.18506523890225382
415631712945e7,3595903,0,0,0,0,1,1,0,0,0,0,1830,100,50,1,1,0.2857143,1,1,0,0,1,1,1,0,1,0,0,1,1,1,1,1,0,1,0.1557479532238284
704754763971e7,42125994,0,1,0,0,0,0,0,1,0,0,4750,100,51,1,1,0,0,1,1,1,1,0,1,1,1,0,1,1,1,0,0,0,0,1,0.1519413253621629
-559539740526e7,78134486,0,0,1,0,0,0,0,0,1,0,820,100,28,1,1,0.2857143,1,1,0,0,0,1,0,0,1,0,0,1,0,1,1,1,0,1,0.05853824157832728
259821028503e7,78134506,0,0,1,0,0,0,0,0,1,0,1100,100,25,1,1,0,0,1,0,0,0,0,1,1,1,0,0,0,1,0,0,0,0,1,0.06443217997910149
-391020146615e7,80117157,1,0,0,0,0,0,0,0,0,1,620,80,32,1,2,0,1,1,0,0,0,0,1,0,1,0,0,0,1,1,0,0,0,1,0.18572231145354393
494130311617e7,78133545,0,0,0,0,0,0,0,0,1,0,2600,100,27,1,1,0,0,1,0,0,1,0,1,1,1,0,0,1,0,1,1,1,0,1,0.06099001774555842
-301609776455e6,10463435,0,0,1,0,0,0,0,0,0,0,290,100,26,1,1,0,1,1,1,0,1,1,1,0,1,0,0,1,1,0,0,0,1,1,0.2566653571603248
-881239379329e7,80117111,0,0,0,0,0,0,0,0,0,1,1280,100,50,1,3,0.14285715,1,1,0,0,0,0,1,0,1,1,0,1,1,0,0,1,0,1,0.17227090943319506
-755324302919e7,80116741,0,0,0,0,1,0,0,0,0,1,690,100,23,1,2,1,1,1,0,0,0,0,1,0,1,0,0,1,0,1,1,1,0,1,0.1588762148468977
493852968778e6,3595334,1,0,0,0,0,1,0,0,0,0,700,100,26,1,1,0,1,1,0,0,0,0,0,0,1,0,0,1,1,0,1,0,0,1,0.17955306482666947
-508280001107e7,3595324,1,0,0,0,0,1,0,0,0,0,1180,100,74,4,3,1,1,1,0,0,0,0,0,1,1,0,0,0,1,1,1,0,0,1,0.15742571425651036
-626163621777e7,78133396,0,0,0,0,1,0,0,0,1,0,1000,100,43,1,1,0.14285715,0,1,0,0,0,0,1,0,1,0,0,1,1,1,1,1,0,1,0.063928527275903535
659239515208e7,10462366,0,0,0,0,0,0,0,0,0,0,150,100,20,1,1,0.2857143,1,0,0,0,0,0,1,0,1,0,0,1,1,0,0,0,1,1,0.24360287723048563
564522414003e7,78134465,0,1,0,0,0,0,0,0,1,0,220,100,36,1,1,1,1,1,0,0,0,0,0,0,1,0,0,1,1,1,1,1,0,1,0.05531606563404348
5.7066460840399995e+018,78133784,0,0,0,0,0,0,0,0,1,0,1130,70,38,2,2,0.5714286,1,1,1,1,0,0,0,0,1,0,0,0,1,0,0,0,0,1,0.05434194968410483
-907894248321e7,78132608,0,0,1,0,0,0,0,0,1,0,730,100,48,1,1,0.2857143,0,1,0,1,1,1,1,0,1,0,0,1,1,1,1,0,0,1,0.07692281766729069
-667401643126e7,80117634,0,0,0,1,0,0,0,0,0,1,440,100,31,1,1,0,1,0,0,0,1,0,1,0,1,1,0,1,0,0,0,0,0,1,0.20811855528125267
-613929838909e7,80116761,0,0,0,0,0,0,0,0,0,1,700,100,68,1,1,0,0,1,0,0,0,1,0,0,1,0,0,0,1,1,0,0,0,0,0.13059925337323045
-268326530835e7,78132778,0,1,0,0,0,0,0,0,1,0,1300,100,34,1,1,0,0,1,0,0,0,0,1,0,1,0,0,1,1,0,1,1,0,0,0.06086930048753052
-253393171303e7,5514310,1,0,0,0,0,0,1,0,0,0,1610,100,38,2,1,0,1,1,1,1,1,1,1,0,1,0,0,1,1,0,0,1,0,0,0.16371531287808394
543480585014e7,10462930,0,1,0,0,0,0,0,0,0,0,2260,100,51,4,3,0.14285715,1,1,1,0,0,0,1,0,1,0,0,1,1,0,0,0,1,0,0.22418626074602555
-697634592761e7,80116938,0,0,0,0,1,0,0,0,0,1,1250,100,37,1,1,0,1,1,0,0,0,1,0,0,1,0,0,0,1,1,1,1,0,0,0.14373195239883713
-304186808277e6,3595212,0,0,0,0,0,1,0,0,0,0,2340,100,44,1,1,0,1,1,1,1,0,1,1,0,1,0,0,1,1,1,1,0,0,0,0.18908254678845704
-418927239625e7,42125029,0,0,0,0,0,0,0,1,0,0,1080,100,39,1,1,0.42857143,1,1,0,1,0,1,0,0,1,0,0,0,0,1,1,0,0,0,0.19820727063238303
3.9857720480199997e+018,42124707,0,0,0,1,0,0,0,1,0,0,370,100,40,1,1,0.14285715,1,1,0,0,0,1,1,0,1,0,0,0,1,0,1,1,1,0,0.24576007382702056
435779630495e7,10462431,0,0,0,1,0,0,0,0,0,0,2400,100,38,2,2,0,1,0,1,0,1,0,1,0,1,0,1,1,1,1,1,1,0,0,0.21946535278608834
-1.6021108311699999e+018,5522625,0,0,0,0,0,0,1,0,0,0,1020,100,30,1,1,0.14285715,0,1,0,0,1,0,1,0,1,0,0,1,1,0,0,0,0,0,0.18239058315393705
117542665886e7,5514209,0,1,0,0,0,0,1,0,0,0,370,100,43,1,1,0.5714286,1,1,0,0,1,0,0,0,1,0,0,0,1,0,0,1,0,0,0.17562525421838637
-6.8563281302799995e+018,5523020,0,1,0,0,0,0,1,0,0,0,3030,100,34,1,1,1,0,1,1,0,0,0,1,0,1,0,0,0,1,0,1,1,0,0,0.1564783810731765
903203797426e7,10462923,0,1,0,0,0,0,0,0,0,0,2960,90,39,3,5,0,0,1,1,0,1,0,1,0,1,0,0,0,0,0,0,1,1,0,0.21002654500039558
-484049410075e7,78135073,0,0,1,0,0,0,0,0,1,0,180,100,24,1,1,0.14285715,1,1,0,0,1,1,0,0,1,0,0,1,1,1,1,1,0,0,0.0586776032399791
-546500131606e6,78134485,0,0,1,0,0,0,0,0,1,0,610,100,28,1,1,0.2857143,1,1,0,0,0,1,0,0,1,0,0,1,0,1,1,1,0,0,0.06212171502646047
785441059603e7,78133055,0,1,0,0,0,0,0,0,1,0,1410,80,35,2,4,0,1,1,1,1,0,0,1,0,1,0,0,1,1,0,0,0,0,0,0.08526669566605001
-626043159264e7,5514194,1,0,0,0,0,0,1,0,0,0,370,80,30,1,1,0.14285715,1,1,1,0,1,0,1,0,1,1,0,1,1,1,0,1,0,0,0.2486215527385676
-237800179084e7,5522621,0,0,0,0,0,0,1,0,0,0,260,100,71,1,1,0.42857143,1,1,1,0,0,0,1,1,1,0,0,1,1,0,1,0,0,0,0.21249499711729955
640240207833e7,10463107,0,0,0,0,1,0,0,0,0,0,1500,100,44,1,2,0.14285715,1,1,1,1,1,1,1,0,1,0,1,1,1,0,0,1,0,0,0.1982478271987118
769921938443e7,3594318,0,1,0,0,0,1,0,0,0,0,3070,100,65,1,1,0,1,1,0,0,0,0,0,0,1,0,0,1,1,0,0,0,0,0,0.12305091779477861
582991834943e7,42123722,0,0,0,0,0,0,0,1,0,0,1120,100,35,1,1,0,0,1,0,0,1,0,1,0,1,0,0,1,0,1,1,0,1,0,0.2212778055086992
-348896440152e7,78134016,1,0,0,0,0,0,0,0,1,0,440,100,35,2,2,0,1,1,1,1,0,1,1,0,1,0,0,0,0,1,1,1,0,0,0.06451798748605385
-819611530296e7,78133753,0,0,0,0,0,0,0,0,1,0,1520,100,34,1,1,0.42857143,1,1,0,0,1,1,1,0,1,0,0,1,1,0,1,1,0,0,0.06042133326688751
245165465281e7,78134916,0,0,0,1,0,0,0,0,1,0,2710,50,40,2,2,0.2857143,1,1,1,0,0,0,0,1,1,0,0,1,1,0,0,0,0,0,0.0558808932489219
-203568595884e7,42123734,1,0,0,0,0,0,0,1,0,0,6120,100,77,1,1,0,1,1,1,1,1,1,1,0,1,0,0,1,0,1,1,1,1,0,0.23168866370893498
7.7824706608399995e+018,42124739,0,0,0,0,1,0,0,1,0,0,510,100,41,2,2,0.14285715,0,1,1,1,1,1,1,0,1,0,0,1,1,1,1,1,0,0,0.2588893989437205
37851085294e8,78135188,0,0,0,0,1,0,0,0,1,0,1200,100,24,1,1,0,1,1,1,1,0,0,1,0,1,0,0,0,0,1,1,0,0,0,0.06020960453798194
360645331221e7,10463048,0,1,0,0,0,0,0,0,0,0,1000,100,51,1,4,0.2857143,1,1,0,0,0,1,1,1,1,0,0,1,1,0,0,1,1,0,0.2255401631715621
-655434734063e7,78136261,0,0,0,0,1,0,0,0,1,0,1640,100,54,1,1,0,1,1,0,0,1,0,1,1,1,0,0,1,0,0,0,0,0,0,0.061861955118751005
6.4564784843599995e+018,3592321,1,0,0,0,0,1,0,0,0,0,3320,100,49,1,1,0,1,1,0,0,0,0,1,0,1,0,0,0,1,0,1,0,0,0,0.15281459746716042
-839744396727e7,42124735,0,0,0,0,1,0,0,1,0,0,3000,100,50,1,2,0.42857143,0,1,0,0,1,0,1,0,1,0,0,1,1,0,1,0,0,0,0.15602941527643596
146773628022e7,80118776,0,0,1,0,0,0,0,0,0,1,6000,80,70,3,3,0.2857143,1,1,0,0,0,0,1,0,1,0,0,0,1,0,0,0,0,0,0.17140173861439703
1290778189e9,3592327,1,0,0,0,0,1,0,0,0,0,1310,50,42,1,1,0,1,1,0,0,0,0,1,1,0,0,0,0,0,0,0,0,0,0,0.175599973121068
92043008775e8,10462655,0,0,0,0,0,0,0,0,0,0,7400,80,50,1,1,0,1,1,0,0,0,0,1,0,1,0,0,0,0,1,1,0,0,0,0.14022990376961908
-701582678887e7,3594466,0,0,0,1,0,1,0,0,0,0,290,100,38,1,1,0.2857143,1,1,0,0,0,0,1,1,1,0,0,1,1,1,1,0,0,0,0.24586956471868485
-777975640394e7,78133023,0,1,0,0,0,0,0,0,1,0,1570,75,38,1,3,0,1,1,0,0,0,0,1,0,1,0,0,1,0,1,1,0,0,0,0.08138132144533855
-738069998198e5,3595829,0,0,0,1,0,1,0,0,0,0,1830,100,55,1,1,0,1,0,0,1,0,0,1,1,1,1,0,0,1,0,1,1,0,0,0.171871955417677
-277329901025e7,10462882,0,0,0,0,1,0,0,0,0,0,2260,100,37,1,1,0,1,1,0,0,1,1,1,0,1,1,0,1,1,0,0,1,1,0,0.1693424928625699
-658417019699e7,78132957,1,0,0,0,0,0,0,0,1,0,8140,100,62,1,1,0,0,1,0,0,0,0,0,0,1,0,0,0,1,1,1,0,0,0,0.05270991533652453
7.0372902612400005e+018,78133547,0,0,0,0,0,0,0,0,1,0,280,100,39,1,1,0,0,1,0,0,1,0,1,0,1,0,0,1,1,1,1,0,0,0,0.06206903377491776
563380419415e6,3594323,0,1,0,0,0,1,0,0,0,0,1130,100,37,1,2,0,1,1,0,0,0,0,1,0,1,0,0,1,1,1,1,0,0,0,0.1887874938304774
1290778189e9,3592328,1,0,0,0,0,1,0,0,0,0,770,50,42,1,1,0,1,1,0,0,0,0,1,1,0,0,0,0,0,0,0,0,0,0,0.2456612137462057
232183317249e7,3586601,0,1,0,0,0,1,0,0,0,0,1140,100,42,2,2,0,1,1,0,0,1,1,1,0,1,0,1,1,1,0,0,1,0,0,0.18707729599386658
-711542336465e7,80117116,0,0,0,0,0,0,0,0,0,1,1300,90,45,1,1,0.14285715,1,1,0,0,0,0,1,0,1,1,0,0,1,0,1,0,0,0,0.1525791896914886
955076315786e6,5514212,0,1,0,0,0,0,1,0,0,0,1290,100,54,1,2,0,1,1,1,1,1,1,1,0,1,0,1,1,1,0,1,0,0,0,0.18256623211570197
415631712945e7,3595905,0,0,0,0,1,1,0,0,0,0,960,100,50,1,1,0.2857143,1,1,0,0,1,1,1,0,1,0,0,1,1,1,1,1,0,0,0.18716100643174655
-78849903027e8,10463906,0,0,1,0,0,0,0,0,0,0,3190,0,19,1,1,0,1,1,1,1,1,0,1,0,0,1,0,1,1,0,0,0,0,0,0.22625744894524313
578851727811e7,42123726,0,0,0,0,0,0,0,1,0,0,1170,100,31,1,1,0.14285715,1,1,1,1,1,1,1,0,1,0,0,1,0,0,1,0,0,0,0.23725179519110615
6.4564784843599995e+018,3592320,1,0,0,0,0,1,0,0,0,0,6970,100,49,1,1,0,1,1,0,0,0,0,1,0,1,0,0,0,1,0,1,0,0,0,0.1412977179311066
-3.0382379398599997e+018,78133029,0,1,0,0,0,0,0,0,1,0,3720,90,68,1,2,0.14285715,1,1,0,0,0,0,0,1,1,0,0,0,0,1,1,0,0,0,0.05710411449712332
-302574827196e7,80117147,1,0,0,0,0,0,0,0,0,1,2730,80,32,1,1,0,0,1,1,0,0,0,1,0,1,0,0,1,0,0,1,0,0,0,0.16692373107467243
-6.0986155100499994e+017,3595357,0,1,0,0,0,1,0,0,0,0,500,100,56,2,1,0.2857143,0,1,1,0,0,1,0,0,1,0,1,0,1,1,1,0,0,0,0.19510251509055618
30664386796e8,42123678,0,0,0,0,1,0,0,1,0,0,3470,100,53,1,1,0.2857143,1,1,0,0,1,0,1,0,1,0,0,0,1,0,1,1,0,0,0.14503762880776191
721840124734e7,5522782,1,0,0,0,0,0,1,0,0,0,4620,100,38,1,1,0.42857143,0,1,1,1,0,0,1,1,1,0,0,0,1,0,0,0,0,0,0.1457532332443756
341758632489e7,80117912,1,0,0,0,0,0,0,0,0,1,400,100,55,3,3,0.2857143,1,1,0,0,0,0,0,0,1,0,0,1,1,0,0,0,0,0,0.16702762906575824
-3.2185252315399997e+018,78134017,1,0,0,0,0,0,0,0,1,0,1750,100,43,1,2,0,1,1,1,1,0,1,1,0,1,0,0,0,0,1,1,1,0,0,0.06351276656152267
90966977169e8,80116732,0,0,0,0,1,0,0,0,0,1,1700,90,45,1,1,0.2857143,1,1,0,0,1,1,0,1,1,0,1,1,1,0,0,1,0,0,0.1429168009609711
607587916847e7,80118022,1,0,0,0,0,0,0,0,0,1,6160,80,52,2,1,1,1,1,0,0,0,0,0,0,1,0,0,1,1,0,0,0,0,0,0.11647754348488483
-193923682567e5,80118682,0,0,0,0,1,0,0,0,0,1,1400,100,58,1,1,0,1,1,0,0,1,0,0,0,1,1,0,0,1,0,0,0,0,0,0.12239231614505451
112019021596e7,10462868,0,0,0,0,1,0,0,0,0,0,770,100,27,1,2,0,1,1,0,0,0,1,1,0,1,0,0,1,0,0,0,1,1,0,0.21496190394734344
241708496184e7,42123752,1,0,0,0,0,0,0,1,0,0,1270,100,49,1,1,0,1,1,1,1,1,1,1,0,1,0,0,1,1,1,1,1,0,0,0.1983183409945173
-7.7137194714899994e+017,10463210,0,0,1,0,0,0,0,0,0,0,3180,50,23,1,1,0.71428573,0,0,1,0,1,0,1,0,1,0,0,0,1,1,0,0,1,0,0.21217341905979906
-2.8353124905400003e+018,5521160,0,0,0,0,0,0,1,0,0,0,940,100,40,1,1,0.14285715,1,1,1,0,0,0,0,0,1,0,0,1,0,1,1,1,0,0,0.16945718180186534
-125703288876e7,80116821,0,1,0,0,0,0,0,0,0,1,1970,100,43,1,1,0.5714286,1,1,0,0,0,1,0,1,1,0,1,0,1,0,1,1,0,0,0.1417328640699119
-4.4229776006200003e+018,10462428,0,0,0,1,0,0,0,0,0,0,1020,100,21,1,1,0.14285715,1,1,0,1,0,1,1,0,1,1,0,0,1,1,0,0,0,0,0.22164902405888917
5.5645825846000005e+018,3594443,0,1,0,0,0,1,0,0,0,0,860,100,48,1,1,0,1,1,0,0,1,1,1,0,1,0,0,0,0,0,1,0,1,0,0.18484304225653936
182537272126e6,80117114,0,0,0,0,0,0,0,0,0,1,330,100,45,1,2,0.14285715,1,1,0,0,0,0,1,0,1,1,0,0,1,0,1,0,0,0,0.1748690457577422
-693994328045e7,42124395,0,0,0,0,0,0,0,1,0,0,8970,100,37,1,1,0,0,1,1,0,1,1,1,0,1,0,0,1,0,0,0,0,1,0,0.17552487862758015
-8.7379664345500006e+017,78134774,0,0,0,0,1,0,0,0,1,0,5220,100,55,1,1,0.2857143,1,1,0,0,0,0,1,1,1,0,0,1,1,0,0,0,0,0,0.057994149294163765
708049588689e7,3591748,0,0,0,0,0,1,0,0,0,0,550,100,56,1,1,0.2857143,1,1,0,0,0,0,0,1,1,1,0,1,1,0,0,0,0,0,0.16561086554946125
-575619698841e7,78136383,0,0,0,1,0,0,0,0,1,0,510,80,19,1,1,0,1,1,0,0,0,0,0,0,1,0,0,0,0,1,1,0,0,0,0.05453812134236676
7.5514254119600005e+018,5521167,0,0,0,0,0,0,1,0,0,0,730,100,52,1,1,0,0,1,0,0,0,0,0,1,1,0,0,0,1,1,1,0,0,0,0.18277087083176016
756111757283e7,3595908,0,0,0,0,1,1,0,0,0,0,2820,100,46,1,1,0.14285715,1,0,1,1,0,1,1,0,1,0,0,0,1,0,1,0,0,0,0.16311088407923036
756111757283e7,3595910,0,0,0,0,1,1,0,0,0,0,6880,100,46,1,1,0.14285715,1,0,1,1,0,1,1,0,1,0,0,0,1,0,1,0,0,0,0.1465775919857074
-6.8563281302799995e+018,5523018,0,1,0,0,0,0,1,0,0,0,1090,100,34,1,1,1,0,1,1,0,0,0,1,0,1,0,0,0,1,0,1,1,0,0,0.17179619475753186
-554086236119e7,42124224,0,0,0,0,1,0,0,1,0,0,930,100,28,1,1,0,1,1,0,0,1,0,1,0,1,0,0,0,0,0,1,1,0,0,0.21484232927653862
624826599081e7,10462664,0,0,0,0,0,0,0,0,0,0,2150,100,47,1,1,0,1,1,1,0,1,0,1,1,1,0,0,0,1,1,1,0,0,0,0.16909029938405573
-917722071823e7,5524248,0,1,0,0,0,0,1,0,0,0,1040,100,43,1,2,0,1,1,1,1,0,1,1,0,1,1,0,0,1,0,0,1,1,0,0.17914858971961745
-1.3965093076099999e+018,78131753,0,1,0,0,0,0,0,0,1,0,1790,100,26,1,1,0.14285715,0,1,0,1,1,1,1,0,1,0,0,0,1,1,1,1,0,0,0.061628187300438245
-906209189113e7,78133514,0,0,0,0,1,0,0,0,1,0,330,100,27,1,1,0.14285715,1,0,0,0,1,1,1,0,1,0,0,0,1,1,0,0,0,0,0.08079680615570799
304152556131e7,78131797,0,0,0,1,0,0,0,0,1,0,950,80,31,1,1,0.14285715,1,1,0,0,0,1,1,0,1,0,0,0,0,1,1,1,0,0,0.060695083133874464
980509927612e6,80117879,0,0,0,0,1,0,0,0,0,1,1140,100,21,1,1,0,1,1,0,0,1,0,1,0,1,0,0,0,1,1,0,0,0,0,0.15283274289598414
849421861984e7,42123757,1,0,0,0,0,0,0,1,0,0,1070,100,51,1,1,0.42857143,1,1,1,1,0,1,0,0,1,0,0,0,1,1,1,0,0,0,0.17471252559146574
182537272126e6,80117113,0,0,0,0,0,0,0,0,0,1,620,100,45,1,2,0.14285715,1,1,0,0,0,0,1,0,1,1,0,0,1,0,1,0,0,0,0.16996446787961922
-7.6236955409999995e+018,78133047,0,1,0,0,0,0,0,0,1,0,4650,100,58,1,2,0.14285715,0,1,0,1,1,0,1,0,1,0,0,1,1,0,0,1,0,0,0.06562048337599433
3.0645811000199997e+018,80116933,0,0,0,0,1,0,0,0,0,1,3380,100,47,1,1,0.14285715,1,1,0,1,0,1,1,1,1,0,0,1,1,0,0,1,0,0,0.1423858951690262
-545220443978e7,78132839,0,1,0,0,0,0,0,0,1,0,1850,100,45,1,1,0.42857143,1,1,0,0,0,1,1,0,1,1,0,1,0,0,1,1,0,0,0.06328205611703733
-724465549882e7,3591768,0,0,0,0,0,1,0,0,0,0,840,50,40,1,1,0.14285715,1,0,1,1,1,0,1,1,1,0,0,1,0,0,0,0,0,0,0.22767931879600603
-1.5130568825900001e+018,78133501,0,0,0,0,1,0,0,0,1,0,460,100,37,1,2,0,1,1,0,1,0,1,1,0,1,0,0,1,1,1,1,1,0,0,0.06455256459063503
562027662395e7,78136362,0,0,0,1,0,0,0,0,1,0,1140,80,26,1,1,0,0,1,0,0,0,0,1,1,1,0,0,1,1,1,1,0,0,0,0.060417498362544446
-868450720985e7,3595825,0,0,0,1,0,1,0,0,0,0,1460,100,31,1,1,0,0,1,0,1,1,0,1,0,1,0,0,1,1,0,1,1,0,0,0.2296203314790391
107307626995e7,10462562,0,1,0,0,0,0,0,0,0,0,1020,100,41,2,3,0.14285715,1,1,0,1,0,1,1,0,1,1,0,1,0,0,0,0,1,0,0.27448491610624093
1.3952729999299999e+018,78136011,0,0,1,0,0,0,0,0,1,0,450,80,62,1,1,0.14285715,1,1,0,0,0,0,0,0,1,0,0,0,1,1,1,0,0,0,0.06971258564667954
807438452502e7,3594492,0,0,0,0,1,1,0,0,0,0,590,100,57,1,1,0.14285715,1,1,0,0,1,0,1,0,1,0,0,0,1,1,0,1,0,0,0.1790828278353078
740081187379e7,78135174,0,0,0,1,0,0,0,0,1,0,1930,70,45,1,1,1,1,0,1,0,1,1,0,0,1,0,1,1,0,0,1,1,0,0,0.07519911381428637
-694723067751e7,3592225,0,0,0,0,1,1,0,0,0,0,1170,90,32,1,1,1,1,1,1,0,0,1,0,1,1,0,0,1,1,0,0,1,0,0,0.13692709307701795
-100915251923e7,5520155,0,0,0,0,0,0,1,0,0,0,1950,100,28,1,1,0.42857143,1,0,0,1,0,1,1,0,1,1,0,1,1,1,1,0,0,0,0.2133484330991409
-3.0393028762599997e+018,42124720,0,0,0,1,0,0,0,1,0,0,2650,90,51,1,1,0,1,1,0,0,0,0,1,0,1,0,0,0,1,1,1,1,0,0,0.1653904008582333
883685898971e7,3594469,0,0,0,1,0,1,0,0,0,0,4630,100,26,1,1,0,0,1,0,0,1,1,1,0,1,0,0,1,1,1,1,0,0,0,0.17719926717553647
-255575156085e7,42123770,1,0,0,0,0,0,0,1,0,0,1720,100,55,1,1,0,1,1,1,1,0,1,1,0,1,0,0,1,0,1,1,1,0,0,0.18708420026159156
3.2359693142599997e+018,5521166,0,0,0,0,0,0,1,0,0,0,1610,100,46,1,1,0,1,1,1,0,0,0,1,0,1,0,0,0,1,1,1,0,0,0,0.16374159177862785
704754763971e7,42125992,0,1,0,0,0,0,0,1,0,0,9530,100,51,1,1,0,0,1,1,1,1,0,1,1,1,0,1,1,1,0,0,0,0,0,0.14775309613203907
-47638207477e8,3595429,0,0,0,1,0,1,0,0,0,0,480,100,43,1,1,0,1,1,0,0,0,0,1,0,1,0,0,1,1,0,1,0,0,0,0.2185450986586381
341138690149e7,78132822,0,1,0,0,0,0,0,0,1,0,2810,100,48,1,1,0,1,1,0,1,0,1,0,0,1,0,0,1,1,1,1,1,0,0,0.05830013128070434
518421321237e7,78134802,0,0,0,0,1,0,0,0,1,0,990,100,30,2,1,0.2857143,1,1,1,1,0,0,1,0,1,0,0,1,1,1,1,0,0,0,0.059786703075428715
-167974276201e6,78132982,1,0,0,0,0,0,0,0,1,0,2090,100,25,1,1,0,0,1,1,0,0,0,1,0,1,0,0,1,1,1,1,0,0,0,0.06289030549737205
1290778189e9,3592330,1,0,0,0,0,1,0,0,0,0,250,50,42,1,1,0,1,1,0,0,0,0,1,1,0,0,0,0,0,0,0,0,1,0,0.2529722189502368
386319132209e7,10462908,0,1,0,0,0,0,0,0,0,0,400,100,26,1,1,0,1,1,0,0,0,0,0,0,1,0,1,0,1,0,0,0,1,0,0.1936250746905151
1.5422555811500001e+018,78134988,0,0,0,0,1,0,0,0,1,0,1240,100,40,1,1,0.14285715,1,1,1,0,1,1,1,0,1,0,0,1,1,0,1,0,0,0,0.06342111429296543
624826599081e7,10462665,0,0,0,0,0,0,0,0,0,0,1750,100,47,1,1,0,1,1,1,0,1,0,1,1,1,0,0,0,1,1,1,0,0,0,0.17089493612725687
751275282336e7,80117629,0,0,0,1,0,0,0,0,0,1,1500,80,36,1,2,0.42857143,1,1,0,0,0,1,1,1,1,0,0,1,1,0,1,0,0,0,0.17852841023244537
