dummy_dow1,dummy_dow2,dummy_dow3,dummy_dow4,dummy_dow5,dummy_dow6,dummy_suc1,dummy_suc2,dummy_suc3,dummy_suc4,dummy_suc5,dummy_suc6,prestamo,pr_recup,edad,visit_number,faltas,dummy_prenda_tipo1,dummy_prenda_tipo2,dummy_prenda_tipo3,dummy_prenda_tipo4,dummy_prenda_tipo5,dummy_edo_civil1,dummy_edo_civil2,dummy_edo_civil3,dummy_edo_civil4,dummy_choose_same1,dummy_choose_same2,dummy_trabajo1,dummy_trabajo2,dummy_trabajo3,dummy_trabajo4,dummy_trabajo5,dummy_trabajo6,dummy_trabajo7,dummy_trabajo8,genero,pres_antes,fam_pide,fam_comun,ahorros,cta_tanda,renta,comida,medicina,luz,gas,telefono,agua,masqueprepa,estresado_seguido,pb,fb,hace_presupuesto,tentado,low_cost,low_time,dummy_choose_same3,dummy_trabajo9,pro_3,dias_al_desempenyo,tau_hat_oob$predictions,tau_hat_oob$variance.estimates,propensity_score
0,1,0,0,0,0,0,0,1,0,0,0,3170,100,74,1,0,0,0,1,0,0,0,1,0,0,0,0,0,0,0,0,1,0,0,0,1,1,1,0,1,1,0,0,0,0,0,0,0,1,0,1,0,1,0,0,0,1,0,0,34,2.701791373607732,18.463495131624256,0.42805559278993577
0,1,0,0,0,0,0,0,1,0,0,0,2500,100,74,1,0,0,0,1,0,0,0,1,0,0,0,0,0,0,0,0,1,0,0,0,1,1,1,0,1,1,0,0,0,0,0,0,0,1,0,1,0,1,0,0,0,1,0,0,62,3.1521548377373905,10.574934456545378,0.4185590166145252
0,1,0,0,0,0,0,0,1,0,0,0,2370,100,74,1,0,0,0,1,0,0,0,1,0,0,0,0,0,0,0,0,1,0,0,0,1,1,1,0,1,1,0,0,0,0,0,0,0,1,0,1,0,1,0,0,0,1,0,0,34,2.24826196653255,12.083885323315698,0.44337923570583565
0,1,0,0,0,0,0,0,1,0,0,0,3100,100,74,1,0,0,0,1,0,0,0,1,0,0,0,0,0,0,0,0,1,0,0,0,1,1,1,0,1,1,0,0,0,0,0,0,0,1,0,1,0,1,0,0,0,1,0,0,34,1.743059733845038,9.450424911359292,0.41004033709967586
0,1,0,0,0,0,0,0,1,0,0,0,4840,100,74,1,0,0,0,1,0,0,0,1,0,0,0,0,0,0,0,0,1,0,0,0,1,1,1,0,1,1,0,0,0,0,0,0,0,1,0,1,0,1,0,0,0,1,0,0,34,3.6984287791166364,22.439873077115692,0.4175063077075746
0,0,0,1,0,0,0,0,0,1,0,0,480,100,45,1,0.2857143,0,1,0,0,0,0,0,1,0,0,0,1,0,0,0,0,0,0,0,1,1,0,0,0,1,1,0,0,0,0,0,1,1,0,0,0,1,1,1,1,1,0,0,103,-10.428142078749854,105.26631000191132,0.429135694386249
0,1,0,0,0,0,0,0,0,1,0,0,300,100,35,1,0.42857143,0,0,1,0,0,0,0,1,0,0,0,0,0,0,0,0,1,0,0,1,1,0,0,0,0,1,1,0,1,0,0,0,1,0,0,1,1,1,0,1,1,0,1,58,-7.411779006926212,58.80747082852657,0.391879590894934
0,0,0,0,1,0,0,1,0,0,0,0,380,100,40,1,0.14285715,0,1,0,0,0,0,1,0,0,0,0,0,1,0,0,0,0,0,0,1,1,0,1,0,0,0,1,0,0,0,0,0,1,0,0,0,0,0,0,1,1,0,0,112,-6.880791872086711,52.23227663169513,0.5010433747395907
0,0,0,0,1,0,0,0,0,0,0,1,1500,100,24,1,0.14285715,0,1,0,0,0,0,1,0,0,0,0,1,0,0,0,0,0,0,0,0,1,1,1,0,0,0,0,0,0,0,1,0,1,0,0,0,0,1,1,0,1,0,1,25,-5.774546533618821,224.50954632082207,0.45408331038034655
0,0,0,1,0,0,1,0,0,0,0,0,2800,90,35,1,0.2857143,0,0,1,0,0,0,0,1,0,0,0,0,1,0,0,0,0,0,0,1,1,1,1,0,0,0,0,0,0,0,1,1,1,1,0,0,1,1,0,0,1,0,0,92,6.939537435348603,14.928644024293348,0.25731104641285485
0,0,0,1,0,0,1,0,0,0,0,0,3280,90,35,1,0.2857143,0,0,1,0,0,0,0,1,0,0,0,0,1,0,0,0,0,0,0,1,1,1,1,0,0,0,0,0,0,0,1,1,1,1,0,0,1,1,0,0,1,0,0,92,5.520422132036082,38.24613148924474,0.25222573252292824
0,1,0,0,0,0,0,0,1,0,0,0,690,100,38,1,0.14285715,0,0,1,0,0,1,0,0,0,0,0,0,0,0,1,0,0,0,0,1,1,1,1,0,0,0,0,0,0,0,0,1,1,0,0,0,1,1,1,0,1,0,1,44,5.17809497942243,18.968037014548337,0.47020976460401265
1,0,0,0,0,0,0,0,0,1,0,0,450,100,60,1,0,0,0,1,0,0,1,0,0,0,0,0,0,0,0,0,1,0,0,0,0,0,0,0,0,0,0,0,0,0,0,0,0,0,1,0,0,1,1,1,0,1,0,0,187,-5.016947242313385,124.3361363053057,0.4549339788072191
0,0,0,1,0,0,0,0,1,0,0,0,470,100,31,1,0,0,0,1,0,0,1,0,0,0,0,0,1,0,0,0,0,0,0,0,1,0,1,0,1,1,0,0,0,0,0,0,0,1,0,0,0,1,0,1,1,1,0,1,90,-8.33664102459548,144.42257592219264,0.4953341578656567
0,1,0,0,0,0,0,0,1,0,0,0,800,100,73,1,0,0,0,0,1,0,0,0,0,1,0,0,0,0,0,0,1,0,0,0,1,1,1,0,0,0,0,0,0,0,0,0,0,0,0,0,1,1,1,0,0,1,0,1,22,-6.737829123546841,57.19562553892823,0.5105090735155932
0,1,0,0,0,0,0,0,1,0,0,0,13220,80,63,1,0.14285715,1,0,0,0,0,0,1,0,0,0,0,0,0,0,0,1,0,0,0,1,0,0,0,0,1,0,0,0,0,0,1,0,1,0,0,0,1,0,1,1,1,0,1,62,-6.435281027929644,20.103339478641516,0.46878356932073206
1,0,0,0,0,0,0,0,1,0,0,0,1000,100,25,1,0.14285715,1,0,0,0,0,0,1,0,0,0,0,0,0,0,0,0,1,0,0,0,1,0,0,1,0,0,0,0,0,0,1,0,1,0,0,0,1,1,1,0,1,0,1,9,-21.733048745367675,150.5642118840977,0.4971364160175281
0,0,0,1,0,0,0,0,0,0,0,1,880,100,55,1,0,0,0,1,0,0,0,1,0,0,0,0,0,0,0,0,1,0,0,0,0,1,0,0,1,1,0,0,0,0,0,0,0,1,0,0,0,1,1,0,0,1,0,1,106,-3.3941877356491634,110.29822040154178,0.48305367612045885
0,0,0,1,0,0,0,0,0,0,0,1,840,100,55,1,0,0,0,1,0,0,0,1,0,0,0,0,0,0,0,0,1,0,0,0,0,1,0,0,1,1,0,0,0,0,0,0,0,1,0,0,0,1,1,0,0,1,0,1,106,-3.0502845430592282,58.75152727170484,0.4840027943132715
0,0,0,0,0,1,0,0,0,0,0,1,710,100,55,6,0,0,0,1,0,0,0,1,0,0,0,0,0,0,0,0,1,0,0,0,0,1,0,0,0,0,0,0,0,0,0,0,0,1,0,0,0,1,1,0,0,1,0,1,108,-4.373363804066136,53.76360601409361,0.5119134698955105
0,0,0,0,0,1,0,0,0,0,0,1,580,100,55,6,0,0,0,1,0,0,0,1,0,0,0,0,0,0,0,0,1,0,0,0,0,1,0,0,0,0,0,0,0,0,0,0,0,1,0,0,0,1,1,0,0,1,0,1,108,-3.767045785916187,39.52474379085862,0.5030737502522116
0,0,0,0,0,1,0,0,0,0,0,1,350,100,55,6,0,0,0,1,0,0,0,1,0,0,0,0,0,0,0,0,1,0,0,0,0,1,0,0,0,0,0,0,0,0,0,0,0,1,0,0,0,1,1,0,0,1,0,1,108,-3.5802169749351975,64.70121850249566,0.5034290820675001
0,0,0,0,0,1,0,0,1,0,0,0,1010,70,39,1,0.42857143,0,1,0,0,0,0,1,0,0,0,0,1,0,0,0,0,0,0,0,1,1,1,1,1,1,0,0,0,1,1,1,0,1,1,1,0,0,0,1,1,1,0,1,91,1.0102826156730187,127.82294279825952,0.5764849393168006
0,0,0,0,1,0,1,0,0,0,0,0,2370,100,47,1,0,0,0,1,0,0,0,0,0,1,0,0,0,0,1,0,0,0,0,0,1,1,0,0,0,0,0,0,0,0,0,0,0,0,0,0,0,1,1,0,0,1,0,1,12,-0.4326906110336072,37.17958660564068,0.295866809946425
0,0,1,0,0,0,0,0,0,0,0,1,1640,100,33,1,0,0,1,0,0,0,0,1,0,0,0,0,1,0,0,0,0,0,0,0,0,1,0,1,1,0,0,0,0,0,0,0,0,1,0,0,0,0,0,1,1,1,0,1,91,-5.694556551986992,127.85747328404615,0.5862837946460577
0,0,0,0,0,1,1,0,0,0,0,0,8010,100,22,1,0.14285715,0,1,0,0,0,0,1,0,0,0,0,0,0,0,0,0,1,0,0,1,1,0,1,1,0,0,0,1,0,0,0,0,1,0,0,0,1,1,1,0,1,0,0,90,-10.946194276644515,80.86928248956738,0.30899148592949455
0,1,0,0,0,0,0,0,0,1,0,0,2380,100,46,1,0,0,0,1,0,0,1,0,0,0,0,0,0,0,1,0,0,0,0,0,1,0,1,1,0,0,0,0,0,0,0,0,0,0,0,1,0,1,0,1,0,1,0,1,149,9.887725553692913,69.66774837425407,0.47257625761764166
0,1,0,0,0,0,0,0,0,1,0,0,2310,100,46,1,0,0,0,1,0,0,1,0,0,0,0,0,0,0,1,0,0,0,0,0,1,0,1,1,0,0,0,0,0,0,0,0,0,0,0,1,0,1,0,1,0,1,0,1,86,13.740751021793509,81.5943255757601,0.4620845611405488
0,0,0,0,0,1,0,0,0,0,0,1,3460,100,80,1,0,0,0,1,0,0,1,0,0,0,0,0,0,0,0,0,1,0,0,0,0,1,0,0,1,0,0,0,0,0,0,0,0,1,0,0,0,1,0,1,1,1,0,1,94,2.8517437295135357,122.11878550573516,0.469980763946799
0,0,0,0,0,1,0,0,0,1,0,0,5660,100,32,1,0,0,0,1,0,0,0,1,0,0,0,0,1,0,0,0,0,0,0,0,0,1,0,0,1,1,0,0,0,0,0,0,0,1,0,0,0,0,1,1,1,1,0,0,63,-12.530112944717414,161.591747242605,0.356424462671361
0,0,0,0,0,1,0,0,0,1,0,0,3060,100,32,1,0,0,0,1,0,0,0,1,0,0,0,0,1,0,0,0,0,0,0,0,0,1,0,0,1,1,0,0,0,0,0,0,0,1,0,0,0,0,1,1,1,1,0,0,189,-7.227516087347447,87.07879601900797,0.3570483959088561
0,0,0,0,0,1,0,0,0,1,0,0,2190,100,32,1,0,0,0,1,0,0,0,1,0,0,0,0,1,0,0,0,0,0,0,0,0,1,0,0,1,1,0,0,0,0,0,0,0,1,0,0,0,0,1,1,1,1,0,0,189,-8.275625592711851,97.55892161178053,0.3663263872477492
0,0,0,0,1,0,0,1,0,0,0,0,1500,90,22,2,0,0,1,0,0,0,1,0,0,0,0,0,0,0,1,0,0,0,0,0,1,1,0,1,1,0,0,0,0,0,0,0,0,1,0,0,0,1,1,0,1,1,0,0,169,-6.948224143187492,220.31189515110407,0.4819554439667885
0,0,1,0,0,0,0,0,0,1,0,0,1690,100,50,1,0,0,1,0,0,0,1,0,0,0,0,0,0,0,1,0,0,0,0,0,1,0,1,1,1,0,0,0,0,0,0,0,0,1,0,0,0,0,1,1,1,1,0,0,36,3.468938944271123,64.93268354792119,0.5525526307478247
0,0,1,0,0,0,0,0,0,1,0,0,2680,100,50,1,0,0,1,0,0,0,1,0,0,0,0,0,0,0,1,0,0,0,0,0,1,0,1,1,1,0,0,0,0,0,0,0,0,1,0,0,0,0,1,1,1,1,0,0,38,4.982744585551121,93.4278979104906,0.5404691734870772
0,0,0,1,0,0,0,0,0,0,0,1,330,100,26,1,0,0,1,0,0,0,1,0,0,0,0,0,1,0,0,0,0,0,0,0,0,0,0,1,0,1,0,0,0,0,0,0,0,1,0,0,0,1,1,1,1,1,0,0,1,-13.836981806554975,179.45163795981213,0.44917451184449275
0,0,0,0,1,0,0,0,0,0,1,0,1200,100,54,1,0.2857143,0,1,0,0,0,0,1,0,0,0,0,0,0,1,0,0,0,0,0,1,1,0,0,0,0,0,0,0,1,0,0,1,0,0,0,0,0,0,1,1,1,0,0,132,-12.308031934783301,67.91302952656712,0.367295073639572
0,0,0,0,1,0,1,0,0,0,0,0,2800,100,58,1,0,0,0,1,0,0,1,0,0,0,0,0,1,0,0,0,0,0,0,0,1,1,0,1,1,0,0,0,0,0,0,0,0,1,0,0,0,1,0,1,0,1,0,0,90,10.40821894212014,24.15563067969763,0.31286518307194655
0,0,1,0,0,0,0,0,1,0,0,0,1980,100,33,1,0,0,0,1,0,0,1,0,0,0,0,0,1,0,0,0,0,0,0,0,1,1,0,0,1,1,0,0,0,0,0,0,0,1,0,0,0,1,0,1,1,1,0,1,75,-1.50789326598917,76.60253105893449,0.6226911266124231
0,0,0,0,0,1,0,0,1,0,0,0,2000,100,39,1,0,0,1,0,0,0,1,0,0,0,0,0,1,0,0,0,0,0,0,0,0,1,0,0,1,0,0,0,0,0,0,0,0,1,0,0,0,1,0,1,1,1,0,0,7,-12.319619029177098,55.721951111060235,0.6283031702375886
0,1,0,0,0,0,0,0,0,1,0,0,3030,100,64,2,0.42857143,0,0,1,0,0,1,0,0,0,0,0,0,1,0,0,0,0,0,0,0,1,0,0,0,1,0,0,0,1,1,0,1,0,1,0,0,0,0,1,1,1,0,0,59,3.5064365339145542,87.27635626363173,0.4310324366432878
0,0,0,0,1,0,1,0,0,0,0,0,2810,90,52,1,0,0,0,0,1,0,0,0,0,1,0,0,1,0,0,0,0,0,0,0,1,1,0,0,0,0,0,0,0,0,0,0,0,1,1,0,0,1,1,1,1,1,0,0,112,-10.752322695669232,35.8337696607649,0.3213197890426224
1,0,0,0,0,0,0,0,0,0,1,0,330,90,47,1,0.14285715,0,0,1,0,0,0,0,1,0,0,0,0,0,1,0,0,0,0,0,1,1,0,0,0,1,0,0,1,0,0,0,0,1,0,0,0,0,1,0,1,1,0,0,205,-8.486683932964619,203.71514397713358,0.3270972986469274
0,1,0,0,0,0,0,0,0,0,0,1,660,100,28,1,0.14285715,1,0,0,0,0,1,0,0,0,0,0,1,0,0,0,0,0,0,0,0,0,1,0,0,1,0,0,0,1,0,0,0,1,0,0,1,1,1,0,0,1,0,0,202,-15.422629859399967,121.71269433349184,0.3969531534789891
0,1,0,0,0,0,0,0,0,0,0,1,690,100,28,1,0.14285715,1,0,0,0,0,1,0,0,0,0,0,1,0,0,0,0,0,0,0,0,0,1,0,0,1,0,0,0,1,0,0,0,1,0,0,1,1,1,0,0,1,0,0,202,-15.571079413842359,108.1634576567323,0.3997511887215888
0,1,0,0,0,0,0,0,0,0,0,1,610,100,28,1,0.14285715,1,0,0,0,0,1,0,0,0,0,0,1,0,0,0,0,0,0,0,0,0,1,0,0,1,0,0,0,1,0,0,0,1,0,0,1,1,1,0,0,1,0,0,202,-16.4083135294771,118.04022022012825,0.39770411053314436
1,0,0,0,0,0,0,0,0,0,1,0,1830,100,18,1,0.85714287,1,0,0,0,0,1,0,0,0,0,0,0,0,1,0,0,0,0,0,1,1,1,0,1,0,1,1,1,1,1,1,0,1,0,0,0,1,0,0,1,1,0,0,185,-19.830220584802774,132.286846996943,0.3715637689402685
0,0,1,0,0,0,0,0,0,1,0,0,1460,70,22,2,0,0,1,0,0,0,0,1,0,0,0,0,0,0,0,0,0,1,0,0,1,0,0,0,0,0,0,0,0,0,0,0,0,1,0,1,0,0,0,1,1,1,0,0,160,-16.91646350168671,73.29946443452582,0.5379884015847568
0,0,0,0,0,1,0,0,0,1,0,0,4200,100,20,1,0,0,0,1,0,0,0,1,0,0,0,0,0,1,0,0,0,0,0,0,0,1,0,0,1,0,0,0,0,0,0,0,0,1,0,0,0,0,1,0,1,1,0,0,149,-14.733103771825583,221.7906128851513,0.38464257115786793
1,0,0,0,0,0,0,0,0,0,1,0,1300,100,50,3,0.2857143,0,0,1,0,0,0,1,0,0,0,0,1,0,0,0,0,0,0,0,1,1,1,1,0,0,1,0,0,0,0,1,0,1,0,0,0,1,1,0,0,1,0,0,147,3.2241000001813225,127.60704299308222,0.3370446968690792
0,0,0,0,1,0,1,0,0,0,0,0,1620,100,41,1,0,0,0,1,0,0,0,1,0,0,0,0,1,0,0,0,0,0,0,0,1,1,0,0,1,1,0,0,0,0,0,0,0,1,0,0,0,1,1,0,0,1,0,0,186,-2.7844818374369833,67.92721291301592,0.29630760471181095
0,0,0,0,1,0,0,0,0,1,0,0,1090,100,26,1,0.14285715,0,1,0,0,0,1,0,0,0,0,0,1,0,0,0,0,0,0,0,1,1,0,0,0,0,1,0,0,0,0,0,0,0,0,0,0,1,1,1,0,1,0,1,96,-18.407592024460683,110.61505458246707,0.45453236332187147
0,0,0,0,0,1,0,0,0,0,0,1,1060,100,64,1,0.14285715,0,1,0,0,0,0,1,0,0,0,0,0,0,1,0,0,0,0,0,1,1,0,0,1,1,0,0,1,0,0,0,0,1,1,0,0,1,0,0,1,1,0,1,42,-10.205598563507507,138.28194711393454,0.4758064469430414
1,0,0,0,0,0,0,0,0,1,0,0,4120,100,45,1,0,0,1,0,0,0,1,0,0,0,0,0,0,1,0,0,0,0,0,0,1,1,1,0,1,0,0,0,0,0,0,0,0,1,0,0,0,1,1,0,1,1,0,1,58,-14.960283092252242,95.97090880825243,0.437181564154378
0,1,0,0,0,0,0,0,0,1,0,0,4240,100,27,1,0,0,1,0,0,0,1,0,0,0,0,0,0,0,0,0,0,1,0,0,1,1,0,0,1,1,0,0,0,0,0,0,0,1,0,0,1,1,0,1,1,1,0,0,169,-14.075764637846719,177.17437644129896,0.41296550204763766
0,1,0,0,0,0,0,0,0,0,0,1,4350,50,51,1,1,0,1,0,0,0,0,1,0,0,0,0,0,1,0,0,0,0,0,0,1,1,1,0,0,1,1,1,1,1,1,1,1,1,0,0,0,1,1,0,0,1,0,1,99,-8.876777701645988,104.70643674086843,0.4332321003074746
0,0,0,0,1,0,0,0,1,0,0,0,1000,80,46,1,0,0,1,0,0,0,1,0,0,0,0,0,0,1,0,0,0,0,0,0,1,1,0,0,1,0,0,0,0,0,0,0,0,1,0,0,0,1,1,1,1,1,0,1,26,-6.981607618309653,69.39608338700896,0.6112153728599288
0,0,0,1,0,0,0,0,0,0,1,0,1610,100,43,1,0,1,0,0,0,0,0,1,0,0,0,0,1,0,0,0,0,0,0,0,1,0,0,0,1,1,0,0,0,0,0,0,0,0,1,0,0,0,1,1,0,1,0,0,181,-9.920984200227885,45.836766285389196,0.38684279659251397
1,0,0,0,0,0,0,0,1,0,0,0,1060,100,42,1,0.14285715,0,1,0,0,0,1,0,0,0,0,0,0,0,1,0,0,0,0,0,1,1,1,1,0,0,0,0,0,0,0,1,0,1,0,0,0,1,1,1,1,1,0,0,93,-6.261332166089978,181.9740576972948,0.5871212519313419
0,0,0,1,0,0,0,0,1,0,0,0,690,80,37,1,0,0,1,0,0,0,0,1,0,0,0,0,0,0,1,0,0,0,0,0,1,0,0,0,0,0,0,0,0,0,0,0,0,1,1,0,0,1,1,0,0,1,0,1,85,-13.96885179540548,23.845070016782923,0.48353726910396255
0,0,0,0,0,1,1,0,0,0,0,0,1020,100,56,2,0,0,0,1,0,0,1,0,0,0,0,0,0,1,0,0,0,0,0,0,1,1,0,0,0,0,0,0,0,0,0,0,0,1,1,0,0,0,1,0,0,1,0,0,97,-0.8665093806230235,48.16506095525715,0.23304749455966275
0,0,0,0,0,1,1,0,0,0,0,0,3390,100,56,2,0,0,0,1,0,0,1,0,0,0,0,0,0,1,0,0,0,0,0,0,1,1,0,0,0,0,0,0,0,0,0,0,0,1,1,0,0,0,1,0,0,1,0,0,97,3.606371401948994,38.43331979553256,0.2441346564869296
1,0,0,0,0,0,0,0,0,1,0,0,3560,100,42,1,0,0,0,1,0,0,1,0,0,0,0,0,0,1,0,0,0,0,0,0,1,1,0,0,1,1,0,0,0,0,0,0,0,0,0,0,0,1,0,1,1,1,0,1,67,-6.4809097960528135,125.55788118793025,0.44827197338999886
1,0,0,0,0,0,0,0,0,1,0,0,1970,90,28,1,0.14285715,0,0,1,0,0,1,0,0,0,0,0,0,0,1,0,0,0,0,0,1,1,0,0,1,0,0,0,1,0,0,0,0,1,0,0,1,0,1,1,1,1,0,0,103,-16.94540128031804,257.56340124454664,0.388911345358326
0,1,0,0,0,0,0,0,1,0,0,0,1440,100,61,1,0,0,0,0,0,1,1,0,0,0,0,0,0,0,1,0,0,0,0,0,1,1,0,0,0,1,0,0,0,0,0,0,0,0,0,0,0,0,0,1,1,1,0,1,91,-2.039231127384106,88.59238555400778,0.5284931039342428
0,0,1,0,0,0,0,0,1,0,0,0,950,100,28,1,0,0,1,0,0,0,1,0,0,0,0,0,1,0,0,0,0,0,0,0,1,1,0,0,0,0,0,0,0,0,0,0,0,0,0,0,0,0,1,1,1,1,0,1,89,-18.48128970104716,147.49895392367787,0.6268528110349808
0,0,0,1,0,0,1,0,0,0,0,0,1610,100,28,1,0,0,1,0,0,0,1,0,0,0,0,0,0,1,0,0,0,0,0,0,0,1,1,0,1,1,0,0,0,0,0,0,0,1,0,0,0,1,1,0,1,1,0,1,102,-18.897257900825895,105.72081612578715,0.29579972919417546
0,1,0,0,0,0,0,0,1,0,0,0,3160,100,51,1,0,0,0,1,0,0,1,0,0,0,0,0,1,0,0,0,0,0,0,0,0,1,1,1,1,1,0,0,0,0,0,0,0,0,0,0,0,0,1,0,1,1,0,0,45,12.521315639190956,74.18153090956591,0.5555838826669013
0,0,0,1,0,0,0,0,1,0,0,0,1020,100,55,1,0.14285715,0,0,1,0,0,1,0,0,0,0,0,0,0,0,0,1,0,0,0,1,1,1,1,1,0,0,0,1,0,0,0,0,1,0,0,0,0,1,1,1,1,0,0,98,6.412912911696631,92.88701975978967,0.5800999896167923
1,0,0,0,0,0,0,0,0,0,1,0,1740,100,50,1,0.14285715,0,0,1,0,0,1,0,0,0,0,0,1,0,0,0,0,0,0,0,1,1,0,0,1,1,0,0,1,0,0,0,0,0,0,0,0,0,0,1,0,1,0,0,91,-8.192128983989749,123.1676404158831,0.3566274789289745
0,0,1,0,0,0,0,0,1,0,0,0,1000,100,74,1,0,0,0,1,0,0,0,0,0,1,0,0,0,0,1,0,0,0,0,0,1,1,1,0,0,0,0,0,0,0,0,0,0,1,0,0,0,1,0,1,1,1,0,0,40,-3.4749335554360052,75.28894971964141,0.6112471257472349
1,0,0,0,0,0,0,0,0,0,1,0,1830,100,29,1,0,0,1,0,0,0,1,0,0,0,0,0,0,0,1,0,0,0,0,0,1,1,0,1,1,0,0,0,0,0,0,0,0,0,0,0,0,1,0,1,0,1,0,0,229,-8.341298979149188,126.28204171210308,0.37176144420179
0,0,1,0,0,0,0,0,1,0,0,0,5890,90,61,1,0.14285715,0,0,1,0,0,1,0,0,0,0,0,0,0,0,0,1,0,0,0,0,0,0,0,0,0,0,0,0,0,0,1,0,0,0,0,0,1,0,0,0,1,0,0,42,2.3539825333855733,100.80977166357597,0.5280666697307811
0,0,0,0,0,1,0,0,0,1,0,0,350,100,42,1,0,0,0,1,0,0,1,0,0,0,0,0,1,0,0,0,0,0,0,0,1,1,0,0,0,1,0,0,0,0,0,0,0,1,0,1,0,1,0,1,1,1,0,0,32,-2.3993291052873995,76.388534774207,0.4006908462703154
0,0,0,1,0,0,0,0,0,1,0,0,4970,100,64,1,0,0,0,1,0,0,1,0,0,0,0,0,0,0,1,0,0,0,0,0,1,1,0,0,0,0,0,0,0,0,0,0,0,0,0,0,0,1,0,1,1,1,0,1,90,2.4758855234468267,83.27863365373412,0.4195904532242391
0,0,1,0,0,0,0,0,1,0,0,0,610,100,33,1,0.14285715,0,1,0,0,0,1,0,0,0,0,0,0,1,0,0,0,0,0,0,1,1,0,0,0,0,0,0,0,1,0,0,0,1,0,0,0,1,1,1,1,1,0,0,91,-13.60965026097428,84.82694963658567,0.6373919676000165
0,0,1,0,0,0,0,1,0,0,0,0,1210,100,34,1,0,0,1,0,0,0,0,1,0,0,0,0,1,0,0,0,0,0,0,0,1,1,0,0,1,0,0,0,0,0,0,0,0,1,0,0,0,1,0,1,1,1,0,1,94,-16.575382229084514,61.40049891455167,0.6234189648902007
0,0,1,0,0,0,0,1,0,0,0,0,1390,100,34,1,0,0,0,1,0,0,0,1,0,0,0,0,1,0,0,0,0,0,0,0,1,1,0,0,1,0,0,0,0,0,0,0,0,1,0,0,0,1,0,1,1,1,0,1,94,-9.02656885832708,59.03626553922647,0.6217829959302394
0,0,1,0,0,0,0,1,0,0,0,0,1200,100,34,1,0,0,0,1,0,0,0,1,0,0,0,0,1,0,0,0,0,0,0,0,1,1,0,0,1,0,0,0,0,0,0,0,0,1,0,0,0,1,0,1,1,1,0,1,94,-8.55818634708448,71.57053606108606,0.6330416921250623
1,0,0,0,0,0,0,0,0,0,0,1,2000,100,38,1,0.2857143,1,0,0,0,0,1,0,0,0,0,0,1,0,0,0,0,0,0,0,0,1,0,1,0,0,0,0,0,0,1,1,0,1,0,0,0,1,1,1,1,1,0,0,18,-5.774831272502703,266.62757899039894,0.4654098352765836
1,0,0,0,0,0,0,0,0,0,1,0,640,100,60,1,0.14285715,0,0,1,0,0,1,0,0,0,0,0,1,0,0,0,0,0,0,0,1,1,0,0,0,0,0,0,0,0,0,1,0,1,1,0,0,1,1,0,0,1,0,0,74,-11.069533894451384,108.85086191507762,0.31749821296496794
1,0,0,0,0,0,0,0,0,0,0,1,2660,100,61,1,0,0,0,1,0,0,0,0,1,0,0,0,0,0,1,0,0,0,0,0,1,0,0,0,0,0,0,0,0,0,0,0,0,0,0,0,0,0,1,1,1,1,0,0,47,-11.564130754195835,221.67499840168085,0.49011242406409816
0,1,0,0,0,0,0,0,0,1,0,0,35100,100,35,1,0,0,0,1,0,0,1,0,0,0,0,0,0,1,0,0,0,0,0,0,0,1,0,0,1,0,0,0,0,0,0,0,0,1,0,0,0,1,1,1,1,1,0,0,30,-2.8992475263148862,115.98301834199357,0.4204849277777535
0,1,0,0,0,0,0,0,0,1,0,0,1790,90,27,1,0,0,0,1,0,0,1,0,0,0,0,0,0,1,0,0,0,0,0,0,1,1,0,0,1,0,0,0,0,0,0,0,0,1,0,0,0,0,1,1,1,1,0,1,91,-12.556389850206276,275.12032765914813,0.3519590730477721
0,0,0,1,0,0,0,0,0,1,0,0,2920,100,58,1,0,0,0,1,0,0,1,0,0,0,0,0,0,0,1,0,0,0,0,0,1,1,0,0,1,0,0,0,0,0,0,0,0,0,1,0,0,1,0,1,1,1,0,1,193,-3.100693178032174,100.52558617794853,0.42565922262295963
0,1,0,0,0,0,0,0,1,0,0,0,3190,100,45,1,0.2857143,0,0,1,0,0,0,0,1,0,0,0,1,0,0,0,0,0,0,0,1,1,0,0,0,1,0,0,1,0,0,0,1,1,0,1,0,1,0,1,1,1,0,1,76,-0.3513783830460436,110.69174750141276,0.48794045114953294
0,0,1,0,0,0,1,0,0,0,0,0,400,90,41,2,0,0,0,1,0,0,0,1,0,0,0,0,1,0,0,0,0,0,0,0,1,1,0,0,0,0,0,0,0,0,0,0,0,1,1,0,0,0,0,0,0,1,0,0,89,-4.883191645239383,78.28942495912429,0.18198844878014367
0,0,1,0,0,0,1,0,0,0,0,0,370,90,41,2,0,0,0,1,0,0,0,1,0,0,0,0,1,0,0,0,0,0,0,0,1,1,0,0,0,0,0,0,0,0,0,0,0,1,1,0,0,0,0,0,0,1,0,0,89,-3.738680829971016,70.26566462119162,0.1830150459582666
0,0,1,0,0,0,1,0,0,0,0,0,490,90,41,2,0,0,0,1,0,0,0,1,0,0,0,0,1,0,0,0,0,0,0,0,1,1,0,0,0,0,0,0,0,0,0,0,0,1,1,0,0,0,0,0,0,1,0,0,89,-2.5207724895904904,93.51376772176735,0.18827285444399106
0,0,1,0,0,0,1,0,0,0,0,0,350,90,41,2,0,0,0,1,0,0,0,1,0,0,0,0,1,0,0,0,0,0,0,0,1,1,0,0,0,0,0,0,0,0,0,0,0,1,1,0,0,0,0,0,0,1,0,0,89,-4.134233872014083,54.56297164367361,0.1856066807296891
0,0,1,0,0,0,1,0,0,0,0,0,520,90,41,2,0,0,0,1,0,0,0,1,0,0,0,0,1,0,0,0,0,0,0,0,1,1,0,0,0,0,0,0,0,0,0,0,0,1,1,0,0,0,0,0,0,1,0,0,89,-3.661531575410019,25.885744423363093,0.1906805926202174
0,0,0,0,0,1,1,0,0,0,0,0,2520,100,47,1,0,0,0,1,0,0,1,0,0,0,0,0,1,0,0,0,0,0,0,0,0,1,0,0,1,1,0,0,0,0,0,0,0,0,0,0,0,1,1,1,1,1,0,0,95,2.255962288358582,166.08800235968823,0.32348566641007387
0,1,0,0,0,0,0,0,1,0,0,0,2750,80,39,1,0.14285715,0,1,0,0,0,1,0,0,0,0,0,0,0,1,0,0,0,0,0,1,1,0,0,0,0,0,0,0,0,0,1,0,1,0,0,0,1,0,1,1,1,0,0,104,-4.639690706520292,124.94044842973071,0.5247180986014565
0,1,0,0,0,0,0,0,1,0,0,0,1790,80,39,1,0.14285715,0,1,0,0,0,1,0,0,0,0,0,0,0,1,0,0,0,0,0,1,1,0,0,0,0,0,0,0,0,0,1,0,1,0,0,0,1,0,1,1,1,0,0,104,-6.273475424878073,109.74893357286166,0.5515397574732132
0,0,1,0,0,0,0,1,0,0,0,0,1270,100,48,1,0,0,1,0,0,0,1,0,0,0,0,0,1,0,0,0,0,0,0,0,0,1,0,0,1,1,0,0,0,0,0,0,0,1,0,0,1,0,0,0,0,1,0,1,90,-7.8873257536843795,127.01938266693762,0.6272577717961548
0,0,1,0,0,0,0,1,0,0,0,0,2920,100,48,1,0,0,1,0,0,0,1,0,0,0,0,0,1,0,0,0,0,0,0,0,0,1,0,0,1,1,0,0,0,0,0,0,0,1,0,0,1,0,0,0,0,1,0,1,90,-6.702535370409373,32.831442121889765,0.5973783779004661
0,0,1,0,0,0,0,1,0,0,0,0,2080,100,48,1,0,0,1,0,0,0,1,0,0,0,0,0,1,0,0,0,0,0,0,0,0,1,0,0,1,1,0,0,0,0,0,0,0,1,0,0,1,0,0,0,0,1,0,1,90,-6.387025778167575,81.77227179729671,0.6171091152768449
0,0,1,0,0,0,0,1,0,0,0,0,1640,100,48,1,0,0,1,0,0,0,1,0,0,0,0,0,1,0,0,0,0,0,0,0,0,1,0,0,1,1,0,0,0,0,0,0,0,1,0,0,1,0,0,0,0,1,0,1,90,-7.435133549271684,40.01723275704015,0.6084217545185929
0,0,0,0,1,0,0,1,0,0,0,0,950,100,30,1,0,1,0,0,0,0,1,0,0,0,0,0,1,0,0,0,0,0,0,0,1,1,1,0,1,1,0,0,0,0,0,0,0,1,0,1,0,1,1,0,0,1,0,0,176,-12.546422415753481,136.13515847458663,0.4755309149160718
0,0,0,0,1,0,0,1,0,0,0,0,1290,50,40,1,0.14285715,0,0,1,0,0,1,0,0,0,0,0,1,0,0,0,0,0,0,0,1,1,0,1,0,1,0,0,0,0,0,1,0,1,1,0,0,0,1,0,0,1,0,1,202,7.687785874480526,35.26098061456874,0.5012323954827589
0,0,0,0,1,0,0,1,0,0,0,0,2670,50,40,1,0.14285715,0,0,1,0,0,1,0,0,0,0,0,1,0,0,0,0,0,0,0,1,1,0,1,0,1,0,0,0,0,0,1,0,1,1,0,0,0,1,0,0,1,0,1,202,11.688331441316732,72.24602016616909,0.5161376331160742
0,0,0,0,1,0,0,1,0,0,0,0,3070,50,40,1,0.14285715,0,0,1,0,0,1,0,0,0,0,0,1,0,0,0,0,0,0,0,1,1,0,1,0,1,0,0,0,0,0,1,0,1,1,0,0,0,1,0,0,1,0,1,202,11.361369894959804,67.42353110877222,0.49651744986328006
0,0,0,0,1,0,0,0,0,1,0,0,2340,100,60,2,0,0,1,0,0,0,0,1,0,0,0,0,0,0,1,0,0,0,0,0,1,1,1,0,0,0,0,0,0,0,0,0,0,1,0,0,0,1,0,1,1,1,0,0,92,-9.815048642969309,26.186172582719507,0.4179264404983566
0,1,0,0,0,0,0,0,1,0,0,0,900,100,46,1,0,0,1,0,0,0,1,0,0,0,0,0,1,0,0,0,0,0,0,0,1,1,0,0,1,0,0,0,0,0,0,0,0,1,0,0,0,1,0,1,1,1,0,1,20,-6.857904937142113,129.1011685083882,0.6048660364455499
0,0,0,1,0,0,0,0,1,0,0,0,4770,100,28,1,0,0,0,1,0,0,0,1,0,0,0,0,1,0,0,0,0,0,0,0,1,1,1,1,1,1,0,0,0,0,0,0,0,1,0,0,0,1,1,0,0,1,0,0,97,0.6697585120632247,87.10717400195745,0.4611703291116873
0,0,1,0,0,0,0,0,0,1,0,0,1900,100,45,2,0.42857143,0,0,1,0,0,1,0,0,0,0,0,1,0,0,0,0,0,0,0,0,1,1,1,0,1,0,0,0,1,0,1,1,1,0,0,0,1,1,0,0,1,0,1,187,8.826653927720983,116.4113304358814,0.5141235715970548
0,0,0,0,1,0,0,0,1,0,0,0,1000,100,57,1,0,0,1,0,0,0,1,0,0,0,0,0,0,1,0,0,0,0,0,0,0,1,0,0,0,0,0,0,0,0,0,0,0,0,0,0,0,1,1,0,1,1,0,1,31,-7.429951864150605,35.96525131202092,0.544261326566505
0,0,1,0,0,0,0,0,0,0,0,1,3500,100,77,1,0,0,0,1,0,0,1,0,0,0,0,0,0,0,0,0,1,0,0,0,1,1,0,1,0,0,0,0,0,0,0,0,0,1,1,0,0,1,1,1,0,1,0,0,58,10.839464800208336,102.277402835703,0.5162914871761273
1,0,0,0,0,0,0,1,0,0,0,0,440,100,61,1,0,0,1,0,0,0,0,0,0,1,0,0,0,0,1,0,0,0,0,0,1,1,0,0,1,0,0,0,0,0,0,0,0,0,0,0,0,0,0,0,1,1,0,1,71,-18.65402437110883,34.55977057482784,0.4794463934142428
0,0,0,0,0,1,0,0,0,1,0,0,2590,60,18,1,0,0,0,1,0,0,0,1,0,0,0,0,0,0,0,0,0,1,0,0,1,1,0,0,0,0,0,0,0,0,0,0,0,1,0,1,0,0,1,0,0,1,0,0,105,-12.736793009705837,175.79441425953473,0.4188142375257498
0,0,0,1,0,0,0,0,1,0,0,0,5800,100,21,1,0,0,1,0,0,0,1,0,0,0,0,0,1,0,0,0,0,0,0,0,1,1,0,0,0,1,0,0,0,0,0,0,0,1,0,0,0,1,0,1,1,1,0,1,82,-13.966239957371869,221.35861622663046,0.44295326968724863
0,1,0,0,0,0,0,0,0,0,1,0,970,100,46,1,0,0,0,1,0,0,0,0,1,0,0,0,0,0,1,0,0,0,0,0,1,0,0,0,1,0,0,0,0,0,0,0,0,1,0,1,0,1,1,1,1,1,0,0,90,-4.634115408231821,29.347586218895287,0.39400432633012306
1,0,0,0,0,0,0,0,0,1,0,0,230,100,33,1,0,0,1,0,0,0,1,0,0,0,0,0,1,0,0,0,0,0,0,0,0,1,0,0,0,0,0,0,0,0,0,0,0,1,0,0,0,1,1,1,1,1,0,1,47,-17.368761907504645,116.28517369131119,0.42767093873031553
0,0,0,0,1,0,0,0,0,1,0,0,1460,60,45,1,0.71428573,0,1,0,0,0,0,1,0,0,0,0,0,0,1,0,0,0,0,0,1,1,1,1,0,1,0,1,1,1,1,1,0,0,1,0,0,0,0,1,1,1,0,1,182,-2.5626828495461123,72.2021225749234,0.4694469425314598
0,0,0,1,0,0,0,0,0,1,0,0,7260,100,53,1,0,0,0,1,0,0,0,1,0,0,0,0,1,0,0,0,0,0,0,0,1,1,0,0,0,0,0,0,0,0,0,0,0,1,0,0,0,1,1,1,1,1,0,0,91,-3.1344694394110064,80.70075597297873,0.39271753815196153
0,0,0,0,0,1,0,0,0,0,1,0,1060,100,37,1,0,0,0,1,0,0,1,0,0,0,0,0,0,0,1,0,0,0,0,0,1,1,1,1,0,1,0,0,0,0,0,0,0,0,0,0,0,1,1,0,0,1,0,1,175,3.240761772737342,46.874874466555156,0.3291689692149332
1,0,0,0,0,0,0,0,1,0,0,0,1020,100,38,1,0,0,1,0,0,0,0,1,0,0,0,0,1,0,0,0,0,0,0,0,1,1,1,1,0,1,0,0,0,0,0,0,0,1,1,1,0,1,0,0,0,1,0,0,92,-8.91647195389794,200.57244478488695,0.5411047592132953
0,0,0,1,0,0,0,0,1,0,0,0,4270,100,54,1,0,0,0,1,0,0,1,0,0,0,0,0,0,0,0,1,0,0,0,0,1,1,1,1,0,1,0,0,0,0,0,0,0,1,0,0,0,1,0,0,1,1,0,0,93,11.387947865784891,42.85680108374048,0.46299036817052386
1,0,0,0,0,0,0,0,1,0,0,0,660,100,54,2,0,0,0,1,0,0,1,0,0,0,0,0,0,0,0,1,0,0,0,0,1,1,1,1,0,1,0,0,0,0,0,0,0,1,0,0,0,1,0,0,1,1,0,0,189,-2.6941714441033198,159.1800834201519,0.37917536917111394
1,0,0,0,0,0,0,0,1,0,0,0,400,100,54,2,0,0,0,1,0,0,1,0,0,0,0,0,0,0,0,1,0,0,0,0,1,1,1,1,0,1,0,0,0,0,0,0,0,1,0,0,0,1,0,0,1,1,0,0,189,-2.359959750511217,186.5854410254645,0.37695736142740943
1,0,0,0,0,0,0,0,1,0,0,0,400,100,54,2,0,0,0,1,0,0,1,0,0,0,0,0,0,0,0,1,0,0,0,0,1,1,1,1,0,1,0,0,0,0,0,0,0,1,0,0,0,1,0,0,1,1,0,0,189,-3.772074277994967,195.64445644396903,0.3839474075869341
1,0,0,0,0,0,0,0,1,0,0,0,830,100,54,2,0,0,0,1,0,0,1,0,0,0,0,0,0,0,0,1,0,0,0,0,1,1,1,1,0,1,0,0,0,0,0,0,0,1,0,0,0,1,0,0,1,1,0,0,175,-2.737017900059319,135.33685721577447,0.3995217245498481
1,0,0,0,0,0,0,0,1,0,0,0,780,100,54,2,0,0,0,1,0,0,1,0,0,0,0,0,0,0,0,1,0,0,0,0,1,1,1,1,0,1,0,0,0,0,0,0,0,1,0,0,0,1,0,0,1,1,0,0,175,-3.326896613550792,83.83045215419291,0.39524332446448707
0,0,1,0,0,0,1,0,0,0,0,0,1240,100,23,1,0,0,0,1,0,0,1,0,0,0,0,0,0,0,0,0,0,1,0,0,1,0,1,0,0,0,0,0,0,0,0,0,0,1,0,0,0,0,1,1,0,1,0,0,91,-12.239949683315457,84.38634184100717,0.30149317745058857
1,0,0,0,0,0,0,0,0,0,0,1,1750,100,43,1,0,0,0,1,0,0,1,0,0,0,0,0,1,0,0,0,0,0,0,0,1,1,0,0,0,1,0,0,0,0,0,0,0,1,0,0,1,0,1,1,1,1,0,0,190,-4.713883555648612,286.5054298259859,0.4902336456896826
0,0,1,0,0,0,0,0,1,0,0,0,2700,80,42,1,0,0,0,1,0,0,1,0,0,0,0,0,0,1,0,0,0,0,0,0,1,1,0,0,0,0,0,0,0,0,0,0,0,1,1,1,0,0,1,0,1,1,0,1,188,4.2470278964634405,36.902441787996366,0.6920940835347412
0,0,1,0,0,0,0,0,1,0,0,0,1020,80,42,1,0,0,0,1,0,0,1,0,0,0,0,0,0,1,0,0,0,0,0,0,1,1,0,0,0,0,0,0,0,0,0,0,0,1,1,1,0,0,1,0,1,1,0,1,188,0.6335674632122279,26.175247444853728,0.7392833268309515
0,0,1,0,0,0,0,0,1,0,0,0,1280,80,42,1,0,0,0,1,0,0,1,0,0,0,0,0,0,1,0,0,0,0,0,0,1,1,0,0,0,0,0,0,0,0,0,0,0,1,1,1,0,0,1,0,1,1,0,1,188,2.3028691940467563,46.12140436539176,0.7373923228524246
0,0,1,0,0,0,0,0,1,0,0,0,1170,80,42,1,0,0,0,1,0,0,1,0,0,0,0,0,0,1,0,0,0,0,0,0,1,1,0,0,0,0,0,0,0,0,0,0,0,1,1,1,0,0,1,0,1,1,0,1,188,0.8494392519640577,29.393693130657546,0.7384230297579356
0,0,1,0,0,0,0,0,1,0,0,0,770,80,42,1,0,0,0,1,0,0,1,0,0,0,0,0,0,1,0,0,0,0,0,0,1,1,0,0,0,0,0,0,0,0,0,0,0,1,1,1,0,0,1,0,1,1,0,1,188,1.2701738215899216,36.29241925904971,0.7291619007239799
0,0,1,0,0,0,0,0,1,0,0,0,1570,80,42,1,0,0,0,1,0,0,1,0,0,0,0,0,0,1,0,0,0,0,0,0,1,1,0,0,0,0,0,0,0,0,0,0,0,1,1,1,0,0,1,0,1,1,0,1,188,1.784723810487432,63.501399385217965,0.7206126038487607
0,0,1,0,0,0,0,0,1,0,0,0,2010,80,42,1,0,0,0,1,0,0,1,0,0,0,0,0,0,1,0,0,0,0,0,0,1,1,0,0,0,0,0,0,0,0,0,0,0,1,1,1,0,0,1,0,1,1,0,1,188,2.2336030512250584,22.3467081656106,0.7273647848239451
0,0,1,0,0,0,0,0,1,0,0,0,880,80,42,1,0,0,0,1,0,0,1,0,0,0,0,0,0,1,0,0,0,0,0,0,1,1,0,0,0,0,0,0,0,0,0,0,0,1,1,1,0,0,1,0,1,1,0,1,188,2.2765833043144386,25.015982176194857,0.7316918630160382
0,0,0,0,0,1,0,0,0,0,0,1,3140,100,55,1,0.2857143,0,1,0,0,0,1,0,0,0,0,0,1,0,0,0,0,0,0,0,1,1,0,1,0,0,0,0,0,1,1,0,0,0,1,1,0,0,1,0,0,1,0,1,86,5.225604961333537,69.94093885627075,0.446945575544894
0,1,0,0,0,0,0,0,0,0,0,1,1900,100,35,1,0.14285715,0,1,0,0,0,1,0,0,0,0,0,0,0,1,0,0,0,0,0,1,1,0,0,1,0,1,0,0,0,0,0,0,1,0,0,0,1,0,1,1,1,0,1,181,-12.14459062019784,115.26663010024177,0.4263720657824255
0,0,0,1,0,0,0,0,0,0,1,0,800,80,66,1,0.71428573,0,0,1,0,0,0,1,0,0,0,0,1,0,0,0,0,0,0,0,1,1,0,0,0,0,1,1,0,1,1,1,0,0,1,0,0,1,0,0,0,1,0,1,91,-1.7751407433155604,102.11432069067605,0.32005251736918355
0,0,0,1,0,0,0,0,1,0,0,0,15910,100,72,1,0,0,0,1,0,0,1,0,0,0,0,0,0,1,0,0,0,0,0,0,0,1,0,0,1,0,0,0,0,0,0,0,0,1,0,0,0,1,0,1,1,1,0,1,218,-1.8299061752626902,104.96965038923612,0.4806549689983775
1,0,0,0,0,0,0,0,0,0,0,1,2330,100,45,1,0,0,1,0,0,0,1,0,0,0,0,0,1,0,0,0,0,0,0,0,1,1,0,0,0,0,0,0,0,0,0,0,0,1,0,0,0,1,1,0,0,1,0,1,30,-12.952932902742889,86.21142032335113,0.43590810878047476
0,0,0,1,0,0,1,0,0,0,0,0,3340,100,56,1,0,0,0,1,0,0,1,0,0,0,0,0,1,0,0,0,0,0,0,0,1,0,0,0,0,0,0,0,0,0,0,0,0,0,0,1,0,0,1,0,1,1,0,0,83,2.600767619986605,37.273965782393994,0.31828267852951686
1,0,0,0,0,0,0,0,1,0,0,0,1130,100,43,1,0.2857143,0,1,0,0,0,1,0,0,0,0,0,1,0,0,0,0,0,0,0,1,1,1,1,1,1,0,0,0,1,0,1,0,1,1,0,0,1,1,0,0,1,0,1,89,-6.783118449689614,116.98721061030034,0.5951134499524411
1,0,0,0,0,0,0,0,1,0,0,0,700,100,43,1,0.2857143,0,1,0,0,0,1,0,0,0,0,0,1,0,0,0,0,0,0,0,1,1,1,1,1,1,0,0,0,1,0,1,0,1,1,0,0,1,1,0,0,1,0,1,89,-8.23874176108833,130.01731709959543,0.5767920219664572
0,0,0,0,1,0,0,0,0,1,0,0,2820,100,50,1,0,0,0,1,0,0,0,1,0,0,0,0,0,0,0,0,0,1,0,0,1,1,0,0,1,1,0,0,0,0,0,0,0,1,0,0,0,1,1,0,0,1,0,0,69,-4.3563338360278765,22.352900431018636,0.40306208608795363
0,0,0,0,1,0,0,0,0,1,0,0,3630,90,50,1,0.14285715,0,0,1,0,0,0,1,0,0,0,0,0,0,0,0,0,1,0,0,1,1,0,0,0,0,0,1,0,0,0,0,0,1,0,0,0,1,1,0,0,1,0,0,69,-4.458818539354049,63.55748377011613,0.3870067280175659
0,0,0,1,0,0,0,0,0,0,1,0,330,100,69,1,0,0,0,0,1,0,0,0,0,1,0,0,0,0,1,0,0,0,0,0,1,0,0,0,0,0,0,0,0,0,0,0,0,0,1,1,0,1,1,1,1,1,0,0,83,-7.973631649127449,60.03959026646672,0.4219644039150613
0,0,0,1,0,0,0,0,0,0,0,1,1460,90,47,1,0,0,0,0,1,0,1,0,0,0,0,0,1,0,0,0,0,0,0,0,0,1,1,1,1,0,0,0,0,0,0,0,0,0,0,0,1,1,1,1,1,1,0,0,78,7.058541408582486,21.476470545709752,0.49597407434563656
0,0,0,1,0,0,1,0,0,0,0,0,2480,100,38,1,0,0,0,1,0,0,1,0,0,0,0,0,0,0,1,0,0,0,0,0,1,1,0,0,0,1,0,0,0,0,0,0,0,0,1,0,0,0,1,0,1,1,0,0,90,1.0152385620646742,129.6742496019227,0.3126565693301118
0,0,0,1,0,0,0,0,0,0,0,1,1060,90,53,4,0,0,0,1,0,0,0,0,1,0,0,1,0,0,1,0,0,0,0,0,1,1,1,0,0,0,0,0,0,0,0,0,0,1,0,0,0,1,1,0,0,0,0,1,92,-2.0419056592146108,47.662076596964376,0.40536687967162977
0,0,0,1,0,0,0,0,0,0,0,1,2590,100,30,1,0.14285715,0,0,1,0,0,0,0,1,0,0,0,1,0,0,0,0,0,0,0,1,1,1,1,0,0,0,0,1,0,0,0,0,1,0,0,0,0,1,1,1,1,0,0,1,-0.03755964703440007,100.55657724000595,0.4281879872853725
1,0,0,0,0,0,0,0,0,1,0,0,300,100,39,2,0.2857143,0,0,1,0,0,1,0,0,0,0,0,1,0,0,0,0,0,0,0,0,1,0,1,1,0,0,0,0,1,1,0,0,1,0,1,0,1,1,0,1,1,0,1,92,-2.9706301051331048,204.8255531521669,0.4207771919693885
1,0,0,0,0,0,0,0,1,0,0,0,830,100,51,2,0.42857143,0,1,0,0,0,0,1,0,0,0,0,0,1,0,0,0,0,0,0,1,1,1,0,0,0,0,0,0,1,1,1,0,0,0,0,0,0,1,0,1,1,0,0,93,-19.10533933779585,69.448820389409,0.546727498562649
1,0,0,0,0,0,0,0,0,1,0,0,2910,100,32,1,0,0,0,1,0,0,1,0,0,0,0,0,1,0,0,0,0,0,0,0,0,1,1,0,0,1,0,0,0,0,0,0,0,1,0,1,0,0,0,1,0,1,0,0,182,-7.371801496671963,79.47001334974755,0.3695170288219333
1,0,0,0,0,0,0,0,0,1,0,0,3870,100,32,1,0,0,0,1,0,0,1,0,0,0,0,0,1,0,0,0,0,0,0,0,0,1,1,0,0,1,0,0,0,0,0,0,0,1,0,1,0,0,0,1,0,1,0,0,152,-10.584965345014373,109.79398176919229,0.37114340311169386
1,0,0,0,0,0,0,0,0,1,0,0,2690,100,32,1,0,0,1,0,0,0,1,0,0,0,0,0,1,0,0,0,0,0,0,0,0,1,1,0,0,1,0,0,0,0,0,0,0,1,0,1,0,0,0,1,0,1,0,0,182,-13.992262218124777,122.91797070972504,0.3967623372641617
0,1,0,0,0,0,0,0,1,0,0,0,1110,100,85,1,0,0,1,0,0,0,0,0,0,1,0,0,0,0,1,0,0,0,0,0,1,0,0,0,1,1,0,0,0,0,0,0,0,1,0,0,0,0,1,1,0,1,0,1,59,-9.757241478814546,76.86321906695694,0.551266106512177
0,0,0,1,0,0,0,0,0,0,1,0,730,100,40,1,0.14285715,0,0,1,0,0,0,0,0,1,0,0,1,0,0,0,0,0,0,0,0,0,0,1,0,1,0,0,1,0,0,0,0,0,0,1,0,1,0,1,0,1,0,1,82,6.442523696226827,65.39053250968601,0.3545838042319485
0,0,1,0,0,0,1,0,0,0,0,0,2270,100,70,1,0,0,0,0,0,1,0,1,0,0,0,0,0,1,0,0,0,0,0,0,0,0,0,0,1,0,0,0,0,0,0,0,0,0,0,0,0,1,0,1,0,1,0,0,51,-10.748814024718772,47.33897405773751,0.33783951714725136
0,0,1,0,0,0,0,0,0,1,0,0,5680,100,49,1,0.71428573,0,0,1,0,0,1,0,0,0,0,0,0,0,1,0,0,0,0,0,1,1,0,0,0,0,0,0,1,1,1,1,1,1,1,0,0,1,1,1,1,1,0,1,91,0.9094899877543103,97.6919672576668,0.49136510009446055
1,0,0,0,0,0,0,0,0,1,0,0,330,100,56,2,0.42857143,0,0,1,0,0,1,0,0,0,0,0,0,0,1,0,0,0,0,0,1,1,1,1,0,0,1,0,0,1,1,0,0,0,1,1,0,0,1,1,1,1,0,0,94,-2.641493240846002,68.16513493455966,0.41923896470811456
0,0,0,0,0,1,0,0,1,0,0,0,2400,90,44,2,0.2857143,1,0,0,0,0,1,0,0,0,0,0,1,0,0,0,0,0,0,0,1,1,0,0,1,1,0,0,0,0,1,1,0,1,0,0,0,1,1,0,1,1,0,1,104,-6.184000930183563,137.6950529446922,0.5051800840337111
0,0,1,0,0,0,0,0,1,0,0,0,2970,100,64,1,0.14285715,0,1,0,0,0,0,1,0,0,0,0,0,0,1,0,0,0,0,0,1,1,0,0,0,0,1,0,0,0,0,0,0,0,0,0,0,1,1,0,1,1,0,0,181,-10.677856981788901,36.441911482716996,0.5096711158141753
0,0,1,0,0,0,0,0,1,0,0,0,2950,100,64,1,0.14285715,0,1,0,0,0,0,1,0,0,0,0,0,0,1,0,0,0,0,0,1,1,0,0,0,0,1,0,0,0,0,0,0,0,0,0,0,1,1,0,1,1,0,0,181,-10.34206219502005,74.90310696692103,0.5255189293705483
0,0,1,0,0,0,0,0,1,0,0,0,20340,100,42,1,0,0,1,0,0,0,1,0,0,0,0,0,0,0,1,0,0,0,0,0,1,0,0,0,0,0,0,0,0,0,0,0,0,1,0,0,0,1,0,1,1,1,0,1,76,-4.08497664890224,111.26299817371859,0.5187350287966332
0,0,0,0,0,1,0,0,0,1,0,0,910,50,36,1,0,0,0,1,0,0,0,1,0,0,0,0,1,0,0,0,0,0,0,0,1,1,1,1,0,0,0,0,0,0,0,0,0,1,1,0,1,0,0,1,1,1,0,0,187,8.081075410916393,29.67763354859834,0.43622667570656676
0,0,1,0,0,0,0,0,0,0,0,1,1460,100,26,1,0,1,0,0,0,0,0,1,0,0,0,0,1,0,0,0,0,0,0,0,1,0,0,0,0,0,0,0,0,0,0,0,0,1,0,0,0,1,0,1,1,1,0,1,92,-19.776871577627283,110.42460364462714,0.5414144258576482
1,0,0,0,0,0,0,0,1,0,0,0,1640,100,57,1,0.14285715,0,0,1,0,0,0,1,0,0,0,0,0,0,0,0,1,0,0,0,1,1,1,1,0,0,0,0,0,0,0,0,1,1,1,0,0,1,1,0,0,1,0,1,170,-5.09247062882164,130.20165023841042,0.4568199197246878
0,0,0,1,0,0,0,0,0,0,0,1,620,100,20,1,0,0,1,0,0,0,0,1,0,0,0,0,0,0,0,0,0,0,0,1,0,0,0,0,0,0,0,0,0,0,0,0,0,1,0,0,0,1,1,0,0,1,0,1,13,-18.112409376605473,126.42209168683424,0.4511285611373161
0,0,0,1,0,0,0,0,0,0,0,1,2960,100,50,1,0,0,0,0,1,0,0,0,0,1,0,0,1,0,0,0,0,0,0,0,1,0,0,0,0,1,0,0,0,0,0,0,0,0,1,0,0,1,1,1,1,1,0,1,35,-6.129278695389959,40.51149835231446,0.4383141889158108
0,0,0,1,0,0,0,0,1,0,0,0,810,100,71,1,0,0,0,1,0,0,0,0,0,1,0,0,0,0,1,0,0,0,0,0,1,1,0,0,0,1,0,0,0,0,0,0,0,0,0,1,0,0,1,1,1,1,0,1,186,-3.0328745954543064,89.28557077588808,0.5381837362798342
1,0,0,0,0,0,0,0,0,0,1,0,620,100,49,1,0,0,1,0,0,0,1,0,0,0,0,0,0,0,1,0,0,0,0,0,1,1,0,1,0,1,0,0,0,0,0,0,0,0,0,0,0,1,1,1,0,1,0,0,92,-7.000336746380909,113.58723861399211,0.3783954445239642
0,0,0,0,0,1,1,0,0,0,0,0,2330,100,34,1,0.14285715,0,0,1,0,0,0,1,0,0,0,0,1,0,0,0,0,0,0,0,1,0,0,0,0,0,0,0,0,0,0,1,0,1,0,0,0,0,1,0,0,1,0,0,91,-4.068275968163074,36.95699311891224,0.2868639890415113
0,0,1,0,0,0,0,1,0,0,0,0,7300,80,55,1,0,0,1,0,0,0,1,0,0,0,0,0,0,0,1,0,0,0,0,0,1,1,1,1,0,0,0,0,0,0,0,0,0,0,0,1,0,0,1,0,0,1,0,0,34,3.7767264412590364,119.0085346410897,0.5431171601694345
0,1,0,0,0,0,0,0,0,1,0,0,2480,100,22,1,0,0,1,0,0,0,0,1,0,0,0,0,0,0,0,0,0,1,0,0,1,1,1,0,1,0,0,0,0,0,0,0,0,1,0,0,0,1,1,1,1,1,0,0,86,-21.092647366981595,105.60343017006844,0.4052572771117392
0,0,1,0,0,0,1,0,0,0,0,0,550,100,34,1,0,0,1,0,0,0,1,0,0,0,0,0,1,0,0,0,0,0,0,0,1,1,0,0,1,1,0,0,0,0,0,0,0,1,0,0,0,1,1,0,1,1,0,0,68,-14.04891037165904,94.0373191119741,0.3764963072144069
1,0,0,0,0,0,0,0,0,1,0,0,1130,100,36,1,0,0,0,1,0,0,1,0,0,0,0,0,1,0,0,0,0,0,0,0,0,1,1,1,1,1,0,0,0,0,0,0,0,1,0,1,0,0,0,1,1,1,0,0,165,0.36547218066334597,124.28228076552715,0.4591408976299245
0,1,0,0,0,0,0,0,0,1,0,0,790,100,57,1,0,0,0,1,0,0,1,0,0,0,0,0,0,0,1,0,0,0,0,0,1,1,0,0,0,0,0,0,0,0,0,0,0,0,0,0,0,0,0,1,1,1,0,0,6,-3.0953385707584413,76.33928358620769,0.47477312702121977
0,0,0,0,1,0,0,0,0,0,0,1,2570,100,46,1,0,0,0,1,0,0,0,1,0,0,0,0,1,0,0,0,0,0,0,0,1,1,0,1,1,1,0,0,0,0,0,0,0,1,0,0,0,0,0,1,1,1,0,1,175,4.100973005801818,69.44900493572561,0.4613219839565534
0,0,0,0,1,0,0,0,0,1,0,0,1720,80,47,1,0,0,1,0,0,0,1,0,0,0,0,0,0,1,0,0,0,0,0,0,1,1,0,0,0,1,0,0,0,0,0,0,0,0,0,0,1,1,1,0,0,1,0,1,157,-10.511324436034709,29.47885982760399,0.48364406072344984
0,0,1,0,0,0,0,0,0,1,0,0,1470,100,47,1,0,0,0,1,0,0,1,0,0,0,0,0,0,0,1,0,0,0,0,0,1,1,1,1,0,0,0,0,0,0,0,0,0,0,0,0,0,1,1,0,0,1,0,1,90,11.565927174576832,33.11023047258468,0.5574273804812945
1,0,0,0,0,0,0,0,0,0,1,0,2240,100,25,1,0,0,1,0,0,0,1,0,0,0,0,0,0,1,0,0,0,0,0,0,1,1,1,0,1,0,0,0,0,0,0,0,0,1,0,0,0,1,1,1,1,1,0,0,93,-21.513894848864624,179.15302140655103,0.3701740919793387
1,0,0,0,0,0,0,0,0,0,0,1,510,100,58,1,0,0,0,0,1,0,1,0,0,0,0,0,0,1,0,0,0,0,0,0,0,1,0,0,0,0,0,0,0,0,0,0,0,0,0,1,0,1,1,1,1,1,0,1,91,-12.95276905483593,150.44721169977132,0.4605808655070351
1,0,0,0,0,0,0,0,0,1,0,0,1440,100,32,1,0,0,1,0,0,0,1,0,0,0,0,0,0,1,0,0,0,0,0,0,1,0,0,0,1,0,0,0,0,0,0,0,0,1,1,0,0,1,1,1,1,1,0,1,17,-17.911803657611248,150.7555116296322,0.4200216161958917
0,0,0,0,1,0,1,0,0,0,0,0,400,90,47,1,0,0,0,1,0,0,1,0,0,0,0,0,0,0,1,0,0,0,0,0,1,1,0,0,0,1,0,0,0,0,0,0,0,0,0,0,0,0,1,0,0,1,0,1,61,-0.8510597032415804,76.66959049043164,0.2712885599085665
0,0,1,0,0,0,0,0,0,1,0,0,950,100,50,1,0,0,0,1,0,0,0,1,0,0,0,0,1,0,0,0,0,0,0,0,1,1,1,0,0,0,0,0,0,0,0,0,0,1,0,0,0,1,0,1,1,1,0,1,91,-3.777124285997562,42.67469788147152,0.49767082057366213
1,0,0,0,0,0,0,0,0,1,0,0,2640,100,28,1,0.14285715,0,1,0,0,0,1,0,0,0,0,0,1,0,0,0,0,0,0,0,1,1,1,1,1,1,0,0,0,1,0,0,0,1,1,0,0,1,1,1,1,1,0,0,196,-6.606468915842743,189.01485722314635,0.4351589900126095
0,0,0,0,1,0,0,0,0,1,0,0,3540,70,21,1,0.14285715,0,1,0,0,0,0,1,0,0,0,0,0,0,1,0,0,0,0,0,1,1,1,0,0,0,1,0,0,0,0,0,0,1,1,1,0,1,0,1,1,1,0,0,105,-17.9039849068579,224.94669781441797,0.418497113604955
0,0,0,0,0,1,0,0,0,1,0,0,600,100,52,2,0,0,0,1,0,0,1,0,0,0,0,0,1,0,0,0,0,0,0,0,0,1,0,0,0,1,0,0,0,0,0,0,0,0,0,0,0,1,1,1,1,1,0,0,5,-1.402575426558084,57.76693866672118,0.44828073842358246
1,0,0,0,0,0,0,0,0,0,1,0,1170,100,34,1,0.71428573,0,0,0,1,0,1,0,0,0,0,0,1,0,0,0,0,0,0,0,1,1,1,1,0,1,0,1,0,1,1,1,1,1,0,0,0,0,1,1,1,1,0,0,4,-10.916087983100866,140.97452263130367,0.3632373517856956
0,0,0,1,0,0,0,0,0,0,0,1,1260,100,54,1,0,0,0,1,0,0,0,0,1,0,0,0,1,0,0,0,0,0,0,0,0,0,0,0,1,0,0,0,0,0,0,0,0,0,0,0,0,1,1,1,0,1,0,0,28,-2.658171322480109,94.8878010540565,0.4989593248985816
0,0,1,0,0,0,1,0,0,0,0,0,990,80,64,1,0.14285715,0,0,1,0,0,1,0,0,0,0,0,0,0,0,0,1,0,0,0,1,1,1,0,0,1,0,0,0,0,1,0,0,1,1,0,0,0,0,0,0,1,0,0,105,1.6044764214655338,81.08199284281314,0.2043027988586765
0,0,1,0,0,0,1,0,0,0,0,0,1380,80,64,1,0.14285715,0,0,1,0,0,1,0,0,0,0,0,0,0,0,0,1,0,0,0,1,1,1,0,0,1,0,0,0,0,1,0,0,1,1,0,0,0,0,0,0,1,0,0,105,2.5411149524909304,37.59338828726252,0.20356880514581152
0,0,1,0,0,0,1,0,0,0,0,0,2700,80,64,1,0.14285715,0,0,1,0,0,1,0,0,0,0,0,0,0,0,0,1,0,0,0,1,1,1,0,0,1,0,0,0,0,1,0,0,1,1,0,0,0,0,0,0,1,0,0,105,5.774759677329496,50.2551811073068,0.22066620743555998
0,0,1,0,0,0,1,0,0,0,0,0,1010,80,64,1,0.14285715,0,0,1,0,0,1,0,0,0,0,0,0,0,0,0,1,0,0,0,1,1,1,0,0,1,0,0,0,0,1,0,0,1,1,0,0,0,0,0,0,1,0,0,105,1.8769917333570314,48.09007725784089,0.20012313848533186
0,0,1,0,0,0,1,0,0,0,0,0,1120,80,64,1,0.14285715,0,0,1,0,0,1,0,0,0,0,0,0,0,0,0,1,0,0,0,1,1,1,0,0,1,0,0,0,0,1,0,0,1,1,0,0,0,0,0,0,1,0,0,105,2.5748422562151947,46.48045536199712,0.20263227490888153
0,0,1,0,0,0,1,0,0,0,0,0,1040,80,64,1,0.14285715,0,0,1,0,0,1,0,0,0,0,0,0,0,0,0,1,0,0,0,1,1,1,0,0,1,0,0,0,0,1,0,0,1,1,0,0,0,0,0,0,1,0,0,105,1.9662548551313885,48.721043658357985,0.19694849550625018
1,0,0,0,0,0,0,0,0,1,0,0,1110,100,37,1,0,0,0,1,0,0,0,0,1,0,0,0,1,0,0,0,0,0,0,0,1,1,0,0,1,0,0,0,0,0,0,0,0,1,1,0,0,1,0,0,1,1,0,1,7,-13.070641740471212,160.99554153567948,0.40554842121328716
1,0,0,0,0,0,0,0,0,1,0,0,330,50,51,1,0.71428573,0,0,1,0,0,1,0,0,0,0,0,0,0,1,0,0,0,0,0,1,1,0,1,0,0,0,1,1,1,1,1,0,1,1,0,0,1,1,1,1,1,0,0,96,-4.435190948916589,106.89501458516006,0.47648055479920715
0,1,0,0,0,0,0,0,0,1,0,0,2080,100,36,1,0,0,0,1,0,0,1,0,0,0,0,0,1,0,0,0,0,0,0,0,1,1,1,1,1,1,0,0,0,0,0,0,0,1,0,0,1,1,1,1,0,1,0,0,42,10.181929329592815,93.73452485392826,0.4046686467120873
0,0,0,0,0,1,0,0,0,1,0,0,1240,100,41,1,0,0,0,1,0,0,1,0,0,0,0,0,0,1,0,0,0,0,0,0,1,1,0,0,1,0,0,0,0,0,0,0,0,1,0,0,0,1,1,0,1,1,0,0,184,-2.1057782714900317,75.39796715729027,0.43023637126541375
0,1,0,0,0,0,0,0,1,0,0,0,640,100,58,1,0.2857143,0,0,1,0,0,0,0,1,0,0,0,0,1,0,0,0,0,0,0,1,1,1,1,0,1,0,1,1,0,0,0,0,0,0,0,0,0,0,0,1,1,0,0,29,0.3081198504542787,78.91778317418402,0.513006043316949
0,0,0,0,0,1,0,0,0,1,0,0,1680,100,24,1,0,0,0,1,0,0,1,0,0,0,0,0,0,1,0,0,0,0,0,0,1,1,1,1,0,0,0,0,0,0,0,0,0,0,0,0,0,0,1,1,1,1,0,0,17,-3.691531838703398,98.85887160430455,0.4015164256956121
0,0,0,0,0,1,0,0,0,1,0,0,1610,100,24,1,0,0,0,1,0,0,1,0,0,0,0,0,0,1,0,0,0,0,0,0,1,1,1,1,0,0,0,0,0,0,0,0,0,0,0,0,0,0,1,1,1,1,0,0,17,-3.3713901560482356,144.8894166337379,0.397716574046825
0,0,0,0,0,1,0,0,0,1,0,0,3100,100,24,1,0,0,0,1,0,0,1,0,0,0,0,0,0,1,0,0,0,0,0,0,1,1,1,1,0,0,0,0,0,0,0,0,0,0,0,0,0,0,1,1,1,1,0,0,17,-3.3083442130412237,164.15100234450009,0.3887464811873788
0,0,0,1,0,0,0,0,0,1,0,0,1060,100,27,1,0,0,1,0,0,0,1,0,0,0,0,0,0,0,1,0,0,0,0,0,1,1,0,0,0,0,0,0,0,0,0,0,0,1,0,0,0,1,1,1,1,1,0,0,97,-19.40768275132954,164.75013006295282,0.4409972071666517
0,0,1,0,0,0,0,0,0,1,0,0,440,75,37,3,0.14285715,0,0,1,0,0,0,1,0,0,0,0,1,0,0,0,0,0,0,0,1,1,1,1,0,0,0,0,0,0,0,1,0,0,0,0,0,0,0,0,0,1,0,1,98,4.111475539800668,10.645401867121535,0.5328930071493578
0,0,1,0,0,0,0,0,0,1,0,0,300,75,37,3,0.14285715,0,0,1,0,0,0,1,0,0,0,0,1,0,0,0,0,0,0,0,1,1,1,1,0,0,0,0,0,0,0,1,0,0,0,0,0,0,0,0,0,1,0,1,98,5.07870229707006,34.00278463139253,0.5182957428651146
1,0,0,0,0,0,0,0,0,0,1,0,1310,90,51,1,0,0,0,1,0,0,0,0,1,0,0,0,0,0,1,0,0,0,0,0,1,1,0,0,0,0,0,0,0,0,0,0,0,1,0,0,0,0,1,0,0,1,0,0,108,-11.556345294690214,178.23001605799234,0.291944186566566
1,0,0,0,0,0,0,0,0,0,1,0,3540,90,51,1,0,0,0,1,0,0,0,0,1,0,0,0,0,0,1,0,0,0,0,0,1,1,0,0,0,0,0,0,0,0,0,0,0,1,0,0,0,0,1,0,0,1,0,0,108,-9.515498193550842,156.31367692780316,0.3016220262403633
0,0,0,0,1,0,0,0,0,0,1,0,1830,90,51,2,0,0,0,1,0,0,0,0,1,0,0,0,0,0,1,0,0,0,0,0,1,1,0,0,0,0,0,0,0,0,0,0,0,1,0,0,0,0,1,0,0,1,0,0,98,-4.058986708075209,13.149126757579978,0.3068197925707621
0,0,0,0,1,0,1,0,0,0,0,0,8030,100,43,1,0,0,1,0,0,0,0,1,0,0,0,0,1,0,0,0,0,0,0,0,1,1,1,1,0,0,0,0,0,0,0,0,0,0,0,0,0,1,1,1,1,1,0,0,52,1.553572006169036,98.36625729117834,0.34745507735030356
0,0,1,0,0,0,0,0,0,0,0,1,8430,100,26,1,0,0,0,1,0,0,1,0,0,0,0,0,1,0,0,0,0,0,0,0,0,1,0,0,1,0,0,0,0,0,0,0,0,0,0,0,0,1,1,0,1,1,0,1,15,-6.206740210617153,222.37294564616758,0.5070801816032418
0,0,0,1,0,0,0,0,1,0,0,0,1900,100,63,1,0,0,0,1,0,0,0,0,0,1,0,0,0,0,1,0,0,0,0,0,1,1,1,1,1,0,0,0,0,0,0,0,0,1,1,0,1,0,1,1,1,1,0,1,50,9.368649304698081,44.175979231515534,0.5358137743430688
0,0,0,0,0,1,0,0,0,0,1,0,3450,100,53,1,0,0,1,0,0,0,1,0,0,0,0,0,0,0,1,0,0,0,0,0,1,0,0,0,0,0,0,0,0,0,0,0,0,0,0,1,0,1,1,1,1,1,0,1,185,-8.879554360570626,112.86890572511108,0.36957319643041353
0,1,0,0,0,0,0,0,0,1,0,0,680,100,38,1,0.14285715,0,1,0,0,0,0,1,0,0,0,0,1,0,0,0,0,0,0,0,1,0,0,0,0,1,0,0,0,1,0,0,0,0,1,0,0,1,1,1,1,1,0,1,92,-13.648807851211346,62.0734990684941,0.4326850310036079
0,0,0,0,0,1,0,0,1,0,0,0,780,100,42,1,0.5714286,0,0,1,0,0,1,0,0,0,0,0,1,0,0,0,0,0,0,0,1,1,1,1,0,1,1,1,0,0,1,1,0,0,1,0,0,0,1,1,1,1,0,1,65,8.280483073469185,36.99210272059916,0.7017076468091266
0,0,0,0,0,1,0,0,1,0,0,0,1260,100,42,1,0.5714286,0,0,1,0,0,1,0,0,0,0,0,1,0,0,0,0,0,0,0,1,1,1,1,0,1,1,1,0,0,1,1,0,0,1,0,0,0,1,1,1,1,0,1,65,10.302008774492512,16.10549188468113,0.7093687748437644
0,0,0,0,0,1,0,0,1,0,0,0,1420,100,42,1,0.5714286,0,0,1,0,0,1,0,0,0,0,0,1,0,0,0,0,0,0,0,1,1,1,1,0,1,1,1,0,0,1,1,0,0,1,0,0,0,1,1,1,1,0,1,65,12.103787392970654,31.49132038289952,0.704964225103791
0,0,0,0,0,1,0,0,1,0,0,0,1330,100,42,1,0.5714286,0,0,1,0,0,1,0,0,0,0,0,1,0,0,0,0,0,0,0,1,1,1,1,0,1,1,1,0,0,1,1,0,0,1,0,0,0,1,1,1,1,0,1,65,10.85801571173484,43.411793548405065,0.7206817674043425
0,0,0,0,0,1,0,0,1,0,0,0,2310,100,42,1,0.5714286,0,0,1,0,0,1,0,0,0,0,0,1,0,0,0,0,0,0,0,1,1,1,1,0,1,1,1,0,0,1,1,0,0,1,0,0,0,1,1,1,1,0,1,65,14.076272384376551,29.60210328327247,0.6866514319042787
0,0,0,0,0,1,0,0,1,0,0,0,550,100,42,1,0.5714286,0,0,1,0,0,1,0,0,0,0,0,1,0,0,0,0,0,0,0,1,1,1,1,0,1,1,1,0,0,1,1,0,0,1,0,0,0,1,1,1,1,0,1,65,8.190085567788312,68.76916871836447,0.6739649939664534
0,0,0,0,0,1,0,0,1,0,0,0,940,100,42,1,0.5714286,0,0,1,0,0,1,0,0,0,0,0,1,0,0,0,0,0,0,0,1,1,1,1,0,1,1,1,0,0,1,1,0,0,1,0,0,0,1,1,1,1,0,1,65,10.264359976006094,13.220032985792301,0.7007448096783602
0,0,0,1,0,0,0,0,0,0,0,1,1340,100,46,1,0,0,1,0,0,0,1,0,0,0,0,0,1,0,0,0,0,0,0,0,0,1,1,1,0,0,0,0,0,0,0,0,0,1,0,0,0,1,1,1,1,1,0,1,210,2.574708727743042,67.90833223371102,0.4416183707466016
0,0,0,0,1,0,0,1,0,0,0,0,8030,100,48,1,0,0,0,1,0,0,1,0,0,0,0,0,1,0,0,0,0,0,0,0,0,1,0,0,1,0,0,0,0,0,0,0,0,1,0,0,0,1,1,0,0,1,0,0,83,1.1957295644105381,60.17081648938157,0.4972530598463888
0,0,0,0,1,0,0,1,0,0,0,0,5000,100,48,1,0,0,0,1,0,0,1,0,0,0,0,0,1,0,0,0,0,0,0,0,0,1,0,0,1,0,0,0,0,0,0,0,0,1,0,0,0,1,1,0,0,1,0,0,90,1.9585980229895883,47.38888419951308,0.4917485030667437
0,0,1,0,0,0,0,0,1,0,0,0,1750,100,42,1,0.2857143,0,0,1,0,0,1,0,0,0,0,0,1,0,0,0,0,0,0,0,1,1,0,0,0,1,0,1,1,0,0,0,0,1,0,0,0,1,1,1,1,1,0,1,89,2.7161775306058806,127.29196269285146,0.6343143586216067
0,0,0,1,0,0,0,0,0,1,0,0,500,100,33,1,0,0,0,1,0,0,1,0,0,0,0,0,0,0,1,0,0,0,0,0,1,1,1,0,0,1,0,0,0,0,0,0,0,0,0,0,0,1,1,0,1,1,0,0,181,-4.116830590602314,87.55646625521318,0.43007219635032995
0,0,0,1,0,0,0,0,0,1,0,0,480,100,33,1,0,0,0,1,0,0,1,0,0,0,0,0,0,0,1,0,0,0,0,0,1,1,1,0,0,1,0,0,0,0,0,0,0,0,0,0,0,1,1,0,1,1,0,0,90,-7.388500112296409,88.28282421791094,0.4327732219094263
0,0,0,0,0,1,0,0,0,1,0,0,850,100,33,2,0.14285715,0,0,1,0,0,1,0,0,0,0,0,0,0,1,0,0,0,0,0,1,1,1,0,0,1,0,0,0,0,1,0,0,0,0,0,0,1,1,0,1,1,0,0,130,-4.801928899344617,69.83491235068861,0.407622585234871
0,0,0,0,0,1,0,0,0,1,0,0,350,100,33,3,0,0,1,0,0,0,1,0,0,0,0,0,0,0,1,0,0,0,0,0,1,1,1,0,0,1,0,0,0,0,0,0,0,0,0,0,0,1,1,0,1,1,0,1,88,-13.025767371903198,43.85916410401242,0.4014714522293244
0,0,1,0,0,0,0,0,0,0,0,1,250,100,53,1,0.85714287,0,1,0,0,0,1,0,0,0,0,0,0,1,0,0,0,0,0,0,1,1,1,0,0,0,1,1,1,1,1,0,1,0,1,0,0,0,1,1,0,1,0,1,92,-7.317371279891158,46.65292236776284,0.5047053075586886
0,0,0,0,0,1,0,0,0,0,0,1,1070,100,23,1,0,0,0,1,0,0,0,1,0,0,0,0,1,0,0,0,0,0,0,0,1,0,1,0,1,0,0,0,0,0,0,0,0,1,0,1,0,0,1,0,0,1,0,1,191,-16.34305005668037,129.86571163158825,0.4561729225874515
1,0,0,0,0,0,0,0,0,1,0,0,370,100,50,1,0.14285715,0,0,0,0,1,1,0,0,0,0,0,1,0,0,0,0,0,0,0,0,1,1,1,1,1,0,0,0,0,0,1,0,1,0,0,0,0,1,0,0,1,0,1,91,-5.230208938504048,161.3024555330963,0.4273668836565964
0,0,0,1,0,0,0,0,0,0,0,1,1500,100,23,1,0,0,0,1,0,0,0,1,0,0,0,0,0,0,0,0,0,1,0,0,0,0,0,0,0,0,0,0,0,0,0,0,0,0,0,0,0,0,1,1,1,1,0,1,6,-11.08697729292068,79.77738750377048,0.47057408038741533
0,0,0,0,0,1,0,0,1,0,0,0,2850,100,67,1,0,0,0,1,0,0,1,0,0,0,0,0,0,0,1,0,0,0,0,0,1,1,0,0,0,0,0,0,0,0,0,0,0,0,0,0,0,1,1,1,1,1,0,1,94,2.4037369503415915,73.99190853837366,0.5154762479092518
0,0,0,1,0,0,0,0,0,1,0,0,580,100,53,1,0,0,0,1,0,0,0,1,0,0,0,0,1,0,0,0,0,0,0,0,1,1,0,0,0,0,0,0,0,0,0,0,0,1,0,0,0,1,1,1,1,1,0,0,76,-5.044684122285381,108.21000209524574,0.4153864356429187
0,0,0,1,0,0,1,0,0,0,0,0,750,100,54,1,0.42857143,0,0,1,0,0,1,0,0,0,0,0,0,0,1,0,0,0,0,0,1,1,1,0,1,0,0,1,0,0,0,1,1,1,0,0,0,1,0,1,1,1,0,1,28,0.17799964634257098,65.99804986830077,0.29626393506870263
0,0,0,0,0,1,0,0,1,0,0,0,380,100,72,1,0,0,1,0,0,0,0,1,0,0,0,0,0,1,0,0,0,0,0,0,1,1,1,1,1,1,0,0,0,0,0,0,0,0,0,0,1,1,1,1,1,1,0,0,11,-4.872104859054292,82.79294024428224,0.5719570764923122
0,0,1,0,0,0,0,0,0,1,0,0,1200,100,30,1,0.85714287,0,1,0,0,0,0,1,0,0,0,0,0,1,0,0,0,0,0,0,1,1,1,1,1,1,1,1,1,1,1,1,0,0,1,1,0,1,1,1,1,1,0,1,8,-4.703754613491952,56.88605230218519,0.5251920376198372
0,0,0,0,1,0,0,0,0,0,0,1,1000,100,41,1,0.14285715,0,0,1,0,0,0,0,1,0,0,0,1,0,0,0,0,0,0,0,1,0,0,1,0,0,0,0,0,0,0,0,1,1,0,0,0,1,0,0,0,1,0,0,7,1.7060184128437765,28.259160962804472,0.4474973876054782
0,0,0,1,0,0,0,0,0,0,1,0,370,100,23,1,0,0,0,1,0,0,0,1,0,0,0,0,1,0,0,0,0,0,0,0,1,1,0,0,0,0,0,0,0,0,0,0,0,0,0,0,0,1,1,0,0,1,0,1,197,-18.21949686842475,190.0868771707157,0.3852556032188789
0,0,0,1,0,0,0,0,0,0,1,0,860,100,23,1,0,0,0,1,0,0,0,1,0,0,0,0,1,0,0,0,0,0,0,0,1,1,0,0,0,0,0,0,0,0,0,0,0,0,0,0,0,1,1,0,0,1,0,1,197,-18.059236574695795,192.91967593664987,0.3949834594004197
0,0,0,1,0,0,1,0,0,0,0,0,730,75,32,1,0.14285715,0,0,0,0,1,1,0,0,0,0,0,1,0,0,0,0,0,0,0,1,0,0,0,0,0,1,0,0,0,0,0,0,0,0,0,0,1,1,0,0,1,0,0,64,-14.645780363774236,120.7096359237864,0.2958453262977473
0,0,0,1,0,0,0,0,0,1,0,0,2640,100,46,1,0.2857143,0,0,1,0,0,0,1,0,0,0,0,1,0,0,0,0,0,0,0,1,1,0,0,0,0,0,1,0,0,0,1,0,0,1,0,0,1,0,1,1,1,0,0,194,-1.4486735469238063,63.529525016600076,0.4543454137386081
0,0,0,0,1,0,0,1,0,0,0,0,15650,100,24,1,0.2857143,0,0,0,0,1,0,1,0,0,0,0,0,0,0,1,0,0,0,0,0,1,0,1,0,0,0,0,0,1,0,1,0,1,1,0,0,1,1,1,1,1,0,1,92,-11.348645673708159,154.8056193499987,0.44693509768273026
0,0,0,0,1,0,1,0,0,0,0,0,4420,100,43,1,0,0,0,1,0,0,0,1,0,0,0,0,1,0,0,0,0,0,0,0,0,1,0,1,0,1,0,0,0,0,0,0,0,1,0,0,1,0,1,0,0,1,0,0,91,9.100178249678278,64.63684632923324,0.28503623545563467
0,1,0,0,0,0,0,0,0,1,0,0,770,100,66,1,0.5714286,0,0,1,0,0,0,1,0,0,0,0,0,0,0,0,1,0,0,0,1,1,1,1,1,0,0,1,0,1,1,0,1,1,0,1,0,1,1,0,0,1,0,0,97,3.8113132231212257,76.42429812442299,0.4590036509515061
0,0,0,0,0,1,1,0,0,0,0,0,1220,100,62,1,0,0,0,1,0,0,0,1,0,0,0,0,0,0,0,0,1,0,0,0,1,1,0,0,0,0,0,0,0,0,0,0,0,0,0,0,0,1,0,1,0,1,0,0,101,-3.9131440302680707,41.078304303372455,0.2965916681527835
0,0,0,0,1,0,0,0,0,1,0,0,2650,100,41,1,0,0,0,1,0,0,1,0,0,0,0,0,0,0,1,0,0,0,0,0,1,1,0,0,0,0,0,0,0,0,0,0,0,0,0,0,0,1,0,1,1,1,0,1,56,0.30428026545125847,106.0602007535911,0.40846365890398867
0,0,0,1,0,0,0,0,0,1,0,0,1800,100,52,2,0,1,0,0,0,0,1,0,0,0,0,0,0,0,1,0,0,0,0,0,1,1,0,0,1,0,0,0,0,0,0,0,0,1,1,0,0,0,1,1,1,1,0,0,90,-5.685402965310559,82.02780858337712,0.3706037428930984
0,0,0,1,0,0,0,0,0,1,0,0,2120,100,52,2,0,0,1,0,0,0,1,0,0,0,0,0,0,0,1,0,0,0,0,0,1,1,0,0,1,0,0,0,0,0,0,0,0,1,1,0,0,0,1,1,1,1,0,0,70,-6.222926752005751,82.80832840448281,0.3931975040060467
0,0,0,1,0,0,0,0,0,1,0,0,2120,100,52,2,0,0,0,1,0,0,1,0,0,0,0,0,0,0,1,0,0,0,0,0,1,1,0,0,1,0,0,0,0,0,0,0,0,1,1,0,0,0,1,1,1,1,0,0,70,0.3970693512497871,94.23591626640037,0.3777484112158286
0,0,0,1,0,0,0,0,1,0,0,0,10610,100,41,1,0,0,0,1,0,0,1,0,0,0,0,0,0,0,1,0,0,0,0,0,0,1,0,0,0,0,0,0,0,0,0,0,0,0,0,1,0,1,0,0,1,1,0,0,34,-1.4151425322092013,70.06397066939773,0.5089396118126579
0,0,0,0,0,1,0,0,0,1,0,0,4450,80,53,1,1,1,0,0,0,0,0,0,1,0,0,0,0,1,0,0,0,0,0,0,1,1,0,0,0,0,1,1,1,1,1,1,1,0,0,0,0,0,1,1,1,1,0,1,62,-7.6088270407141945,56.17699881721221,0.4367648284950471
0,0,0,0,0,1,0,0,0,1,0,0,1010,100,42,3,0,0,0,1,0,0,1,0,0,0,0,0,1,0,0,0,0,0,0,0,1,1,1,0,0,0,0,0,0,0,0,0,0,1,0,0,0,0,1,1,1,1,0,0,35,-2.115426931655766,28.547882239533255,0.4210763697676149
0,0,0,0,1,0,0,0,1,0,0,0,12210,100,35,1,0,0,1,0,0,0,1,0,0,0,0,0,0,1,0,0,0,0,0,0,0,0,1,0,1,1,0,0,0,0,0,0,0,1,0,1,0,0,1,1,1,1,0,1,53,-2.5996561979077923,85.85116316752318,0.49573478990153624
0,0,0,0,1,0,0,1,0,0,0,0,3460,100,57,1,0,0,0,0,1,0,0,1,0,0,0,0,0,0,1,0,0,0,0,0,1,1,0,0,1,0,0,0,0,0,0,0,0,0,0,0,0,1,1,1,0,1,0,0,89,-9.715210428337791,26.037936685297925,0.4666449246069316
0,1,0,0,0,0,0,0,0,0,0,1,3020,100,40,1,0,1,0,0,0,0,1,0,0,0,0,0,1,0,0,0,0,0,0,0,0,1,0,0,1,1,0,0,0,0,0,0,0,0,0,0,1,1,1,0,0,1,0,1,108,-7.308068658635399,30.442380583284507,0.4197585594657789
0,0,1,0,0,0,0,0,0,1,0,0,1100,100,37,4,0,0,0,1,0,0,0,1,0,0,0,0,0,0,1,0,0,0,0,0,1,1,0,0,0,0,0,0,0,0,0,0,0,1,1,0,0,1,0,1,1,1,0,0,23,-11.654355148652678,20.639320080710228,0.5170287346008862
0,1,0,0,0,0,0,0,0,0,1,0,1500,90,54,3,0,0,1,0,0,0,0,0,1,0,0,0,0,0,0,0,1,0,0,0,1,1,0,0,0,0,0,0,0,0,0,0,0,1,0,0,0,1,1,0,0,1,0,0,106,-12.189876871704227,29.42505099700053,0.35166254746760517
0,0,1,0,0,0,0,1,0,0,0,0,11770,90,52,1,0,0,0,0,0,1,1,0,0,0,0,0,0,1,0,0,0,0,0,0,0,1,0,0,0,0,0,0,0,0,0,0,0,1,0,0,0,1,0,0,0,1,0,0,86,-1.6817727100331492,107.18414559412419,0.515844667225795
0,0,1,0,0,0,0,1,0,0,0,0,16870,90,52,1,0,0,0,0,0,1,1,0,0,0,0,0,0,1,0,0,0,0,0,0,0,1,0,0,0,0,0,0,0,0,0,0,0,1,0,0,0,1,0,0,0,1,0,0,86,-1.9729110663639424,127.6609554616668,0.5081268057520866
0,0,0,0,1,0,0,0,0,0,0,1,1680,100,55,2,0,0,0,1,0,0,1,0,0,0,0,0,0,1,0,0,0,0,0,0,1,1,1,1,0,0,0,0,0,0,0,0,0,0,0,0,0,1,1,0,0,1,0,0,40,8.117211623038743,52.84532701693163,0.4605387170931823
0,0,0,0,1,0,0,0,0,0,0,1,2080,70,40,1,0.14285715,0,0,1,0,0,0,1,0,0,0,0,1,0,0,0,0,0,0,0,0,1,1,1,1,1,0,0,1,0,0,0,0,1,0,0,0,1,1,1,1,1,0,0,19,8.392470567543363,58.0786033633145,0.4961144195038949
0,0,1,0,0,0,0,0,0,1,0,0,730,100,49,2,0,0,0,1,0,0,1,0,0,0,0,0,0,0,1,0,0,0,0,0,1,1,0,0,0,0,0,0,0,0,0,0,0,1,0,0,0,0,1,1,1,1,0,1,124,-2.7194602951334366,52.58985910264267,0.4493835721894797
0,0,0,1,0,0,0,0,0,0,0,1,770,100,39,1,0,0,1,0,0,0,1,0,0,0,0,0,1,0,0,0,0,0,0,0,0,0,0,1,1,1,0,0,0,0,0,0,0,1,0,0,0,1,0,1,1,1,0,0,64,1.755167350458045,59.72412205869683,0.49966111841867195
0,1,0,0,0,0,0,0,1,0,0,0,560,100,41,1,0.14285715,0,1,0,0,0,1,0,0,0,0,0,0,0,1,0,0,0,0,0,1,1,1,1,1,1,0,0,1,0,0,0,0,1,0,0,1,1,0,1,1,1,0,1,65,2.0895455628995507,35.45299614152901,0.5334857412709256
0,1,0,0,0,0,0,0,1,0,0,0,1250,100,41,1,0.14285715,0,1,0,0,0,1,0,0,0,0,0,0,0,1,0,0,0,0,0,1,1,1,1,1,1,0,0,1,0,0,0,0,1,0,0,1,1,0,1,1,1,0,1,184,-1.0254415510119674,72.00276167075786,0.5290637438457864
0,0,1,0,0,0,0,0,0,1,0,0,7010,100,44,1,0,0,0,1,0,0,1,0,0,0,0,0,1,0,0,0,0,0,0,0,0,1,1,1,1,0,0,0,0,0,0,0,0,1,1,0,0,1,0,1,1,1,0,1,92,10.712781117798205,28.107390561593956,0.5138126807952703
0,0,1,0,0,0,0,0,0,0,0,1,2260,100,22,1,0,0,1,0,0,0,0,1,0,0,0,0,1,0,0,0,0,0,0,0,1,0,0,0,1,0,0,0,0,0,0,0,0,0,0,0,0,1,0,0,0,1,0,1,47,-18.65374437477758,151.2143443508246,0.5490178668518537
0,0,1,0,0,0,1,0,0,0,0,0,370,90,41,1,0,0,0,1,0,0,0,1,0,0,0,0,1,0,0,0,0,0,0,0,1,1,0,0,0,0,0,0,0,0,0,0,0,1,1,0,0,0,0,0,0,1,0,0,91,-2.851825915325927,66.49765418449178,0.17559973601346462
0,0,1,0,0,0,1,0,0,0,0,0,200,90,41,1,0,0,0,1,0,0,0,1,0,0,0,0,1,0,0,0,0,0,0,0,1,1,0,0,0,0,0,0,0,0,0,0,0,1,1,0,0,0,0,0,0,1,0,0,91,-3.2875621664613077,64.1127562366844,0.17491275954662686
0,0,1,0,0,0,1,0,0,0,0,0,300,90,41,1,0,0,0,1,0,0,0,1,0,0,0,0,1,0,0,0,0,0,0,0,1,1,0,0,0,0,0,0,0,0,0,0,0,1,1,0,0,0,0,0,0,1,0,0,91,-4.1017212014349305,91.03558319199747,0.178662541826377
0,0,1,0,0,0,1,0,0,0,0,0,950,90,41,1,0,0,0,1,0,0,0,1,0,0,0,0,1,0,0,0,0,0,0,0,1,1,0,0,0,0,0,0,0,0,0,0,0,1,1,0,0,0,0,0,0,1,0,0,105,-1.9184149709949128,66.90462362379212,0.1796227487729769
0,0,1,0,0,0,1,0,0,0,0,0,1350,90,41,1,0,0,0,1,0,0,0,1,0,0,0,0,1,0,0,0,0,0,0,0,1,1,0,0,0,0,0,0,0,0,0,0,0,1,1,0,0,0,0,0,0,1,0,0,105,-3.8202372203342616,59.18782334438834,0.17710296163884123
0,0,1,0,0,0,1,0,0,0,0,0,1200,90,41,1,0,0,0,1,0,0,0,1,0,0,0,0,1,0,0,0,0,0,0,0,1,1,0,0,0,0,0,0,0,0,0,0,0,1,1,0,0,0,0,0,0,1,0,0,105,-1.8066711057993228,18.536236707058357,0.17865701225249675
0,0,1,0,0,0,1,0,0,0,0,0,810,90,41,1,0,0,0,1,0,0,0,1,0,0,0,0,1,0,0,0,0,0,0,0,1,1,0,0,0,0,0,0,0,0,0,0,0,1,1,0,0,0,0,0,0,1,0,0,105,-2.896035418020836,57.92090810309074,0.17428496193324422
0,0,1,0,0,0,1,0,0,0,0,0,180,90,41,1,0,0,0,1,0,0,0,1,0,0,0,0,1,0,0,0,0,0,0,0,1,1,0,0,0,0,0,0,0,0,0,0,0,1,1,0,0,0,0,0,0,1,0,0,91,-3.6730751571043094,100.54161089364676,0.1779063495496008
0,0,1,0,0,0,1,0,0,0,0,0,1500,90,41,1,0,0,0,1,0,0,0,1,0,0,0,0,1,0,0,0,0,0,0,0,1,1,0,0,0,0,0,0,0,0,0,0,0,1,1,0,0,0,0,0,0,1,0,0,106,-3.8459275239291753,38.94774958249735,0.18684821849574032
0,0,1,0,0,0,1,0,0,0,0,0,470,90,41,1,0,0,0,1,0,0,0,1,0,0,0,0,1,0,0,0,0,0,0,0,1,1,0,0,0,0,0,0,0,0,0,0,0,1,1,0,0,0,0,0,0,1,0,0,91,-3.5081570379678646,17.149494571833465,0.1783826650823396
0,0,1,0,0,0,1,0,0,0,0,0,400,90,41,1,0,0,0,1,0,0,0,1,0,0,0,0,1,0,0,0,0,0,0,0,1,1,0,0,0,0,0,0,0,0,0,0,0,1,1,0,0,0,0,0,0,1,0,0,106,-4.309856910596495,18.405621886573478,0.18060634988052315
0,0,1,0,0,0,1,0,0,0,0,0,200,90,41,1,0,0,0,1,0,0,0,1,0,0,0,0,1,0,0,0,0,0,0,0,1,1,0,0,0,0,0,0,0,0,0,0,0,1,1,0,0,0,0,0,0,1,0,0,106,-2.6505129115529225,68.56583936914387,0.18258528726204654
0,0,1,0,0,0,1,0,0,0,0,0,230,90,41,1,0,0,0,1,0,0,0,1,0,0,0,0,1,0,0,0,0,0,0,0,1,1,0,0,0,0,0,0,0,0,0,0,0,1,1,0,0,0,0,0,0,1,0,0,91,-3.7921729251225416,74.46721864686157,0.17888729210346221
0,0,1,0,0,0,1,0,0,0,0,0,690,90,41,1,0,0,0,1,0,0,0,1,0,0,0,0,1,0,0,0,0,0,0,0,1,1,0,0,0,0,0,0,0,0,0,0,0,1,1,0,0,0,0,0,0,1,0,0,106,-3.7322058549088815,65.09253899389513,0.17964871711858196
0,0,1,0,0,0,1,0,0,0,0,0,880,90,41,1,0,0,0,1,0,0,0,1,0,0,0,0,1,0,0,0,0,0,0,0,1,1,0,0,0,0,0,0,0,0,0,0,0,1,1,0,0,0,0,0,0,1,0,0,106,-2.088667153363123,89.9651936287356,0.1762355752357363
0,0,1,0,0,0,1,0,0,0,0,0,1460,90,41,1,0,0,0,1,0,0,0,1,0,0,0,0,1,0,0,0,0,0,0,0,1,1,0,0,0,0,0,0,0,0,0,0,0,1,1,0,0,0,0,0,0,1,0,0,106,-3.7577345919666434,32.39414172562377,0.17947889749013543
0,0,0,1,0,0,0,0,0,1,0,0,1770,100,30,1,0.14285715,0,0,1,0,0,1,0,0,0,0,0,1,0,0,0,0,0,0,0,0,0,0,0,0,1,1,0,0,0,0,0,0,1,0,0,0,1,1,0,1,1,0,0,91,-6.473850242564165,206.5554167281436,0.4153703689479866
0,0,0,0,0,1,0,0,0,1,0,0,3020,100,36,2,0,0,0,0,0,1,1,0,0,0,0,0,0,0,1,0,0,0,0,0,1,1,0,0,0,0,0,0,0,0,0,0,0,0,0,0,0,1,1,1,1,1,0,0,124,-4.937625360830942,128.66319018995375,0.4157467620374534
0,0,0,0,0,1,1,0,0,0,0,0,400,100,38,1,0,0,0,1,0,0,1,0,0,0,0,0,0,1,0,0,0,0,0,0,1,1,0,0,1,1,0,0,0,0,0,0,0,0,0,1,0,1,0,0,0,1,0,0,96,-2.549985591861451,134.6080506523915,0.2879748563984783
0,0,0,0,0,1,1,0,0,0,0,0,370,100,38,1,0,0,0,1,0,0,1,0,0,0,0,0,0,1,0,0,0,0,0,0,1,1,0,0,1,1,0,0,0,0,0,0,0,0,0,1,0,1,0,0,0,1,0,0,96,-1.7025770312118824,140.06654091885835,0.2911616586353091
0,0,0,0,0,1,0,0,0,0,1,0,2350,100,22,1,0,0,1,0,0,0,1,0,0,0,0,0,1,0,0,0,0,0,0,0,1,1,0,0,1,1,0,0,0,0,0,0,0,1,0,0,0,1,0,0,0,1,0,1,79,-17.01931688758516,139.09758931650038,0.3542433322975606
0,0,1,0,0,0,0,0,1,0,0,0,760,100,56,1,0.14285715,0,0,1,0,0,1,0,0,0,0,0,1,0,0,0,0,0,0,0,1,1,0,0,0,1,0,0,0,0,1,0,0,0,0,0,1,0,0,1,1,1,0,1,157,-3.3355829573981746,34.37485911702796,0.5916348037749593
0,1,0,0,0,0,0,0,0,0,0,1,2420,100,41,1,0,0,1,0,0,0,0,1,0,0,0,0,0,1,0,0,0,0,0,0,0,1,0,0,0,0,0,0,0,0,0,0,0,1,0,0,0,1,1,0,0,1,0,0,181,-11.11007014289641,68.5020938224652,0.41688740736176255
0,1,0,0,0,0,0,0,0,0,0,1,2780,100,41,1,0,0,1,0,0,0,0,1,0,0,0,0,0,1,0,0,0,0,0,0,0,1,0,0,0,0,0,0,0,0,0,0,0,1,0,0,0,1,1,0,0,1,0,0,36,-16.11235981149053,90.21060887462308,0.41986738322033834
0,1,0,0,0,0,0,0,0,0,0,1,1850,100,41,1,0,0,1,0,0,0,0,1,0,0,0,0,0,1,0,0,0,0,0,0,0,1,0,0,0,0,0,0,0,0,0,0,0,1,0,0,0,1,1,0,0,1,0,0,106,-13.260211629960263,63.59123017203895,0.46327295745625047
0,0,0,0,0,1,1,0,0,0,0,0,10140,100,36,1,0.14285715,1,0,0,0,0,0,1,0,0,0,0,1,0,0,0,0,0,0,0,1,1,0,1,1,1,0,0,0,0,1,0,0,0,1,0,0,1,1,1,0,1,0,0,95,0.5320928113153451,179.95774862685147,0.2731930907116255
0,1,0,0,0,0,0,0,0,0,1,0,1160,100,33,1,0.14285715,0,1,0,0,0,1,0,0,0,0,0,0,0,1,0,0,0,0,0,1,1,0,0,1,1,0,0,0,0,0,1,0,1,0,0,1,1,1,1,1,1,0,0,87,-11.510292065550118,135.1186463057535,0.3628566013867176
0,0,0,1,0,0,0,0,1,0,0,0,1600,100,85,1,0,0,0,0,1,0,0,1,0,0,0,0,0,0,0,0,1,0,0,0,0,1,0,0,0,1,0,0,0,0,0,0,0,0,0,0,1,0,0,0,1,1,0,0,151,-7.952205173467252,62.843331528912785,0.5021382030434653
0,0,0,0,1,0,0,0,0,1,0,0,1260,90,23,1,0,0,1,0,0,0,1,0,0,0,0,0,1,0,0,0,0,0,0,0,0,1,0,0,1,0,0,0,0,0,0,0,0,1,0,0,0,1,1,0,1,1,0,1,89,-21.211445345914626,151.8063018723887,0.4341326949700857
0,0,0,0,1,0,0,0,0,1,0,0,250,80,42,2,0,0,0,1,0,0,1,0,0,0,0,0,0,0,1,0,0,0,0,0,1,1,0,0,0,0,0,0,0,0,0,0,0,1,0,0,0,1,0,0,0,1,0,1,27,-0.4638416511213957,98.0518347102275,0.38109266142890036
0,0,0,1,0,0,0,0,0,0,1,0,4820,100,51,1,0.2857143,0,0,1,0,0,1,0,0,0,0,0,0,0,1,0,0,0,0,0,1,1,1,1,0,1,0,0,0,1,0,0,1,0,0,0,0,0,1,0,0,1,0,0,93,13.317798552072986,37.58780780466564,0.3780900291031334
0,0,0,0,1,0,0,0,0,0,0,1,1500,90,31,1,0,0,1,0,0,0,1,0,0,0,0,0,1,0,0,0,0,0,0,0,1,1,0,0,0,1,0,0,0,0,0,0,0,0,0,0,0,1,0,0,0,1,0,0,89,-13.721432505586765,44.379530194832554,0.48427654481057864
0,0,0,0,1,0,0,0,0,0,0,1,440,100,60,1,1,0,0,1,0,0,0,1,0,0,0,0,1,0,0,0,0,0,0,0,1,1,0,1,0,1,1,1,1,1,1,1,1,0,1,0,1,0,1,1,0,1,0,0,95,4.941797514555037,53.01250106254848,0.5028678735141426
0,1,0,0,0,0,0,0,1,0,0,0,5440,80,52,1,0,0,0,1,0,0,0,0,1,0,0,0,1,0,0,0,0,0,0,0,1,1,1,1,0,0,0,0,0,0,0,0,0,0,1,0,0,1,0,1,1,1,0,0,102,9.581563994884425,81.05794930026,0.5347786146619585
0,0,0,1,0,0,0,0,1,0,0,0,1910,100,56,1,0,0,0,1,0,0,0,1,0,0,0,0,0,0,0,0,1,0,0,0,1,0,0,0,1,0,0,0,0,0,0,0,0,1,0,0,1,1,1,1,1,1,0,1,12,-2.302550538946218,13.510991423496662,0.5217332374443421
0,1,0,0,0,0,0,0,1,0,0,0,1500,100,60,1,0,0,0,1,0,0,0,1,0,0,0,0,1,0,0,0,0,0,0,0,1,1,1,1,1,1,0,0,0,0,0,0,0,1,0,0,0,0,1,0,0,1,0,1,142,9.065200203614513,20.22954794001156,0.5062843811745201
0,1,0,0,0,0,0,0,1,0,0,0,2000,100,60,1,0,0,0,1,0,0,0,1,0,0,0,0,1,0,0,0,0,0,0,0,1,1,1,1,1,1,0,0,0,0,0,0,0,1,0,0,0,0,1,0,0,1,0,1,142,9.563055527277687,27.71343547706439,0.499995296470365
0,1,0,0,0,0,0,0,1,0,0,0,760,100,29,1,0.14285715,0,0,1,0,0,0,1,0,0,0,0,1,0,0,0,0,0,0,0,0,1,1,0,1,0,1,0,0,0,0,0,0,1,0,1,0,1,1,0,0,1,0,0,6,-12.837877867319412,90.65493846090315,0.5449660468294195
0,0,1,0,0,0,0,0,0,0,0,1,1200,100,30,2,0,0,0,1,0,0,0,1,0,0,0,0,1,0,0,0,0,0,0,0,0,1,1,1,0,1,0,0,0,0,0,0,0,1,0,0,0,1,1,1,1,1,0,1,98,2.4709319649933676,88.55844172588812,0.5220890719452278
0,0,1,0,0,0,0,1,0,0,0,0,7000,100,30,1,0.42857143,0,0,1,0,0,0,1,0,0,0,0,1,0,0,0,0,0,0,0,0,1,1,0,0,1,0,1,1,0,1,0,0,1,1,0,0,1,1,0,1,1,0,0,89,-7.3453813018244825,135.110895764652,0.571119663042771
0,0,0,0,1,0,1,0,0,0,0,0,1430,100,27,1,0.14285715,0,0,0,0,1,1,0,0,0,0,0,1,0,0,0,0,0,0,0,1,0,0,0,0,0,0,0,0,0,0,1,0,0,0,0,0,0,1,0,0,1,0,1,38,-16.26549399783232,52.35881777566559,0.29673257421306043
0,0,1,0,0,0,0,0,1,0,0,0,660,100,32,2,0,0,0,1,0,0,0,1,0,0,0,0,0,0,0,0,0,1,0,0,1,1,1,1,0,1,0,0,0,0,0,0,0,1,0,0,0,0,1,1,1,1,0,0,98,-1.5203773300615455,71.24665468515063,0.5958943321261249
0,0,1,0,0,0,1,0,0,0,0,0,2960,100,52,1,0,0,0,1,0,0,0,0,1,0,0,0,1,0,0,0,0,0,0,0,0,1,1,0,0,0,0,0,0,0,0,0,0,0,0,0,0,1,1,1,1,1,0,0,48,-1.1410808759330304,96.79720776953509,0.3378916011375191
0,0,0,0,1,0,0,1,0,0,0,0,4560,100,72,1,0,0,0,1,0,0,0,0,0,1,0,0,0,0,1,0,0,0,0,0,1,1,0,0,1,0,0,0,0,0,0,0,0,0,1,0,0,1,0,0,1,1,0,0,203,-0.08075215636463819,77.6790606472671,0.48838796018293706
0,0,0,0,1,0,1,0,0,0,0,0,4930,100,45,1,0,0,0,1,0,0,0,1,0,0,0,0,1,0,0,0,0,0,0,0,1,1,1,1,1,1,0,0,0,0,0,0,0,1,0,0,0,1,1,1,0,1,0,1,90,12.80284738199119,69.6037641044146,0.24294780411351063
0,0,0,1,0,0,0,0,0,0,1,0,2100,100,53,4,0,0,0,1,0,0,0,0,1,0,0,0,0,0,0,0,0,1,0,0,1,1,1,1,1,1,0,0,0,0,0,0,0,0,0,1,0,1,1,0,1,1,0,1,99,9.747661342357004,36.16737160487222,0.3382267650209227
0,0,1,0,0,0,0,0,0,1,0,0,2590,60,50,2,0,0,1,0,0,0,1,0,0,0,0,0,0,0,1,0,0,0,0,0,1,1,0,0,0,0,0,0,0,0,0,0,0,0,0,0,0,1,1,1,1,1,0,1,2,-3.779303594317734,169.4496623484574,0.5651325104727442
0,0,1,0,0,0,0,0,0,1,0,0,3210,60,50,2,0,0,1,0,0,0,1,0,0,0,0,0,0,0,1,0,0,0,0,0,1,1,0,0,0,0,0,0,0,0,0,0,0,0,0,0,0,1,1,1,1,1,0,1,2,-1.8618905109338526,110.58197088085741,0.5531398547441421
0,0,1,0,0,0,0,0,0,1,0,0,2290,60,50,2,0,0,1,0,0,0,1,0,0,0,0,0,0,0,1,0,0,0,0,0,1,1,0,0,0,0,0,0,0,0,0,0,0,0,0,0,0,1,1,1,1,1,0,1,2,-3.115952388676256,130.18843772166383,0.5743333609781708
0,0,1,0,0,0,0,0,0,1,0,0,2900,100,61,1,0,0,1,0,0,0,1,0,0,0,0,0,0,1,0,0,0,0,0,0,0,1,0,0,0,0,0,0,0,0,0,0,0,0,0,0,0,0,0,0,0,1,0,0,145,-4.2662194603313885,59.30925207869593,0.5338618093264228
0,0,0,0,0,1,0,0,0,1,0,0,1570,100,61,7,0.14285715,0,0,1,0,0,0,0,0,1,0,0,1,0,0,0,0,0,0,0,1,1,0,0,1,1,0,0,0,0,0,1,0,1,0,0,0,1,0,0,1,1,0,1,83,-3.7581781407187966,31.365509095628166,0.42850664538611205
0,1,0,0,0,0,0,0,0,0,1,0,1070,50,41,2,0.42857143,0,0,1,0,0,1,0,0,0,0,0,0,0,1,0,0,0,0,0,1,1,1,1,0,1,0,0,0,1,1,1,0,1,0,1,0,1,1,0,0,1,0,0,62,5.598876412873208,39.967711359121324,0.37147229592595016
0,0,1,0,0,0,0,0,0,1,0,0,2170,100,50,1,0.5714286,0,1,0,0,0,1,0,0,0,0,0,0,0,0,0,1,0,0,0,0,1,0,1,1,0,0,0,0,1,1,1,1,0,1,0,0,1,1,1,1,1,0,1,80,2.0474191609578893,92.83681217550722,0.5519538172449446
0,0,0,1,0,0,0,0,0,0,0,1,910,90,26,1,0,0,0,1,0,0,1,0,0,0,0,0,1,0,0,0,0,0,0,0,0,1,0,0,0,1,0,0,0,0,0,0,0,1,0,0,0,0,0,0,0,1,0,0,229,-5.631788386136546,95.20925042162581,0.41990719554456507
0,0,0,0,1,0,0,0,0,1,0,0,2300,100,46,1,0,0,0,1,0,0,1,0,0,0,0,0,0,1,0,0,0,0,0,0,0,1,0,0,0,0,0,0,0,0,0,0,0,0,0,0,0,1,0,0,1,1,0,0,137,-1.181449743148077,73.25935114986338,0.47683814420145726
0,0,0,1,0,0,0,0,0,0,0,1,1420,100,45,1,0,0,1,0,0,0,0,1,0,0,0,0,1,0,0,0,0,0,0,0,1,1,1,1,0,1,0,0,0,0,0,0,0,1,0,0,0,1,1,0,0,1,0,0,183,6.208363996591712,115.5577530359694,0.4653451741745766
0,0,1,0,0,0,0,0,0,1,0,0,1660,100,51,1,0.85714287,0,1,0,0,0,0,0,0,1,0,0,1,0,0,0,0,0,0,0,1,1,1,1,0,0,1,1,0,1,1,1,1,0,1,0,0,0,1,0,0,1,0,1,91,0.7335809859170088,35.29185251736098,0.5904112438860523
0,0,1,0,0,0,0,0,0,1,0,0,4850,100,51,1,0.85714287,0,1,0,0,0,0,0,0,1,0,0,1,0,0,0,0,0,0,0,1,1,1,1,0,0,1,1,0,1,1,1,1,0,1,0,0,0,1,0,0,1,0,1,91,2.0888686512919814,30.914966415819347,0.5404238854340011
1,0,0,0,0,0,0,0,0,0,0,1,840,100,34,1,0.42857143,0,1,0,0,0,0,1,0,0,0,0,1,0,0,0,0,0,0,0,0,1,0,0,0,1,1,0,0,0,1,1,0,0,0,0,1,0,1,0,0,1,0,1,22,-16.81308697800333,66.65708473611424,0.4725641138652208
0,0,0,1,0,0,0,0,0,0,0,1,690,100,42,1,0.14285715,0,0,1,0,0,0,1,0,0,0,0,1,0,0,0,0,0,0,0,1,1,1,1,0,1,0,0,0,0,0,0,1,0,0,0,0,0,0,1,0,1,0,0,92,6.929133674313029,54.991279123310335,0.4555514472869663
1,0,0,0,0,0,0,0,0,0,0,1,700,100,60,1,0,0,0,1,0,0,1,0,0,0,0,0,0,0,0,0,1,0,0,0,1,1,1,0,1,0,0,0,0,0,0,0,0,1,0,0,0,1,1,1,0,1,0,1,3,-4.632801257250562,160.0192959154274,0.45527807595695646
1,0,0,0,0,0,0,0,0,0,1,0,320,100,55,1,0,0,0,1,0,0,1,0,0,0,0,0,1,0,0,0,0,0,0,0,1,1,0,1,0,0,0,0,0,0,0,0,0,0,0,1,0,1,1,0,0,1,0,0,30,-4.486443703331643,113.31487437960317,0.33844392998234357
1,0,0,0,0,0,0,0,1,0,0,0,1040,100,19,1,0,0,0,1,0,0,0,1,0,0,0,0,1,0,0,0,0,0,0,0,1,1,0,0,0,0,0,0,0,0,0,0,0,1,0,0,0,0,1,1,1,1,0,1,17,-15.927781334945296,186.7158857754045,0.5648508599108645
1,0,0,0,0,0,0,0,1,0,0,0,710,100,19,1,0,0,0,1,0,0,0,1,0,0,0,0,1,0,0,0,0,0,0,0,1,1,0,0,0,0,0,0,0,0,0,0,0,1,0,0,0,0,1,1,1,1,0,1,17,-15.566412590553806,121.21918319573567,0.5538879714211148
1,0,0,0,0,0,0,0,0,0,1,0,1540,80,51,1,1,0,0,1,0,0,1,0,0,0,0,0,1,0,0,0,0,0,0,0,0,1,0,0,0,0,1,1,1,1,1,1,1,0,0,0,0,1,1,0,0,1,0,0,92,-6.611409448740168,105.88489694494069,0.36269366059203206
0,0,0,0,1,0,0,0,0,0,0,1,2000,100,42,1,0,0,0,1,0,0,1,0,0,0,0,0,1,0,0,0,0,0,0,0,0,1,0,0,1,0,0,0,0,0,0,0,0,0,0,0,0,1,0,1,1,1,0,1,90,0.18273457882448516,68.440004114927,0.4809359576294575
0,0,0,0,0,1,0,0,0,0,0,1,1530,100,42,1,0,0,0,1,0,0,1,0,0,0,0,0,1,0,0,0,0,0,0,0,0,1,1,1,1,0,0,0,0,0,0,0,0,1,0,1,0,0,1,0,0,1,0,1,93,11.363095373228811,84.87063361713338,0.47669925281058406
0,0,0,0,1,0,0,0,1,0,0,0,1900,100,57,1,0,0,1,0,0,0,0,1,0,0,0,0,0,0,1,0,0,0,0,0,1,0,0,0,1,0,0,0,0,0,0,0,0,1,0,1,0,1,1,1,1,1,0,1,68,-11.341776263708006,71.64166551318866,0.5183818680656422
0,0,0,0,0,1,0,0,0,1,0,0,3410,100,59,2,0.2857143,0,0,1,0,0,1,0,0,0,0,0,0,0,1,0,0,0,0,0,1,1,1,1,0,0,0,1,0,0,0,1,0,1,0,0,1,1,0,1,0,1,0,0,124,11.742526674984529,118.51618465227222,0.4344810504435766
0,0,0,1,0,0,1,0,0,0,0,0,1770,100,45,2,0.14285715,0,0,1,0,0,1,0,0,0,0,0,1,0,0,0,0,0,0,0,0,1,0,1,0,1,0,0,0,0,0,1,0,0,0,0,0,1,0,1,1,1,0,0,97,10.89989844904834,18.679527120038493,0.3136975904244399
0,0,0,0,0,1,0,0,0,0,0,1,1680,100,54,1,0.2857143,0,1,0,0,0,0,1,0,0,0,0,1,0,0,0,0,0,0,0,1,1,0,0,0,0,1,0,1,0,0,0,0,1,1,0,0,1,1,0,0,1,0,1,91,-13.225796441841956,70.30679877449336,0.45167307716739274
0,0,0,0,1,0,0,0,0,0,0,1,2520,100,51,1,0.2857143,0,0,1,0,0,1,0,0,0,0,0,0,0,1,0,0,0,0,0,1,1,1,0,0,1,1,0,0,0,1,0,0,0,1,1,0,0,0,1,0,1,0,0,99,5.797283298248589,78.36693678438283,0.4614677596866959
0,0,1,0,0,0,0,0,0,1,0,0,880,75,49,1,0,0,1,0,0,0,1,0,0,0,0,0,0,0,1,0,0,0,0,0,1,1,1,1,0,0,0,0,0,0,0,0,0,0,1,1,0,0,0,0,0,1,0,0,79,2.8223364936434834,35.90216039141097,0.5424997323514148
0,1,0,0,0,0,0,0,1,0,0,0,910,100,23,1,0,0,0,1,0,0,0,1,0,0,0,0,0,0,0,1,0,0,0,0,1,0,0,0,0,0,0,0,0,0,0,0,0,1,0,0,0,0,1,0,1,1,0,1,66,-14.272885890465284,152.0699648110858,0.5253837774870014
0,0,1,0,0,0,0,0,1,0,0,0,250,100,23,1,0,0,1,0,0,0,0,1,0,0,0,0,1,0,0,0,0,0,0,0,0,1,0,0,0,1,0,0,0,0,0,0,0,1,0,0,0,1,1,1,1,1,0,1,71,-20.614426225318027,158.17354675542748,0.5743074717956934
1,0,0,0,0,0,0,0,0,1,0,0,1500,100,35,1,0,0,1,0,0,0,0,1,0,0,0,0,1,0,0,0,0,0,0,0,1,1,0,0,0,0,0,0,0,0,0,0,0,0,0,0,0,1,1,0,0,1,0,1,82,-21.780577061181674,70.12905175998799,0.4962240183357051
1,0,0,0,0,0,0,0,0,1,0,0,1390,100,35,1,0,0,1,0,0,0,0,1,0,0,0,0,1,0,0,0,0,0,0,0,1,1,0,0,0,0,0,0,0,0,0,0,0,0,0,0,0,1,1,0,0,1,0,1,82,-21.797954986701512,35.062699027488236,0.5269307730219588
0,0,0,0,0,1,1,0,0,0,0,0,660,100,24,1,0,0,1,0,0,0,0,1,0,0,0,0,0,0,0,0,0,1,0,0,1,1,0,0,0,0,0,0,0,0,0,0,0,1,0,0,1,0,1,1,0,1,0,0,193,-22.38830284559892,74.2685688911172,0.3349427787204035
1,0,0,0,0,0,0,0,0,1,0,0,510,100,25,1,0,0,1,0,0,0,0,1,0,0,0,0,1,0,0,0,0,0,0,0,1,1,1,0,0,0,0,0,0,0,0,0,0,0,1,0,0,1,1,0,0,1,0,1,183,-28.610984074458706,39.11787722911029,0.4985080598160311
0,0,0,1,0,0,1,0,0,0,0,0,3390,100,56,1,0.71428573,0,0,1,0,0,1,0,0,0,0,0,0,0,1,0,0,0,0,0,1,1,1,1,0,0,0,1,1,1,1,1,0,1,1,0,0,1,0,0,0,1,0,1,106,8.16156949733714,55.189872879930135,0.2548157714755221
0,0,1,0,0,0,0,0,0,1,0,0,680,80,52,1,0,0,0,1,0,0,1,0,0,0,0,0,0,1,0,0,0,0,0,0,1,1,1,0,1,1,0,0,0,0,0,0,0,0,0,0,0,1,0,1,1,1,0,1,91,-1.6016901179424003,21.02642914559973,0.5493552499916697
0,0,0,0,1,0,0,0,0,0,0,1,900,100,60,1,0.14285715,1,0,0,0,0,0,1,0,0,0,0,1,0,0,0,0,0,0,0,0,1,0,1,0,0,0,0,0,1,0,0,0,0,1,0,0,1,0,1,0,1,0,1,92,0.7707845887244815,78.70123733180593,0.42044821488771245
0,0,0,0,1,0,0,0,0,0,1,0,3290,100,44,1,0.2857143,0,0,1,0,0,0,1,0,0,0,0,1,0,0,0,0,0,0,0,0,1,1,1,1,1,0,0,0,1,0,0,1,1,0,0,0,1,1,0,1,1,0,0,91,7.541977621175173,61.858159033986674,0.37245754766818623
0,0,1,0,0,0,0,0,1,0,0,0,2150,100,55,1,0,0,0,1,0,0,0,1,0,0,0,0,0,1,0,0,0,0,0,0,1,1,0,0,1,1,0,0,0,0,0,0,0,0,0,0,0,0,1,0,0,1,0,1,92,-1.425313767144356,41.133631826695506,0.5490823097715236
0,0,0,1,0,0,0,0,1,0,0,0,1520,90,24,1,0.2857143,0,1,0,0,0,0,1,0,0,0,0,1,0,0,0,0,0,0,0,1,1,0,0,0,0,0,0,1,0,1,0,0,1,0,0,0,1,1,0,1,1,0,0,92,-22.608627452300016,119.90084814359369,0.5253848764545378
0,0,0,0,1,0,0,0,0,1,0,0,250,90,24,1,0.14285715,0,0,1,0,0,0,1,0,0,0,0,0,0,0,0,0,1,0,0,1,0,0,0,0,0,0,1,0,0,0,0,0,1,0,0,0,0,0,1,1,1,0,0,186,-13.678584971938477,142.25862574653772,0.44679906936277675
0,0,0,0,1,0,1,0,0,0,0,0,3170,100,43,1,0,0,0,1,0,0,0,1,0,0,0,0,1,0,0,0,0,0,0,0,1,1,1,1,1,1,0,0,0,0,0,0,0,1,1,0,0,1,1,0,0,1,0,0,91,11.086176166813086,33.62581052741066,0.28105424996484785
0,0,0,1,0,0,0,0,0,0,0,1,550,90,33,1,0.42857143,0,0,1,0,0,0,1,0,0,0,0,1,0,0,0,0,0,0,0,0,1,0,0,1,1,0,1,0,0,1,1,0,1,1,0,0,0,1,1,1,1,0,0,26,-9.24419642218426,91.46943456737209,0.46291292275367923
0,1,0,0,0,0,0,0,1,0,0,0,670,100,59,1,0.2857143,0,0,1,0,0,1,0,0,0,0,0,0,0,1,0,0,0,0,0,1,1,0,0,1,1,0,0,0,1,0,1,0,0,0,0,0,1,1,1,1,1,0,1,85,-1.3403936462688804,127.52802817909088,0.5451619003597236
0,1,0,0,0,0,0,0,1,0,0,0,20000,100,65,2,0,0,0,1,0,0,1,0,0,0,0,0,1,0,0,0,0,0,0,0,0,1,0,0,1,0,0,0,0,0,0,0,0,1,0,0,0,1,0,0,0,1,0,1,88,3.6341888687045762,57.90783519998285,0.4358054262004611
1,0,0,0,0,0,0,0,0,0,0,1,400,100,48,1,0,0,1,0,0,0,0,1,0,0,0,0,1,0,0,0,0,0,0,0,1,1,0,0,0,0,0,0,0,0,0,0,0,0,0,0,1,1,1,0,0,1,0,1,91,-18.135874504882516,61.84837034860254,0.4984515301628605
0,0,1,0,0,0,0,0,1,0,0,0,1630,100,47,1,0,0,0,1,0,0,1,0,0,0,0,0,1,0,0,0,0,0,0,0,0,1,0,0,1,0,0,0,0,0,0,0,0,1,0,0,0,1,1,1,1,1,0,1,29,3.775255343110966,112.31937486467257,0.6646677319825919
0,0,0,0,1,0,1,0,0,0,0,0,1440,100,29,1,0.14285715,0,1,0,0,0,0,1,0,0,0,0,1,0,0,0,0,0,0,0,1,1,0,0,0,0,0,0,0,0,0,1,0,1,0,0,0,1,1,0,1,1,0,1,90,-20.24250880702774,86.76512582182748,0.3159237220253591
1,0,0,0,0,0,0,1,0,0,0,0,550,100,57,1,1,0,1,0,0,0,0,0,0,1,0,0,0,1,0,0,0,0,0,0,1,1,0,0,0,0,1,1,1,1,1,1,1,0,1,0,0,1,0,0,0,1,0,1,49,-17.430070085640143,108.55856373864562,0.4988895263612899
0,0,1,0,0,0,0,0,0,0,0,1,380,100,44,1,0,0,1,0,0,0,1,0,0,0,0,0,1,0,0,0,0,0,0,0,1,1,0,1,1,1,0,0,0,0,0,0,0,0,0,0,0,1,1,0,0,1,0,0,96,1.6016246617788026,117.25318702985503,0.5799862503401115
0,0,1,0,0,0,1,0,0,0,0,0,810,100,36,1,0.42857143,0,0,0,1,0,0,1,0,0,0,0,1,0,0,0,0,0,0,0,1,1,1,1,1,1,0,0,1,1,0,0,1,1,1,0,0,1,0,0,1,1,0,0,91,-4.095013657082684,27.985389685829443,0.3183014398466576
0,0,0,0,1,0,1,0,0,0,0,0,10990,75,39,1,0,0,0,1,0,0,0,1,0,0,0,0,1,0,0,0,0,0,0,0,0,0,1,1,0,1,0,0,0,0,0,0,0,1,0,0,0,1,1,0,0,1,0,0,91,11.975589615130616,62.8260658400277,0.29539847515107676
0,0,0,0,1,0,0,1,0,0,0,0,510,100,44,1,0,0,0,1,0,0,0,1,0,0,0,0,0,0,1,0,0,0,0,0,1,1,0,0,1,0,0,0,0,0,0,0,0,0,0,0,0,1,0,0,1,1,0,0,92,-10.891328190298077,90.90208670763002,0.5181498360877755
1,0,0,0,0,0,0,1,0,0,0,0,5220,100,46,1,0,0,0,1,0,0,0,1,0,0,0,0,0,1,0,0,0,0,0,0,1,1,1,1,1,1,0,0,0,0,0,0,0,1,0,0,0,0,1,0,1,1,0,1,80,1.6917156021636877,92.55797753591183,0.49267930806076754
0,0,0,0,0,1,0,0,1,0,0,0,800,100,43,1,0,0,1,0,0,0,1,0,0,0,0,0,1,0,0,0,0,0,0,0,1,0,0,1,1,1,0,0,0,0,0,0,0,1,0,0,0,1,1,1,1,1,0,1,102,1.5181642394878008,81.2596277655319,0.6039874743338056
0,0,0,0,1,0,1,0,0,0,0,0,1790,80,38,1,0,0,1,0,0,0,1,0,0,0,0,0,0,0,1,0,0,0,0,0,1,1,0,0,0,0,0,0,0,0,0,0,0,1,1,0,0,1,0,0,0,1,0,0,21,-8.04618568595375,73.38046822489062,0.31271182677048853
0,0,0,0,0,1,0,0,0,1,0,0,1170,100,34,2,0,1,0,0,0,0,1,0,0,0,0,0,1,0,0,0,0,0,0,0,1,1,1,0,0,0,0,0,0,0,0,0,0,1,0,0,0,1,1,1,1,1,0,0,103,-6.305649641829249,27.74205961349816,0.3935399725979037
0,1,0,0,0,0,0,0,0,1,0,0,1350,100,34,3,0.71428573,0,0,0,0,1,1,0,0,0,0,0,1,0,0,0,0,0,0,0,1,1,1,1,0,0,0,0,1,1,1,1,1,1,0,0,0,1,1,1,1,1,0,0,72,2.1587443101808894,74.943661428921,0.4511030223731445
1,0,0,0,0,0,0,0,0,0,1,0,580,90,49,5,0.42857143,0,0,1,0,0,1,0,0,0,0,0,1,0,0,0,0,0,0,0,1,1,0,0,0,1,0,1,0,1,0,0,1,0,0,1,0,1,1,0,0,1,0,0,14,-9.65259797061715,138.20572082694008,0.3511229751672268
0,1,0,0,0,0,0,0,1,0,0,0,2220,80,27,1,0.42857143,0,0,0,0,1,1,0,0,0,0,0,1,0,0,0,0,0,0,0,0,1,1,1,0,0,1,0,0,1,0,1,0,0,1,0,0,1,0,0,0,1,0,1,59,-6.597795059287438,131.48788822636183,0.48679519133583377
0,0,0,1,0,0,1,0,0,0,0,0,12830,90,37,1,1,0,1,0,0,0,1,0,0,0,0,0,0,0,1,0,0,0,0,0,1,1,1,1,0,0,1,1,1,1,1,1,1,0,1,0,0,0,1,1,0,1,0,0,99,4.8816101092152024,120.44161244609325,0.295711522850647
0,0,0,1,0,0,1,0,0,0,0,0,3870,90,37,1,1,0,1,0,0,0,1,0,0,0,0,0,0,0,1,0,0,0,0,0,1,1,1,1,0,0,1,1,1,1,1,1,1,0,1,0,0,0,1,1,0,1,0,0,99,4.98357574804896,73.06495873522694,0.27412227692863017
0,0,0,1,0,0,1,0,0,0,0,0,3470,90,37,1,1,0,1,0,0,0,1,0,0,0,0,0,0,0,1,0,0,0,0,0,1,1,1,1,0,0,1,1,1,1,1,1,1,0,1,0,0,0,1,1,0,1,0,0,99,2.8840333527068314,65.17484341331843,0.29540039028844756
0,0,0,1,0,0,1,0,0,0,0,0,3100,90,37,1,1,0,1,0,0,0,1,0,0,0,0,0,0,0,1,0,0,0,0,0,1,1,1,1,0,0,1,1,1,1,1,1,1,0,1,0,0,0,1,1,0,1,0,0,99,4.8293638566048,66.32838483347444,0.30163385576782503
0,0,0,0,0,1,0,0,1,0,0,0,1310,100,49,1,0,0,1,0,0,0,0,0,1,0,0,0,1,0,0,0,0,0,0,0,1,1,0,0,1,0,0,0,0,0,0,0,0,1,0,0,0,1,0,1,1,1,0,1,70,-12.464559736045585,153.7968172088778,0.5759510207300814
1,0,0,0,0,0,0,0,0,1,0,0,820,90,45,2,0.14285715,0,0,1,0,0,0,1,0,0,0,0,1,0,0,0,0,0,0,0,1,1,1,1,0,0,1,0,0,0,0,0,0,1,0,0,0,1,1,1,1,1,0,1,203,-7.426198447664168,189.96644886128738,0.39030614194844054
0,0,0,0,1,0,0,0,0,0,0,1,1860,100,21,1,0,0,0,1,0,0,0,1,0,0,0,0,1,0,0,0,0,0,0,0,0,1,0,0,1,1,0,0,0,0,0,0,0,1,0,0,0,0,1,1,1,1,0,1,186,-17.58104607303269,248.9920224470551,0.46470847488385136
1,0,0,0,0,0,0,1,0,0,0,0,7140,90,45,1,0.85714287,0,0,1,0,0,0,1,0,0,0,0,0,0,1,0,0,0,0,0,1,1,0,0,0,1,0,1,1,1,1,1,1,1,1,0,0,1,0,0,0,1,0,1,120,-8.98392874178977,170.7924308220151,0.43609191087296745
0,0,0,0,0,1,0,0,0,1,0,0,2550,40,32,2,1,0,0,1,0,0,1,0,0,0,0,0,1,0,0,0,0,0,0,0,1,1,1,0,0,0,1,1,1,1,1,1,1,1,1,0,0,1,1,0,1,1,0,1,72,-2.127195638443418,102.84876843508219,0.4193240970265589
0,1,0,0,0,0,0,0,1,0,0,0,250,80,22,1,0,0,0,0,0,1,0,1,0,0,0,0,0,1,0,0,0,0,0,0,0,1,1,0,1,0,0,0,0,0,0,0,0,1,0,0,1,0,1,1,1,1,0,1,28,-17.55603855413332,106.07453279234403,0.5411535050315376
1,0,0,0,0,0,0,1,0,0,0,0,6460,100,43,1,0,0,0,1,0,0,1,0,0,0,0,0,1,0,0,0,0,0,0,0,0,1,1,1,1,1,0,0,0,0,0,0,0,1,0,0,0,0,1,0,1,1,0,1,88,3.054896810939249,224.67878520076826,0.5476933239603853
1,0,0,0,0,0,0,1,0,0,0,0,6010,100,43,1,0,0,0,1,0,0,1,0,0,0,0,0,1,0,0,0,0,0,0,0,0,1,1,1,1,1,0,0,0,0,0,0,0,1,0,0,0,0,1,0,1,1,0,1,88,5.365826548225337,186.05906931811117,0.5433627053489601
1,0,0,0,0,0,0,1,0,0,0,0,6930,100,43,1,0,0,0,1,0,0,1,0,0,0,0,0,1,0,0,0,0,0,0,0,0,1,1,1,1,1,0,0,0,0,0,0,0,1,0,0,0,0,1,0,1,1,0,1,88,5.838235156933627,106.32928543563962,0.5303768140744453
0,0,0,1,0,0,0,0,0,0,0,1,350,100,52,1,0,1,0,0,0,0,1,0,0,0,0,0,0,0,1,0,0,0,0,0,1,1,0,0,0,0,0,0,0,0,0,0,0,1,0,0,0,1,1,0,0,1,0,0,15,-10.059581571077901,131.56097959473695,0.44095154648194174
0,0,0,1,0,0,0,0,1,0,0,0,3500,100,37,1,0.14285715,0,1,0,0,0,1,0,0,0,0,0,0,0,1,0,0,0,0,0,1,1,0,0,0,1,1,0,0,0,0,0,0,1,0,0,0,1,0,1,0,1,0,0,4,-7.963053196877257,42.69074373220447,0.4621034922739849
0,1,0,0,0,0,0,0,1,0,0,0,5310,100,30,1,0,0,0,1,0,0,1,0,0,0,0,0,0,0,1,0,0,0,0,0,1,1,0,0,0,0,0,0,0,0,0,0,0,1,0,0,0,0,1,1,1,1,0,0,1,-6.937359857024656,138.38966922112328,0.522634065217148
0,0,0,1,0,0,1,0,0,0,0,0,3500,100,50,1,0,0,0,1,0,0,1,0,0,0,0,0,1,0,0,0,0,0,0,0,1,1,0,0,1,1,0,0,0,0,0,0,0,1,0,0,1,1,0,1,1,1,0,0,30,2.4426414671634236,111.06191695064804,0.3233286439251729
0,1,0,0,0,0,0,0,0,1,0,0,900,100,51,3,0,0,1,0,0,0,1,0,0,0,0,0,0,0,1,0,0,0,0,0,1,1,0,0,0,0,0,0,0,0,0,0,0,0,0,0,0,0,1,0,1,1,0,1,91,-10.373987474328558,61.08668478987368,0.42643768605203974
0,0,1,0,0,0,0,1,0,0,0,0,2100,100,40,1,0,0,0,1,0,0,0,1,0,0,0,0,0,1,0,0,0,0,0,0,0,1,0,0,0,0,0,0,0,0,0,0,0,1,0,0,0,0,0,1,1,1,0,1,40,-4.45255708018397,13.435273053200135,0.5555419149314794
0,0,1,0,0,0,0,1,0,0,0,0,2630,100,40,1,0,0,0,1,0,0,0,1,0,0,0,0,0,1,0,0,0,0,0,0,0,1,0,0,0,0,0,0,0,0,0,0,0,1,0,0,0,0,0,1,1,1,0,1,40,-4.842427845237678,36.31663863978837,0.54842781477569
0,0,0,0,1,0,0,0,1,0,0,0,1070,100,42,1,0,0,0,1,0,0,1,0,0,0,0,0,1,0,0,0,0,0,0,0,1,1,0,0,1,1,0,0,0,0,0,0,0,1,0,0,0,1,0,1,1,1,0,1,20,0.46573876275443865,37.40365146987858,0.6006239390387175
0,0,1,0,0,0,0,0,0,0,0,1,730,90,47,1,0.14285715,0,0,1,0,0,1,0,0,0,0,0,1,0,0,0,0,0,0,0,0,1,0,0,0,0,0,0,0,0,0,1,0,0,0,0,0,1,1,1,1,1,0,1,91,-0.36975898651585637,48.025618797062364,0.5579159960760706
0,0,0,0,0,1,0,0,0,1,0,0,800,100,21,1,0,0,0,1,0,0,0,1,0,0,0,0,0,1,0,0,0,0,0,0,1,1,0,1,1,1,0,0,0,0,0,0,0,1,0,0,1,0,1,1,1,1,0,0,103,-8.492549962172616,147.75905575039127,0.3988287602192508
0,0,0,1,0,0,0,0,0,0,1,0,590,100,42,1,0.14285715,0,0,1,0,0,1,0,0,0,0,0,1,0,0,0,0,0,0,0,1,1,0,0,0,1,0,0,0,0,0,1,0,1,0,0,0,0,0,1,0,1,0,0,91,-1.0268355162463554,122.86245224141811,0.33701235726400797
0,0,0,0,0,1,0,0,0,1,0,0,1310,100,42,1,0,0,0,1,0,0,1,0,0,0,0,0,1,0,0,0,0,0,0,0,1,1,0,0,0,1,0,0,0,0,0,0,0,1,0,1,0,1,0,1,1,1,0,0,32,-2.080286181247006,85.83115312425845,0.4210121215459986
0,1,0,0,0,0,0,0,0,0,0,1,860,100,48,1,0,1,0,0,0,0,0,1,0,0,0,0,1,0,0,0,0,0,0,0,1,1,1,1,0,0,0,0,0,0,0,0,0,1,0,0,0,1,1,0,0,1,0,0,2,-2.2182355457009995,90.97400392489119,0.46067587645446495
0,0,1,0,0,0,0,0,0,0,0,1,3140,100,32,1,0,0,1,0,0,0,1,0,0,0,0,0,0,0,1,0,0,0,0,0,1,1,0,0,1,1,0,0,0,0,0,0,0,0,0,0,0,1,0,1,1,1,0,1,30,-8.211638523713614,78.17676885856541,0.5069530127893266
1,0,0,0,0,0,0,0,0,0,1,0,550,80,29,1,0.14285715,0,1,0,0,0,1,0,0,0,0,0,0,0,1,0,0,0,0,0,1,1,0,0,1,0,0,0,1,0,0,0,0,1,0,0,0,1,1,1,0,1,0,0,92,-21.761789566633947,166.35074381724132,0.3529021515619282
0,0,1,0,0,0,0,0,0,1,0,0,3060,100,55,1,0,0,0,1,0,0,1,0,0,0,0,0,0,0,1,0,0,0,0,0,1,1,1,1,0,1,0,0,0,0,0,0,0,0,0,0,0,1,1,0,0,1,0,1,104,14.224159760696113,21.90226640731024,0.5455022471487831
0,0,1,0,0,0,0,0,0,1,0,0,3430,100,55,1,0,0,0,1,0,0,1,0,0,0,0,0,0,0,1,0,0,0,0,0,1,1,1,1,0,1,0,0,0,0,0,0,0,0,0,0,0,1,1,0,0,1,0,1,104,13.651507150274933,76.3633848521654,0.5478961155023322
0,0,1,0,0,0,0,0,0,1,0,0,4570,100,55,1,0,0,0,1,0,0,1,0,0,0,0,0,0,0,1,0,0,0,0,0,1,1,1,1,0,1,0,0,0,0,0,0,0,0,0,0,0,1,1,0,0,1,0,1,104,12.760266869869588,32.502641449198926,0.5345335692691212
0,0,1,0,0,0,0,0,0,1,0,0,2120,100,55,1,0,0,0,1,0,0,1,0,0,0,0,0,0,0,1,0,0,0,0,0,1,1,1,1,0,1,0,0,0,0,0,0,0,0,0,0,0,1,1,0,0,1,0,1,104,12.824957490055827,18.281198266913567,0.5557212651933515
1,0,0,0,0,0,0,0,0,0,1,0,1200,90,72,1,0,0,0,1,0,0,1,0,0,0,0,0,0,0,0,0,1,0,0,0,0,1,0,0,0,0,0,0,0,0,0,0,0,0,0,0,0,1,1,1,0,1,0,0,88,-7.622197242149006,209.09479804696596,0.35972049619606283
0,0,0,0,0,1,1,0,0,0,0,0,710,100,38,1,0.14285715,1,0,0,0,0,1,0,0,0,0,0,1,0,0,0,0,0,0,0,1,1,1,1,0,0,1,0,0,0,0,0,0,1,1,0,0,0,1,0,1,1,0,0,82,1.2082267152318993,36.87322602744608,0.27676399487597225
0,0,0,0,1,0,1,0,0,0,0,0,1330,100,35,1,0,0,1,0,0,0,0,0,1,0,0,0,1,0,0,0,0,0,0,0,1,1,1,1,1,0,0,0,0,0,0,0,0,1,1,0,0,1,1,1,1,1,0,1,98,-2.1967097061101306,120.70367886807841,0.3036688018844397
0,0,0,0,0,1,0,0,0,0,0,1,1820,100,29,1,0,0,0,1,0,0,1,0,0,0,0,0,1,0,0,0,0,0,0,0,0,1,1,1,1,1,0,0,0,0,0,0,0,1,0,1,0,1,1,1,1,1,0,1,89,4.269488626916862,58.373439011701024,0.4313349408663298
0,0,0,1,0,0,0,1,0,0,0,0,3400,100,56,1,0.2857143,0,0,1,0,0,1,0,0,0,0,0,1,0,0,0,0,0,0,0,1,1,1,0,0,1,0,0,1,0,0,1,0,1,0,0,0,0,1,1,0,1,0,1,85,5.16265891172207,103.1546541071777,0.4437904611924157
1,0,0,0,0,0,0,0,1,0,0,0,2380,100,32,1,0.85714287,0,0,0,0,1,1,0,0,0,0,0,0,1,0,0,0,0,0,0,0,1,1,0,0,1,1,0,1,1,1,1,1,1,1,0,0,0,1,1,1,1,0,1,101,-16.84485241971966,154.9469651436727,0.5471675216418073
0,0,0,0,1,0,0,0,0,0,0,1,5230,100,37,1,0,1,0,0,0,0,1,0,0,0,0,0,1,0,0,0,0,0,0,0,1,1,0,0,0,0,0,0,0,0,0,0,0,1,1,0,0,0,1,1,1,1,0,0,60,-5.766930000369249,49.40360204437501,0.45460332551079263
0,0,0,0,1,0,0,1,0,0,0,0,5400,50,59,1,0,0,0,0,0,1,1,0,0,0,0,0,0,0,0,0,0,0,1,0,0,1,0,1,0,1,0,0,0,0,0,0,0,0,1,0,0,1,1,1,1,1,0,1,189,3.9332227438008793,93.81887130494727,0.46670270729374475
0,0,0,0,0,1,0,0,1,0,0,0,700,100,21,1,0,0,1,0,0,0,0,1,0,0,0,0,1,0,0,0,0,0,0,0,1,1,0,0,0,1,0,0,0,0,0,0,0,1,0,0,0,0,1,0,0,1,0,0,195,-19.141950527033778,62.05987069426963,0.5792536545638712
0,0,0,0,1,0,0,0,1,0,0,0,1850,100,38,1,0.42857143,0,1,0,0,0,1,0,0,0,0,0,0,0,1,0,0,0,0,0,1,1,1,1,0,0,0,0,0,1,1,1,0,1,0,0,0,1,1,0,1,1,0,1,11,4.758844015281778,82.42642824703013,0.4936291009767532
0,0,1,0,0,0,0,0,1,0,0,0,2880,100,40,1,0.14285715,0,1,0,0,0,1,0,0,0,0,0,0,1,0,0,0,0,0,0,1,1,1,0,1,1,0,0,0,0,0,1,0,1,0,0,0,1,0,1,1,1,0,1,76,-3.864020725301328,77.24905883626141,0.5783124935492697
0,1,0,0,0,0,0,0,0,0,0,1,1160,100,46,2,0.2857143,0,0,1,0,0,1,0,0,0,0,0,0,0,1,0,0,0,0,0,1,1,0,1,0,1,0,0,0,1,0,1,0,1,1,0,0,0,1,0,0,1,0,0,105,6.4218893587778805,33.43493162185439,0.3899913196211059
0,1,0,0,0,0,0,0,0,0,0,1,380,100,46,2,0.2857143,0,0,1,0,0,1,0,0,0,0,0,0,0,1,0,0,0,0,0,1,1,0,1,0,1,0,0,0,1,0,1,0,1,1,0,0,0,1,0,0,1,0,0,105,4.287796283759411,77.97881976841259,0.3823686055639775
0,1,0,0,0,0,0,0,0,0,0,1,1380,100,46,2,0.2857143,0,0,1,0,0,1,0,0,0,0,0,0,0,1,0,0,0,0,0,1,1,0,1,0,1,0,0,0,1,0,1,0,1,1,0,0,0,1,0,0,1,0,0,105,9.000444065707324,90.53689451687559,0.39486803375412755
0,1,0,0,0,0,0,0,0,0,0,1,350,100,46,2,0.2857143,0,0,1,0,0,1,0,0,0,0,0,0,0,1,0,0,0,0,0,1,1,0,1,0,1,0,0,0,1,0,1,0,1,1,0,0,0,1,0,0,1,0,0,105,6.23023101791753,46.84162188974382,0.3783995488057958
1,0,0,0,0,0,0,0,0,0,1,0,4400,100,66,1,1,0,1,0,0,0,1,0,0,0,0,0,0,0,0,1,0,0,0,0,1,1,1,0,0,0,1,1,1,1,1,1,1,1,0,0,1,0,1,0,1,1,0,0,92,-13.471908768918901,127.01430090948615,0.3706967629973105
0,0,0,1,0,0,0,0,0,0,0,1,5730,100,47,1,0,0,0,1,0,0,1,0,0,0,0,0,1,0,0,0,0,0,0,0,1,0,1,1,1,1,0,0,0,0,0,0,0,1,0,0,0,0,1,1,1,1,0,1,187,11.501815331518015,82.45366789905627,0.46619148013672673
0,0,0,1,0,0,0,0,0,0,0,1,2480,100,47,1,0,0,0,1,0,0,1,0,0,0,0,0,1,0,0,0,0,0,0,0,1,0,1,1,1,1,0,0,0,0,0,0,0,1,0,0,0,0,1,1,1,1,0,1,187,11.999824908499368,75.75170118601683,0.4789699284717039
0,0,1,0,0,0,1,0,0,0,0,0,1340,100,55,1,0.14285715,0,0,1,0,0,0,1,0,0,0,0,0,0,0,0,1,0,0,0,1,1,0,1,1,1,0,0,0,0,0,1,0,1,1,0,0,1,1,0,0,1,0,0,127,4.349447367943662,16.798380941096447,0.2738715292358403
0,0,1,0,0,0,1,0,0,0,0,0,1940,100,55,1,0.14285715,0,0,1,0,0,0,1,0,0,0,0,0,0,0,0,1,0,0,0,1,1,0,1,1,1,0,0,0,0,0,1,0,1,1,0,0,1,1,0,0,1,0,0,127,7.099702398962324,39.38281378175615,0.2705928417568099
0,0,0,1,0,0,0,0,1,0,0,0,1160,100,22,1,0,0,0,1,0,0,0,1,0,0,0,0,0,0,0,0,0,1,0,0,1,1,0,0,1,0,0,0,0,0,0,0,0,1,1,1,0,0,1,1,0,1,0,0,175,-11.829841427038728,128.32067931759335,0.5698562547991576
0,0,0,1,0,0,1,0,0,0,0,0,3940,100,49,1,0,0,1,0,0,0,1,0,0,0,0,0,1,0,0,0,0,0,0,0,1,0,0,0,1,0,0,0,0,0,0,0,0,1,0,0,0,0,1,0,1,1,0,1,26,-3.9397643366358395,40.50125556135093,0.29779499430260326
1,0,0,0,0,0,0,1,0,0,0,0,510,50,30,2,0,0,0,1,0,0,1,0,0,0,0,0,0,0,1,0,0,0,0,0,1,1,1,0,1,0,0,0,0,0,0,0,0,1,0,0,0,1,1,1,1,1,0,1,184,-19.999513300668493,121.96640931399558,0.43808438119652826
1,0,0,0,0,0,0,0,0,0,1,0,760,100,68,1,0.42857143,0,0,1,0,0,0,0,1,0,0,0,1,0,0,0,0,0,0,0,1,1,1,1,0,0,1,0,0,1,0,1,0,0,1,0,0,1,0,0,0,1,0,0,123,-3.2387449288816983,90.6541293869024,0.3012553626014148
1,0,0,0,0,0,0,0,0,0,1,0,1790,100,68,1,0.42857143,0,0,1,0,0,0,0,1,0,0,0,1,0,0,0,0,0,0,0,1,1,1,1,0,0,1,0,0,1,0,1,0,0,1,0,0,1,0,0,0,1,0,0,123,-1.430565815705333,59.74173659703309,0.31276994105720807
1,0,0,0,0,0,0,0,0,0,1,0,700,100,68,1,0.42857143,0,0,1,0,0,0,0,1,0,0,0,1,0,0,0,0,0,0,0,1,1,1,1,0,0,1,0,0,1,0,1,0,0,1,0,0,1,0,0,0,1,0,0,123,-2.181661886490522,78.11296073749553,0.29587886473083236
1,0,0,0,0,0,0,0,0,0,1,0,800,100,68,1,0.42857143,0,0,1,0,0,0,0,1,0,0,0,1,0,0,0,0,0,0,0,1,1,1,1,0,0,1,0,0,1,0,1,0,0,1,0,0,1,0,0,0,1,0,0,123,-2.371418319318641,80.8115143992127,0.30327462755846885
0,0,0,0,1,0,0,0,0,0,1,0,1420,80,56,1,0,0,1,0,0,0,0,1,0,0,0,0,1,0,0,0,0,0,0,0,1,1,0,0,0,1,0,0,0,0,0,0,0,0,1,0,0,1,0,0,0,1,0,0,91,-13.4861584810511,32.50112361550197,0.395097170546227
0,0,0,1,0,0,0,0,0,0,0,1,1060,100,40,1,0.14285715,0,0,1,0,0,0,0,1,0,0,0,0,1,0,0,0,0,0,0,0,1,1,0,1,0,1,0,0,0,0,0,0,1,0,0,0,1,0,1,0,1,0,1,6,0.2036525274317826,86.02064535570517,0.435627386388495
0,0,0,0,0,1,0,0,0,1,0,0,4590,100,47,1,0,0,1,0,0,0,1,0,0,0,0,0,1,0,0,0,0,0,0,0,1,1,0,0,0,1,0,0,0,0,0,0,0,1,0,0,0,1,1,0,0,1,0,0,96,-7.058636236852017,96.14802717028579,0.4295792242749875
0,0,0,0,0,1,0,0,0,1,0,0,4600,100,47,1,0,0,1,0,0,0,1,0,0,0,0,0,1,0,0,0,0,0,0,0,1,1,0,0,0,1,0,0,0,0,0,0,0,1,0,0,0,1,1,0,0,1,0,0,96,-6.808290312505385,61.35227709884846,0.4287590627859092
0,0,0,0,1,0,1,0,0,0,0,0,1000,100,86,1,0,0,1,0,0,0,0,1,0,0,0,0,0,0,0,1,0,0,0,0,1,1,0,0,1,0,0,0,0,0,0,0,0,0,0,0,0,0,0,0,0,1,0,1,59,-13.079103697908879,54.65290137424895,0.3035215439409927
0,0,0,1,0,0,1,0,0,0,0,0,1510,100,23,1,0,0,1,0,0,0,0,1,0,0,0,0,0,0,1,0,0,0,0,0,1,0,0,1,1,0,0,0,0,0,0,0,0,1,0,0,0,0,1,1,1,1,0,1,56,-10.339572781327364,159.2394183407407,0.3200056767405028
1,0,0,0,0,0,0,0,0,1,0,0,940,100,55,1,0,1,0,0,0,0,0,1,0,0,0,0,1,0,0,0,0,0,0,0,1,1,0,0,1,0,0,0,0,0,0,0,0,1,0,0,0,1,1,1,1,1,0,0,186,-16.60946658842616,90.24091184736466,0.4311810196917972
1,0,0,0,0,0,0,0,0,1,0,0,1030,100,55,1,0,1,0,0,0,0,0,1,0,0,0,0,1,0,0,0,0,0,0,0,1,1,0,0,1,0,0,0,0,0,0,0,0,1,0,0,0,1,1,1,1,1,0,0,186,-17.979600208396423,106.11806856756105,0.4163380288635454
1,0,0,0,0,0,0,0,0,1,0,0,3630,100,55,1,0,1,0,0,0,0,0,1,0,0,0,0,1,0,0,0,0,0,0,0,1,1,0,0,1,0,0,0,0,0,0,0,0,1,0,0,0,1,1,1,1,1,0,0,186,-15.905082537182373,76.20854747218193,0.4110649846068803
1,0,0,0,0,0,0,0,0,1,0,0,140,100,51,1,0.14285715,0,1,0,0,0,0,0,0,1,0,0,1,0,0,0,0,0,0,0,1,1,1,1,0,0,0,0,0,0,0,0,1,0,0,1,0,1,1,1,1,1,0,1,58,-2.8333860036802787,97.89811935972611,0.47937346133597475
0,0,0,1,0,0,1,0,0,0,0,0,940,100,55,1,0.14285715,0,0,1,0,0,1,0,0,0,0,0,0,0,0,0,1,0,0,0,1,1,1,0,0,0,0,0,1,0,0,0,0,1,1,0,0,1,0,0,0,1,0,0,95,-2.856421970918356,32.198259640018115,0.2331846517268303
0,0,0,1,0,0,1,0,0,0,0,0,1060,100,55,1,0.14285715,0,0,1,0,0,1,0,0,0,0,0,0,0,0,0,1,0,0,0,1,1,1,0,0,0,0,0,1,0,0,0,0,1,1,0,0,1,0,0,0,1,0,0,95,-1.5874191237391584,18.505447782370183,0.23350300340179933
0,0,0,1,0,0,1,0,0,0,0,0,1270,100,72,1,0,0,1,0,0,0,0,0,0,1,0,0,0,0,0,0,1,0,0,0,1,1,1,0,0,0,0,0,0,0,0,0,0,0,0,0,1,0,1,0,1,1,0,1,74,-11.608045993964728,50.52062526748441,0.3133441036323345
1,0,0,0,0,0,0,0,0,0,1,0,700,70,52,1,0.71428573,0,0,1,0,0,1,0,0,0,0,0,0,0,0,1,0,0,0,0,1,1,0,0,0,1,1,1,1,1,1,0,0,1,0,0,0,0,1,0,0,1,0,0,79,-10.910851572790158,195.1006577992337,0.32826468358575805
1,0,0,0,0,0,0,0,0,0,0,1,2880,100,35,1,0.85714287,0,1,0,0,0,0,1,0,0,0,0,1,0,0,0,0,0,0,0,1,1,1,0,0,0,1,1,0,1,1,1,1,1,1,0,0,1,1,0,0,1,0,0,79,-16.664432076369643,135.21186881927352,0.4805194454082027
1,0,0,0,0,0,0,0,0,0,1,0,1000,100,25,2,0.14285715,0,1,0,0,0,0,1,0,0,0,0,1,0,0,0,0,0,0,0,1,1,0,0,1,1,1,0,0,0,0,0,0,1,0,0,0,1,1,1,0,1,0,0,49,-28.16320447159501,115.86209494739686,0.36631726151647853
0,0,0,1,0,0,0,0,0,0,0,1,2370,100,37,2,0.14285715,0,1,0,0,0,1,0,0,0,0,0,0,1,0,0,0,0,0,0,1,1,0,0,1,1,1,0,0,0,0,0,0,0,0,0,0,1,1,1,1,1,0,0,88,-3.282485787059016,135.52115002398813,0.3569490336092821
0,0,0,1,0,0,0,0,0,0,0,1,3840,100,37,2,0.14285715,0,1,0,0,0,1,0,0,0,0,0,0,1,0,0,0,0,0,0,1,1,0,0,1,1,1,0,0,0,0,0,0,0,0,0,0,1,1,1,1,1,0,0,92,-2.8587115840998734,138.98234056816074,0.36969992323682577
0,0,0,1,0,0,0,0,0,0,0,1,1680,100,37,2,0.14285715,0,1,0,0,0,1,0,0,0,0,0,0,1,0,0,0,0,0,0,1,1,0,0,1,1,1,0,0,0,0,0,0,0,0,0,0,1,1,1,1,1,0,0,5,-4.917156074153227,109.0150038450511,0.3634600655409582
0,0,0,1,0,0,0,0,0,0,0,1,1680,100,37,2,0.14285715,0,1,0,0,0,1,0,0,0,0,0,0,1,0,0,0,0,0,0,1,1,0,0,1,1,1,0,0,0,0,0,0,0,0,0,0,1,1,1,1,1,0,0,5,-5.650112444771024,113.15246774707917,0.3637386303596145
0,0,0,1,0,0,0,0,0,0,0,1,1830,100,37,2,0.14285715,0,1,0,0,0,1,0,0,0,0,0,0,1,0,0,0,0,0,0,1,1,0,0,1,1,1,0,0,0,0,0,0,0,0,0,0,1,1,1,1,1,0,0,11,-6.06481986684924,108.39380714301433,0.35610007229905194
0,0,0,0,1,0,0,0,1,0,0,0,470,100,79,1,0,1,0,0,0,0,0,1,0,0,0,0,1,0,0,0,0,0,0,0,1,1,0,0,0,0,0,0,0,0,0,0,0,0,0,0,1,0,0,1,0,1,0,1,92,-11.694427168288847,78.04150823930115,0.4931492662532872
1,0,0,0,0,0,0,0,0,0,1,0,2230,100,45,2,0,0,0,0,1,0,0,1,0,0,0,0,0,1,0,0,0,0,0,0,1,1,0,1,1,0,0,0,0,0,0,0,0,1,0,0,1,1,1,0,0,1,0,0,91,-9.490017504735151,154.00285886838185,0.3450645791605095
0,0,0,0,1,0,1,0,0,0,0,0,660,100,61,1,0,0,0,1,0,0,1,0,0,0,0,0,1,0,0,0,0,0,0,0,1,1,1,1,0,1,0,0,0,0,0,0,0,0,1,0,0,1,1,0,0,1,0,0,53,7.369503641358032,20.945139991917856,0.29812737658518884
0,0,0,0,0,1,0,0,0,1,0,0,2080,90,31,1,0,0,0,1,0,0,1,0,0,0,0,0,1,0,0,0,0,0,0,0,0,1,1,1,0,1,0,0,0,0,0,0,0,1,0,0,0,1,0,1,1,1,0,0,24,1.3709551795031953,58.768246165391666,0.37313544045886055
0,1,0,0,0,0,0,0,0,0,1,0,9570,100,22,1,0.2857143,0,0,1,0,0,0,1,0,0,0,0,0,1,0,0,0,0,0,0,1,1,0,1,1,0,0,0,1,1,0,0,0,1,0,0,0,0,1,0,1,1,0,0,188,-2.5634979169804972,51.567686768047,0.36901165896226273
0,0,0,0,1,0,1,0,0,0,0,0,1470,100,52,1,0.14285715,0,1,0,0,0,0,0,1,0,0,0,1,0,0,0,0,0,0,0,1,1,0,1,0,0,0,1,0,0,0,0,0,1,0,0,0,1,0,1,1,1,0,0,63,-0.5539581367229617,61.46083484191079,0.34896350787801583
0,0,0,1,0,0,1,0,0,0,0,0,2510,100,35,2,0.14285715,1,0,0,0,0,0,1,0,0,0,0,0,0,0,1,0,0,0,0,0,1,1,0,1,1,1,0,0,0,0,0,0,1,0,0,1,1,1,0,0,1,0,0,91,-10.431305284481901,46.19118361450141,0.2778813143082702
