nombrepignorante,prenda,dummy_dow1,dummy_dow2,dummy_dow3,dummy_dow4,dummy_dow5,dummy_suc1,dummy_suc2,dummy_suc3,dummy_suc4,dummy_suc5,prestamo,pr_recup,edad,visit_number,faltas,dummy_prenda_tipo1,dummy_prenda_tipo2,dummy_prenda_tipo3,dummy_prenda_tipo4,dummy_edo_civil1,dummy_edo_civil2,dummy_edo_civil3,dummy_choose_same1,dummy_choose_same2,genero,pres_antes,fam_pide,fam_comun,ahorros,cta_tanda,masqueprepa,estresado_seguido,pb,fb,hace_presupuesto,tentado,low_cost,low_time,rec_cel,pago_frec_vol_promise,insample,rf_pred
4.0628536467399997e+018,42124671,0,0,0,1,0,0,0,1,0,0,1570,100,22,1,0.42857143,0,1,0,0,1,0,0,0,0,0,1,0,0,0,0,0,1,0,0,0,0,1,1,1,1,1,0.608148799586923
-721126800273e7,80116884,0,0,0,1,0,0,0,0,0,1,590,0,27,1,0,0,0,1,0,1,0,0,0,0,1,1,0,0,1,1,0,0,0,0,0,1,1,0,1,0,1,0.08383296433504846
-849328955346e7,42124250,0,0,0,0,0,0,0,1,0,0,860,40,29,1,0,1,0,0,0,1,0,0,0,0,0,1,0,0,0,0,1,0,0,0,0,1,1,1,0,0,1,0.4148426454158679
561529540419e7,78132576,0,1,0,0,0,0,0,0,1,0,2010,100,38,1,0,0,0,1,0,0,1,0,0,0,0,1,1,0,1,0,1,1,0,0,1,0,1,0,0,0,1,0.305970304691812
60755994283e8,80117437,0,0,0,1,0,0,0,0,0,1,2100,100,47,1,0,0,0,1,0,1,0,0,0,0,1,1,0,0,0,1,0,1,0,0,1,0,1,1,1,0,1,0.0752697889290315
427779801448e7,3592050,1,0,0,0,0,1,0,0,0,0,880,100,28,1,0,1,0,0,0,0,1,0,0,0,1,1,0,0,0,0,1,0,1,0,1,1,1,0,0,1,1,0.48798081478920613
-4.6769886421199995e+018,3592045,1,0,0,0,0,1,0,0,0,0,650,80,75,1,0,0,0,1,0,0,0,0,0,0,1,1,0,0,0,0,0,1,0,0,0,0,1,0,0,1,1,0.5186542411846577
414025250509e7,80118945,0,0,1,0,0,0,0,0,0,1,2750,100,21,1,0.14285715,0,1,0,0,0,1,0,0,0,0,1,1,1,1,0,1,0,0,0,1,1,1,0,0,0,1,0.08967152614864822
-663076596217e7,3594388,0,0,0,0,0,1,0,0,0,0,880,100,43,1,0,0,0,0,0,1,0,0,0,0,1,1,0,0,0,1,1,1,0,0,0,1,1,1,0,0,1,0.46514180442129477
-4.1922430800600003e+018,3592009,1,0,0,0,0,1,0,0,0,0,1900,100,62,1,0,0,0,1,0,0,1,0,0,0,1,1,0,0,1,1,0,0,0,0,1,0,1,1,0,1,1,0.52156740918419
-726420501112e7,80118840,0,0,0,0,1,0,0,0,0,1,400,100,23,2,0,0,1,0,0,0,1,0,1,0,1,1,0,1,0,1,1,0,0,0,0,1,0,0,1,1,1,0.13302287739083574
-8.3895857611599995e+018,5524172,0,0,0,0,0,0,1,0,0,0,3050,100,34,1,0.42857143,0,0,0,0,0,1,0,0,0,0,1,1,1,1,1,1,1,0,1,0,1,0,1,1,1,1,0.5281022760315478
385505870656e7,10463318,0,1,0,0,0,0,0,0,0,0,2830,100,20,1,0.14285715,0,0,0,1,0,1,0,0,0,1,1,0,0,1,0,1,1,0,0,0,0,1,1,0,1,1,0.4378649437972476
-3.8131018894599997e+018,42123511,0,0,0,1,0,0,0,1,0,0,1410,100,47,1,0,0,0,1,0,1,0,0,0,0,1,1,0,0,0,0,1,1,0,0,0,0,0,1,1,1,1,0.5987523140106995
240122570713e7,5514354,0,1,0,0,0,0,1,0,0,0,1590,100,28,1,0.42857143,0,0,1,0,0,0,1,0,0,1,1,1,1,0,1,1,0,0,0,0,1,0,1,1,0,1,0.3068174667925413
522517633168e7,78134673,0,1,0,0,0,0,0,0,1,0,210,90,27,1,0,0,1,0,0,0,1,0,0,0,1,0,0,0,0,0,1,0,0,0,0,0,1,0,0,0,1,0.32927115879840857
-499946262481e7,42125608,0,0,0,1,0,0,0,1,0,0,440,100,29,1,0,0,1,0,0,1,0,0,0,0,1,1,0,0,1,1,1,0,0,0,1,0,1,1,0,1,1,0.533582784207099
6.0935554885100006e+017,42122478,1,0,0,0,0,0,0,1,0,0,4020,80,44,1,0.5,0,0,1,0,1,0,0,0,0,1,1,1,1,0,1,0,1,1,0,0,0,1,1,1,0,1,0.39080821884026534
-732598510121e7,78134391,0,0,0,0,0,0,0,0,1,0,180,20,55,1,0.42857143,0,1,0,0,1,0,0,0,0,0,1,0,0,0,0,0,0,0,0,0,0,1,1,0,0,1,0.29575096538948287
234910066975e7,80117975,0,0,1,0,0,0,0,0,0,1,1500,100,23,1,0,0,1,0,0,1,0,0,0,0,1,1,1,0,1,1,1,0,0,0,1,0,1,0,1,0,1,0.0847268278248873
344729471036e7,80117095,0,0,0,0,1,0,0,0,0,1,730,100,25,1,0.14285715,0,1,0,0,0,1,0,0,0,1,1,0,1,0,0,0,0,1,0,1,0,1,1,1,0,1,0.10606709839874824
-102638225173e7,80117692,0,0,0,0,0,0,0,0,0,1,7610,100,53,2,0,0,1,0,0,1,0,0,0,0,1,0,0,0,0,0,0,0,0,0,1,0,1,1,0,0,1,0.07889929779184025
6.4981956243500006e+017,78134527,0,0,0,1,0,0,0,0,1,0,200,70,25,1,0.14285715,0,0,1,0,0,1,0,0,0,0,0,0,1,1,0,1,0,0,0,1,0,1,0,1,0,1,0.3311280216422171
133611652918e7,78134110,0,0,0,1,0,0,0,0,1,0,470,80,33,1,0.14285715,0,1,0,0,1,0,0,0,0,1,1,1,0,0,0,0,0,0,0,1,0,0,0,1,0,1,0.2870745207812774
-4.3894341290599997e+018,80118481,0,0,0,1,0,0,0,0,0,1,1530,100,58,1,0.42857143,0,0,1,0,0,0,0,0,0,1,1,0,0,0,0,0,1,0,0,0,0,0,0,0,0,1,0.08175158413330426
716650001095e7,42124687,0,0,1,0,0,0,0,1,0,0,2960,50,53,1,0.14285715,0,0,1,0,1,0,0,0,0,1,1,1,0,0,1,0,0,1,0,0,0,0,0,1,1,1,0.4986262495172578
-876040368353e7,78134238,1,0,0,0,0,0,0,0,1,0,3150,75,30,1,0.14285715,0,1,0,0,0,1,0,0,0,1,1,1,0,0,1,1,1,0,0,0,0,1,1,1,1,1,0.39538715309271716
3.3577261163000003e+018,42124252,0,0,0,0,0,0,0,1,0,0,800,95,60,1,0,1,0,0,0,0,0,1,0,0,0,1,0,1,1,0,1,0,0,0,1,1,1,1,0,1,1,0.5099943176630409
873395671849e7,42125297,0,0,0,1,0,0,0,1,0,0,1820,100,46,1,0,0,1,0,0,1,0,0,0,0,0,1,0,0,0,1,0,1,0,0,0,0,0,0,1,0,1,0.5336993244873061
-340463795133e7,5524105,0,0,0,0,0,0,1,0,0,0,1410,100,20,1,0.14285715,0,0,1,0,0,1,0,0,0,0,1,0,0,1,0,1,0,1,0,0,0,0,1,0,0,1,0.4074106360135416
421277705911e7,78134643,0,1,0,0,0,0,0,0,1,0,980,70,19,1,0,0,1,0,0,0,1,0,0,0,1,1,0,0,1,0,1,0,0,0,0,1,1,1,0,1,1,0.3494380517265948
-335847463726e6,42125293,0,0,0,1,0,0,0,1,0,0,790,80,59,1,0,0,0,1,0,1,0,0,0,0,1,1,0,1,1,0,1,0,0,0,1,0,1,1,1,0,1,0.481129495695677
4.0372305459399997e+018,80117705,0,0,0,0,0,0,0,0,0,1,2350,100,30,1,0,0,1,0,0,1,0,0,0,0,1,1,0,0,1,0,0,0,0,0,1,0,1,1,0,0,1,0.07629626118838675
913260781122e7,3590978,1,0,0,0,0,1,0,0,0,0,730,100,29,1,0,0,0,1,0,1,0,0,0,0,1,1,0,0,0,0,0,0,0,1,0,0,0,1,0,0,1,0.4360528724943778
-4.2971933591800003e+018,10463020,0,0,0,1,0,0,0,0,0,0,880,100,28,1,0,0,0,1,0,0,1,0,0,0,1,1,0,0,1,1,1,0,0,0,1,0,0,1,0,0,1,0.4027227059511073
27620140638e8,10463783,0,0,0,0,1,0,0,0,0,0,1240,100,37,1,0,0,0,1,0,0,0,1,0,0,0,1,1,1,0,1,1,0,0,0,0,0,1,1,1,1,1,0.44128620672081903
-318815846136e7,80117383,0,1,0,0,0,0,0,0,0,1,2010,100,26,1,0.14285715,0,0,1,0,1,0,0,0,0,1,0,0,0,1,1,1,0,0,0,1,0,0,1,0,1,1,0.1141612906205071
845784381382e7,5514343,0,1,0,0,0,0,1,0,0,0,1130,100,26,1,1,0,1,0,0,1,0,0,0,0,1,1,0,0,0,0,1,1,0,0,0,0,0,0,1,0,1,0.2960033522261974
580934623974e7,80118833,0,0,0,0,1,0,0,0,0,1,1600,100,52,1,0.14285715,0,1,0,0,0,0,0,0,0,1,1,1,0,1,1,0,1,1,0,0,0,0,1,0,0,1,0.1056275263208259
-2.5521312832199997e+018,78132737,0,0,0,0,0,0,0,0,1,0,660,90,28,1,0.2857143,0,1,0,0,1,0,0,0,0,1,1,0,0,0,1,1,0,0,0,0,0,1,1,1,0,1,0.283874321982268
789152311783e7,3590982,1,0,0,0,0,1,0,0,0,0,900,50,66,1,1,0,0,1,0,1,0,0,0,0,0,1,0,0,0,0,0,1,0,0,0,0,1,0,0,0,1,0.4255000970105591
683353043235e7,78134616,1,0,0,0,0,0,0,0,1,0,3590,100,25,1,0,0,0,1,0,0,1,0,0,0,1,0,0,0,0,0,1,0,0,0,1,0,1,0,0,0,1,0.37344221433096475
796526193791e7,80115994,0,0,0,1,0,0,0,0,0,1,760,50,45,1,0,0,1,0,0,1,0,0,0,0,0,1,0,0,0,0,0,1,0,0,0,0,1,0,0,0,1,0.08132257012564749
-328406318977e7,78133615,0,1,0,0,0,0,0,0,1,0,2000,100,39,1,0,0,1,0,0,1,0,0,0,0,0,0,1,0,0,0,1,0,1,0,1,0,1,1,0,0,1,0.2985054276476023
-150303331566e7,42124239,0,0,0,0,0,0,0,1,0,0,880,100,47,1,0.14285715,0,0,0,0,1,0,0,0,0,1,1,0,0,0,0,0,1,0,1,0,1,1,1,0,1,1,0.560003616165123
384396508775e7,80116899,0,0,0,1,0,0,0,0,0,1,7140,100,43,1,0,0,1,0,0,0,1,0,0,0,1,1,0,0,0,1,0,1,1,0,1,0,1,0,1,0,1,0.0810642503997605
-722954526655e7,80118464,0,0,0,1,0,0,0,0,0,1,940,90,48,1,0.42857143,0,0,1,0,0,1,0,0,0,1,1,0,0,0,1,1,0,0,0,0,0,1,1,0,0,1,0.0843993437311306
-1.3454772101299999e+018,80117089,0,0,0,0,1,0,0,0,0,1,1950,100,50,1,0.14285715,0,0,1,0,0,1,0,0,0,1,1,0,0,0,1,0,0,0,0,0,0,1,0,1,0,1,0.09810479089236405
2.2776364960300001e+018,3592241,0,0,0,0,0,1,0,0,0,0,960,70,38,1,0.42857143,0,0,1,0,0,1,0,0,0,1,1,1,0,0,0,0,0,0,0,1,1,0,0,0,1,1,0.49510833226808504
-2.1869117461100001e+018,10462573,0,0,1,0,0,0,0,0,0,0,4810,20,29,1,0,1,0,0,0,0,1,0,0,0,1,1,0,0,0,0,1,0,0,0,1,0,1,1,0,1,1,0.5228146373575935
829002583549e7,42124243,0,0,0,0,0,0,0,1,0,0,770,100,28,1,0,0,0,1,0,0,1,0,0,0,0,1,1,1,0,0,1,0,0,0,0,1,1,1,1,0,1,0.3820723871552262
454405298663e7,10462945,0,0,1,0,0,0,0,0,0,0,580,100,19,1,0,0,0,1,0,0,1,0,0,0,1,1,1,0,1,0,1,0,0,0,1,0,0,0,0,0,1,0.3846839214891616
-870306807536e7,78136307,0,1,0,0,0,0,0,0,1,0,1310,100,41,1,0.14285715,0,1,0,0,0,0,1,0,0,0,1,0,0,0,0,1,0,0,1,1,0,1,1,0,0,1,0.2896135089702409
-3.8428869304999997e+018,42125162,0,0,0,0,1,0,0,1,0,0,2010,75,24,1,0,0,0,0,0,1,0,0,0,0,0,1,0,1,1,1,1,0,0,0,0,0,1,1,1,0,1,0.44576881861858264
-152819828698e7,80116878,0,0,0,1,0,0,0,0,0,1,1670,70,48,1,0.85714287,0,0,1,0,1,0,0,0,0,1,1,0,0,0,1,1,1,0,0,0,0,0,0,1,0,1,0.08571217071610904
855717393593e7,80118938,0,0,1,0,0,0,0,0,0,1,1700,100,31,1,0,0,0,1,0,1,0,0,0,0,1,1,0,0,1,1,1,0,1,0,1,0,0,0,1,0,1,0.08167370469054455
221116507938e7,10463462,0,0,0,1,0,0,0,0,0,0,610,70,18,1,0,0,0,1,0,0,1,0,0,0,1,1,0,1,1,1,0,0,0,0,1,0,0,1,0,1,1,0.47123992725574976
-1.4764443008700001e+018,78132593,0,1,0,0,0,0,0,0,1,0,1490,100,70,1,0,0,0,1,0,0,0,0,0,0,1,1,1,0,1,0,0,1,0,0,1,0,0,0,0,0,1,0.3031288909588974
-607590032304e7,10462594,0,0,1,0,0,0,0,0,0,0,3610,100,37,1,0,0,0,1,0,1,0,0,0,0,1,1,1,0,0,1,1,0,0,0,0,0,1,1,1,1,1,0.49366137463210563
271140591059e7,78133281,0,1,0,0,0,0,0,0,1,0,1800,80,19,1,0.14285715,0,1,0,0,0,1,0,0,0,0,1,0,0,0,0,1,0,1,0,0,0,0,0,0,0,1,0.3017309116182109
59309892916e8,42123540,1,0,0,0,0,0,0,1,0,0,1660,100,70,1,0,0,1,0,0,0,1,0,0,0,1,1,0,1,0,0,1,0,0,0,1,0,0,1,0,1,1,0.5692629599503043
-234195659849e6,10462588,0,0,1,0,0,0,0,0,0,0,1200,100,36,1,0.2857143,0,0,1,0,1,0,0,0,0,0,1,0,0,0,1,1,0,0,0,1,0,0,1,1,0,1,0.4089272531645526
118122462744e7,10463500,1,0,0,0,0,0,0,0,0,0,1060,100,22,1,0,0,1,0,0,0,1,0,0,0,1,0,1,1,0,1,1,0,0,0,1,0,1,1,0,1,1,0.5129199981263406
310722439991e7,42123484,0,0,0,1,0,0,0,1,0,0,1170,100,54,1,0.2857143,0,0,1,0,0,0,1,0,0,0,1,1,0,0,1,0,0,0,1,0,0,1,1,1,1,1,0.5375534062960788
-392451582205e7,80117046,0,0,1,0,0,0,0,0,0,1,4010,50,27,1,0,0,0,1,0,1,0,0,0,0,0,1,1,1,0,1,0,0,0,0,1,0,1,1,1,0,1,0.09244929445832761
-547658486687e7,42123486,0,0,0,1,0,0,0,1,0,0,1170,100,36,1,0,0,0,1,0,0,1,0,0,0,1,1,0,0,1,1,1,0,0,0,1,0,1,1,0,1,1,0.5620260513462856
-347181391445e7,80118476,0,0,0,1,0,0,0,0,0,1,3750,100,50,1,0,0,0,1,0,0,1,0,0,0,0,0,0,0,1,0,1,0,1,0,1,1,1,0,1,0,1,0.08263226484360091
497290824846e7,3592056,1,0,0,0,0,1,0,0,0,0,3450,90,40,1,0,0,0,1,0,1,0,0,0,0,1,1,0,0,0,0,1,0,1,0,0,0,0,1,0,1,1,0.5443119822717944
-483548377897e7,42125650,1,0,0,0,0,0,0,1,0,0,900,100,46,2,0,0,1,0,0,1,0,0,0,0,1,1,0,0,0,1,1,0,0,0,1,0,1,1,0,1,1,0.5947597048151373
-692656548977e7,10463524,0,0,0,1,0,0,0,0,0,0,560,100,44,1,0,0,0,1,0,1,0,0,0,0,1,1,0,0,1,0,0,0,0,0,0,0,1,1,1,0,1,0.4466017668836998
-891013129704e7,5514472,0,0,0,0,0,0,1,0,0,0,2810,65,37,1,0.14285715,0,0,1,0,1,0,0,0,0,1,1,0,0,0,0,0,0,0,0,0,0,0,0,1,0,1,0.44737632963033264
420975226632e7,80118922,0,0,1,0,0,0,0,0,0,1,1820,100,56,2,0.85714287,0,0,0,1,1,0,0,0,1,0,1,0,1,0,0,0,1,0,0,0,0,0,0,1,0,1,0.07876861883869546
105368660827e7,78133061,0,0,1,0,0,0,0,0,1,0,2550,75,40,1,0.14285715,0,1,0,0,0,0,1,0,0,1,1,0,0,1,0,1,0,1,0,1,1,1,1,1,0,1,0.3036707549772975
-579497335177e7,78133625,0,1,0,0,0,0,0,0,1,0,780,0,30,1,0,0,1,0,0,0,1,0,0,0,1,0,0,0,0,0,1,1,0,0,1,0,1,1,0,1,1,0.36681016941474354
-7.6725364493199995e+018,10463015,0,0,0,1,0,0,0,0,0,0,910,90,52,1,0,0,0,1,0,1,0,0,0,0,0,0,1,0,1,0,1,0,0,0,0,0,0,0,0,0,1,0.42445921332933545
224428968496e7,78133915,0,0,0,1,0,0,0,0,1,0,440,90,30,1,0,0,1,0,0,1,0,0,0,0,1,1,0,0,0,1,0,0,1,0,1,0,1,1,1,1,1,0.293376603649011
-738951045241e7,78132739,0,0,0,0,0,0,0,0,1,0,950,100,38,1,0,0,0,1,0,0,1,0,0,0,1,1,0,0,0,1,1,0,0,1,1,0,0,1,1,0,1,0.3236837351801913
-6.6763386103600005e+018,5521237,0,1,0,0,0,0,1,0,0,0,2070,100,43,2,0,0,0,1,0,1,0,0,0,0,1,1,0,0,0,1,1,0,0,0,1,0,0,1,0,0,1,0.3733782809422738
-439967310429e7,42123490,0,0,0,1,0,0,0,1,0,0,1540,100,40,1,0,0,0,1,0,1,0,0,0,0,1,1,0,0,0,0,0,0,0,0,1,0,1,1,1,1,1,0.5626021577902311
-556938564202e7,78134126,0,0,0,1,0,0,0,0,1,0,1060,80,19,1,0,0,0,1,0,0,1,0,0,0,0,0,0,0,1,1,1,1,0,0,0,0,1,1,0,1,1,0.41525585969056694
-9.0555926368700006e+017,42123506,0,0,0,1,0,0,0,1,0,0,730,100,43,1,0,0,0,1,0,0,1,0,0,0,1,0,0,0,0,0,0,0,0,0,1,0,1,1,0,1,1,0.5837029271603095
-2.9866206785799997e+018,5524115,0,0,0,0,0,0,1,0,0,0,1500,100,27,1,0,0,0,1,0,1,0,0,0,0,1,1,1,1,0,1,1,0,1,0,1,0,1,1,1,0,1,0.39681121705097616
-108840725432e7,80117682,0,0,0,0,0,0,0,0,0,1,1150,100,39,1,0.5714286,0,0,1,0,0,1,0,0,0,1,1,1,0,1,0,1,1,1,0,1,1,1,1,1,0,1,0.08025331727301596
-531315752439e7,10463454,0,0,0,1,0,0,0,0,0,0,2790,90,38,1,0,0,0,1,0,1,0,0,0,0,0,1,0,0,1,0,0,0,0,0,0,0,0,0,0,1,1,0.5222876530939089
438465566848e7,78133921,0,0,0,1,0,0,0,0,1,0,2750,100,35,1,0,0,0,1,0,1,0,0,0,0,0,1,0,0,1,1,1,0,0,0,1,0,1,1,0,1,1,0.37208936585536095
-487979821098e7,80117701,0,0,0,0,0,0,0,0,0,1,970,50,20,1,0.14285715,0,1,0,0,1,0,0,0,0,0,1,0,1,0,0,0,0,0,0,1,0,1,0,1,0,1,0.08541983012776447
-539634183698e7,80117053,0,0,1,0,0,0,0,0,0,1,2040,100,53,1,0.85714287,0,0,1,0,0,0,1,0,0,0,1,1,0,0,1,1,0,0,0,1,0,0,1,0,0,1,0.08491510429556016
-8.3895857611599995e+018,5524173,0,0,0,0,0,0,1,0,0,0,2960,100,34,1,0.42857143,0,0,0,0,0,1,0,0,0,0,1,1,1,1,1,1,1,0,1,0,1,0,1,1,1,1,0.5255287107079826
518208363501e7,78134584,0,0,0,0,0,0,0,0,1,0,770,100,33,2,0,0,1,0,0,1,0,0,1,0,1,1,0,0,0,1,0,0,0,0,1,0,1,1,0,0,1,0.3148613166072175
4.8464489885199995e+018,3586697,0,0,0,0,0,1,0,0,0,0,3580,100,55,1,0,0,0,1,0,1,0,0,0,0,1,1,0,0,0,0,1,0,0,0,1,0,1,1,0,0,1,0.46241828579864125
829002583549e7,42124244,0,0,0,0,0,0,0,1,0,0,1120,100,28,1,0,0,0,1,0,0,1,0,0,0,0,1,1,1,0,0,1,0,0,0,0,1,1,1,1,0,1,0.3867059233078383
861675299247e7,10463451,0,0,0,1,0,0,0,0,0,0,580,100,18,1,0,0,1,0,0,0,1,0,0,0,1,0,0,0,0,0,0,0,0,0,0,1,0,0,0,1,1,0.5109711616888604
6.0935554885100006e+017,42122479,1,0,0,0,0,0,0,1,0,0,880,80,44,1,0.5,0,0,1,0,1,0,0,0,0,1,1,1,1,0,1,0,1,1,0,0,0,1,1,1,0,1,0.37579813436690984
390375185707e7,80118485,0,0,0,1,0,0,0,0,0,1,1350,100,24,1,0,0,1,0,0,0,1,0,0,0,1,1,0,0,1,0,1,1,0,0,1,0,1,1,1,0,1,0.08123855084144628
583962502297e7,10463496,1,0,0,0,0,0,0,0,0,0,1280,80,44,1,0,0,1,0,0,1,0,0,0,0,1,1,0,0,0,0,1,1,0,0,1,0,0,0,1,1,1,0.5650386140847565
-828653286882e7,78133282,0,1,0,0,0,0,0,0,1,0,1610,100,29,1,1,0,1,0,0,0,1,0,0,0,1,1,0,0,1,1,1,0,0,0,1,0,0,0,0,1,1,0.31156234541940236
-7.6725364493199995e+018,10463021,0,0,0,1,0,0,0,0,0,0,4850,90,52,1,0,0,0,1,0,1,0,0,0,0,0,0,1,0,1,0,1,0,0,0,0,0,0,0,0,0,1,0.45786329785381924
-350180817405e7,78132596,0,1,0,0,0,0,0,0,1,0,1530,100,50,1,0,0,1,0,0,1,0,0,0,0,1,1,1,1,1,0,0,0,0,0,1,0,1,1,0,0,1,0.3098122953114556
518081263895e7,80117406,0,0,1,0,0,0,0,0,0,1,1120,100,54,1,0.85714287,0,0,1,0,1,0,0,0,0,1,1,1,1,0,1,0,1,0,0,0,1,1,0,0,0,1,0.08061274455430023
-8.2523848828400005e+018,42125804,1,0,0,0,0,0,0,1,0,0,840,50,63,1,0.2857143,0,0,0,0,0,0,0,0,0,1,1,0,0,0,0,0,1,0,0,0,0,1,1,0,1,1,0.5280296630182467
-766859716447e7,10463784,0,0,0,0,1,0,0,0,0,0,1060,70,27,1,0,0,0,0,1,0,1,0,0,0,0,1,0,1,1,0,0,0,0,0,1,0,1,1,0,1,1,0.5037774392593601
-806766402137e7,78133609,0,1,0,0,0,0,0,0,1,0,2510,100,56,1,0,1,0,0,0,1,0,0,0,0,0,1,0,0,0,0,1,0,0,0,1,0,1,0,0,0,1,0.3032474808705825
-3.6336297997799997e+018,80118010,0,0,0,0,0,0,0,0,0,1,12270,100,39,1,0.5714286,0,0,1,0,0,1,0,0,0,1,1,1,0,1,0,1,1,1,0,1,1,1,1,1,0,1,0.08609261991666417
-763785527751e7,80117686,0,0,0,0,0,0,0,0,0,1,3080,100,39,1,0.5714286,0,0,1,0,0,1,0,0,0,1,1,1,0,1,0,1,1,1,0,1,1,1,1,1,0,1,0.08068922998986428
36901535802e8,78134653,0,1,0,0,0,0,0,0,1,0,4160,100,56,2,0,0,0,1,0,1,0,0,1,0,1,1,0,0,1,1,1,0,0,0,1,0,1,1,0,1,1,0.36059734397049015
579317182501e7,42124517,1,0,0,0,0,0,0,1,0,0,2190,80,50,1,1,0,1,0,0,0,0,0,0,0,1,1,1,0,1,1,1,0,0,0,1,0,1,1,1,0,1,0.4417696220823773
118574433008e7,3594393,0,0,0,0,0,1,0,0,0,0,8080,100,45,1,0,0,0,0,0,0,1,0,0,0,1,1,0,0,1,0,1,0,0,0,1,0,1,1,0,0,1,0.5209787168211235
-3.6336297997799997e+018,80118007,0,0,0,0,0,0,0,0,0,1,4050,100,39,1,0.5714286,0,0,1,0,0,1,0,0,0,1,1,1,0,1,0,1,1,1,0,1,1,1,1,1,0,1,0.08200405580012429
-413880506877e7,42124638,0,0,1,0,0,0,0,1,0,0,2010,100,58,1,0.42857143,0,0,1,0,0,0,1,0,0,1,1,1,0,0,0,1,1,0,1,0,0,0,0,1,0,1,0.4681171768336401
727300190818e7,10463313,0,1,0,0,0,0,0,0,0,0,3950,100,33,1,0,0,1,0,0,0,1,0,0,0,1,1,0,0,0,1,1,0,0,0,1,0,1,0,0,0,1,0.4465593542852738
-150303331566e7,42124240,0,0,0,0,0,0,0,1,0,0,970,100,47,1,0.14285715,0,0,0,0,1,0,0,0,0,1,1,0,0,0,0,0,1,0,1,0,1,1,1,0,1,1,0.5641649250682081
-1.4764443008700001e+018,78132594,0,1,0,0,0,0,0,0,1,0,680,100,70,1,0.2857143,0,0,1,0,0,0,0,0,0,1,1,1,0,1,0,0,1,0,0,1,0,0,0,0,0,1,0.3054836702142163
-575001609174e7,80118463,0,0,0,1,0,0,0,0,0,1,2910,100,60,1,0.14285715,1,0,0,0,0,1,0,0,0,0,1,1,0,1,0,1,0,1,0,1,0,0,0,0,0,1,0.09108483416526321
349108413827e6,80116872,0,0,0,1,0,0,0,0,0,1,1110,100,53,1,0.14285715,1,0,0,0,1,0,0,0,0,1,1,1,1,0,0,1,1,0,0,1,1,1,1,1,0,1,0.07710783295766192
-1.3283979229500001e+018,78132508,0,0,0,0,0,0,0,0,1,0,470,90,42,1,0.71428573,0,0,1,0,0,1,0,0,0,1,1,0,0,0,0,0,1,1,0,0,0,1,1,0,0,1,0.3059772724710113
814381816568e7,78134593,0,0,0,0,0,0,0,0,1,0,860,80,57,1,0.42857143,0,0,1,0,1,0,0,0,0,0,0,0,0,0,0,0,1,0,1,1,0,0,0,1,1,1,0.442081463783763
814381816568e7,78134594,0,0,0,0,0,0,0,0,1,0,440,80,57,1,0.42857143,0,0,1,0,1,0,0,0,0,0,0,0,0,0,0,0,1,0,1,1,0,0,0,1,1,1,0.43967872723676754
510809998792e7,78133274,0,1,0,0,0,0,0,0,1,0,570,100,32,1,0.2857143,0,1,0,0,1,0,0,0,0,1,1,1,1,0,0,1,0,0,0,0,0,1,1,1,0,1,0.2626667567798161
-733619263631e7,10463185,0,1,0,0,0,0,0,0,0,0,1430,100,51,1,0,0,0,1,0,0,1,0,0,0,1,1,0,0,0,0,1,0,0,0,1,0,1,1,0,0,1,0.3616048846819853
733797577067e7,10462396,0,1,0,0,0,0,0,0,0,0,2440,100,21,1,0,0,1,0,0,0,1,0,0,0,1,1,0,0,1,1,1,0,0,1,1,0,1,0,0,1,1,0.4608272055177391
-642203866909e7,80118015,0,1,0,0,0,0,0,0,0,1,2410,100,32,1,0,1,0,0,0,1,0,0,0,0,1,1,0,0,0,1,1,0,0,0,1,0,0,0,0,0,1,0.10329659694524625
-3.8131018894599997e+018,42123510,0,0,0,1,0,0,0,1,0,0,800,100,47,1,0,0,0,1,0,1,0,0,0,0,1,1,0,0,0,0,1,1,0,0,0,0,0,1,1,1,1,0.58419515374699
110065132223e7,42125164,0,0,0,0,1,0,0,1,0,0,1270,100,46,1,0.2857143,1,0,0,0,0,1,0,0,0,1,0,0,0,0,1,1,0,0,0,1,0,1,1,1,1,1,0.5456395298842671
-361898825774e5,42124379,0,0,1,0,0,0,0,1,0,0,250,100,48,1,1,0,0,1,0,1,0,0,0,0,1,1,0,0,0,0,0,1,0,0,1,0,1,1,0,0,1,0.4347438233809369
-112740037382e6,78136034,0,0,0,1,0,0,0,0,1,0,330,90,26,1,0,0,1,0,0,1,0,0,0,0,1,1,1,1,0,1,0,0,0,0,1,0,1,0,1,0,1,0.2829530028978308
494439056574e7,78133163,0,0,0,0,1,0,0,0,1,0,1190,100,26,1,0,0,1,0,0,0,1,0,0,0,1,1,1,1,1,1,1,0,1,0,0,1,0,1,1,0,1,0.3022111673030881
331963423288e6,80117081,0,0,0,0,1,0,0,0,0,1,440,100,25,1,0,0,1,0,0,0,1,0,0,0,1,0,0,0,1,0,1,0,0,0,1,0,0,0,0,1,1,0.1318253924390496
-784436117024e7,78134225,1,0,0,0,0,0,0,0,1,0,1170,50,32,1,0.42857143,1,0,0,0,1,0,0,0,0,1,1,1,0,0,1,0,1,0,0,1,0,0,0,1,1,1,0.36203743693274015
-874081601183e7,78133298,0,1,0,0,0,0,0,0,1,0,1500,100,68,1,0,0,1,0,0,0,0,0,0,0,1,1,0,1,0,0,0,0,0,0,0,0,0,0,0,1,1,0.33695749320224067
-372061423827e7,80117677,0,0,0,0,0,0,0,0,0,1,4170,100,45,1,0,0,0,0,1,1,0,0,0,0,1,1,0,0,1,1,1,0,1,0,0,0,1,1,0,0,1,0.08263601653157389
-794510677924e6,80117039,0,0,1,0,0,0,0,0,0,1,430,50,42,1,0,0,1,0,0,0,0,1,0,0,1,1,0,1,1,1,1,1,0,0,1,1,1,1,1,0,1,0.08630373769239434
-723036903523e7,10463525,0,0,0,1,0,0,0,0,0,0,1390,100,40,1,0,1,0,0,0,0,1,0,0,0,0,0,1,1,0,0,1,0,0,0,1,0,1,0,1,0,1,0.4334196645000735
-436729280164e7,80117778,0,1,0,0,0,0,0,0,0,1,3560,100,46,1,0,0,0,1,0,0,1,0,0,0,1,1,0,0,0,0,0,1,1,0,0,0,1,0,0,0,1,0.091057983163888
-3.6336297997799997e+018,80118009,0,0,0,0,0,0,0,0,0,1,3690,100,39,1,0.5714286,0,0,1,0,0,1,0,0,0,1,1,1,0,1,0,1,1,1,0,1,1,1,1,1,0,1,0.0827189487551566
-891013129704e7,5514473,0,0,0,0,0,0,1,0,0,0,880,65,37,1,0.14285715,0,0,1,0,1,0,0,0,0,1,1,0,0,0,0,0,0,0,0,0,0,0,0,1,0,1,0.4091712020274959
-251109853719e7,3595301,0,0,0,0,0,1,0,0,0,0,2850,100,32,1,0,0,1,0,0,1,0,0,0,0,1,1,0,0,1,0,0,0,0,0,1,0,1,1,0,1,1,0.5797381324894056
611037007128e7,10463502,1,0,0,0,0,0,0,0,0,0,430,100,25,1,0,0,1,0,0,0,1,0,0,0,0,1,0,0,1,1,0,0,0,0,1,0,1,0,0,0,1,0.44514204408499886
783648339691e7,78134155,0,0,0,1,0,0,0,0,1,0,1530,60,50,2,0,0,0,1,0,0,0,0,1,0,1,1,1,1,0,0,1,0,0,0,1,0,0,0,0,1,1,0.3767255447122453
9.2569820242300006e+017,78134241,1,0,0,0,0,0,0,0,1,0,2370,100,50,1,0,0,0,1,0,1,0,0,0,0,1,0,1,1,1,1,0,0,0,0,1,0,0,1,0,0,1,0.340271586474499
264525898193e7,5524607,0,0,0,0,0,0,1,0,0,0,910,100,58,1,0.14285715,0,1,0,0,0,1,0,0,0,1,1,0,0,0,0,0,0,0,0,1,0,0,0,0,0,1,0.4438844293398311
4.0372305459399997e+018,80117704,0,0,0,0,0,0,0,0,0,1,5460,100,30,1,0,0,1,0,0,1,0,0,0,0,1,1,0,0,1,0,0,0,0,0,1,0,1,1,0,0,1,0.08735349835070613
-676183757263e7,10463025,0,0,0,1,0,0,0,0,0,0,1100,100,45,1,0,0,0,0,1,1,0,0,0,0,1,1,0,0,1,0,1,1,0,0,1,0,1,1,0,1,1,0.5325003871001587
4.0628536467399997e+018,42124670,0,0,0,1,0,0,0,1,0,0,2450,100,22,1,0.42857143,0,1,0,0,1,0,0,0,0,0,1,0,0,0,0,0,1,0,0,0,0,1,1,1,1,1,0.6297027064136338
-715770002246e7,10462941,0,0,1,0,0,0,0,0,0,0,1000,100,39,3,0.14285715,0,0,1,0,1,0,0,0,0,0,1,1,0,1,0,1,0,0,0,0,0,1,0,0,0,1,0.4083904877701102
-29011257846e8,80115946,0,0,1,0,0,0,0,0,0,1,2270,100,54,1,0.14285715,0,0,1,0,0,0,1,0,0,1,1,0,0,1,0,1,0,0,0,1,0,1,1,0,0,1,0.0749484165979273
671202884001e7,78133634,0,1,0,0,0,0,0,0,1,0,1430,60,19,2,0.2857143,0,0,1,0,1,0,0,1,0,0,1,1,1,0,0,1,1,0,0,1,1,1,1,0,0,1,0.28263785591244345
-550603819969e7,80116895,0,0,0,1,0,0,0,0,0,1,1310,100,30,1,0.14285715,0,1,0,0,1,0,0,0,0,1,1,0,1,1,1,1,0,0,1,1,0,1,0,0,0,1,0.08005698021624535
-544834681231e7,10462942,0,0,1,0,0,0,0,0,0,0,950,100,56,1,0.14285715,0,0,1,0,1,0,0,0,0,0,1,0,0,0,0,0,0,0,0,1,0,0,0,0,0,1,0.4034374117644214
637943404026e7,42124316,1,0,0,0,0,0,0,1,0,0,580,100,65,1,1,0,0,1,0,0,0,0,0,0,1,1,0,0,0,0,1,1,1,0,1,0,0,1,0,0,1,0.4544308495450848
313125922041e7,42122481,1,0,0,0,0,0,0,1,0,0,1390,100,59,1,0,0,0,1,0,1,0,0,0,0,1,1,0,0,1,1,1,0,1,0,1,0,1,1,0,1,1,0.5400211815292179
-673348402701e7,78133629,0,1,0,0,0,0,0,0,1,0,1280,100,32,1,0.2857143,0,0,1,0,1,0,0,0,0,0,1,0,0,1,1,1,0,0,0,1,0,1,1,0,0,1,0.292083129708007
581082593775e7,78133891,0,0,0,1,0,0,0,0,1,0,2920,100,48,1,0,0,0,1,0,0,1,0,0,0,1,1,0,0,1,0,1,0,0,0,1,0,1,1,0,0,1,0.3536276390435036
829002583549e7,42124242,0,0,0,0,0,0,0,1,0,0,1240,100,28,1,0,0,0,1,0,0,1,0,0,0,0,1,1,1,0,0,1,0,0,0,0,1,1,1,1,0,1,0.3898730077335606
431350238023e6,78136283,1,0,0,0,0,0,0,0,1,0,3020,100,45,1,0,0,0,1,0,1,0,0,0,0,0,1,0,0,1,1,1,0,1,0,1,0,0,0,0,0,1,0.3277624959578116
-233468456831e7,10463798,0,0,0,0,0,0,0,0,0,0,860,100,60,2,0,0,0,0,0,0,1,0,0,0,1,1,0,1,0,0,0,0,0,0,1,0,0,0,0,1,1,0.5027645110727221
2.1839848020499999e+018,10463950,0,0,0,0,0,0,0,0,0,0,3430,80,47,1,0,0,1,0,0,1,0,0,0,0,1,1,0,0,1,0,1,0,0,0,1,0,0,0,0,1,1,0.6113669887587894
-7.9429173111600005e+018,78136131,0,1,0,0,0,0,0,0,1,0,1510,100,28,1,0,0,0,1,0,1,0,0,0,0,0,1,0,1,0,1,0,1,0,0,0,0,1,1,0,0,1,0.28793612767119303
-7.8066476493299994e+017,5521215,0,1,0,0,0,0,1,0,0,0,1910,100,63,1,1,0,0,1,0,0,0,0,0,0,1,1,0,0,0,0,0,1,1,0,0,0,0,0,0,1,1,0.3749691734693086
-101103720607e7,80118530,1,0,0,0,0,0,0,0,0,1,530,100,20,1,0,0,1,0,0,1,0,0,0,0,0,1,1,0,1,1,1,0,0,0,1,0,1,1,1,0,1,0.09266216671933329
-1.1657106117299999e+018,78134172,0,0,0,0,1,0,0,0,1,0,450,100,24,1,0,0,1,0,0,0,1,0,0,0,1,1,1,0,0,0,1,0,0,0,0,0,1,1,0,1,1,0.3458717533372483
232630070323e7,78134585,0,0,0,0,0,0,0,0,1,0,510,90,45,1,0,0,0,1,0,1,0,0,0,0,1,1,0,0,1,1,1,0,0,0,0,0,1,1,0,1,1,0.36355991627813006
21481859655e8,10462799,1,0,0,0,0,0,0,0,0,0,3580,100,38,1,0,0,1,0,0,1,0,0,0,0,0,1,1,0,1,1,1,0,1,0,1,0,0,0,1,1,1,0.5093156613015284
2.3669941351800003e+018,80118559,1,0,0,0,0,0,0,0,0,1,1310,80,29,2,0,0,0,1,0,0,1,0,0,0,1,1,0,0,1,0,1,0,0,0,1,0,1,1,1,0,1,0.09643839740179136
-2.3601971854599997e+018,78134233,1,0,0,0,0,0,0,0,1,0,5440,100,60,1,0,0,1,0,0,0,1,0,0,0,1,1,0,0,0,1,0,0,0,0,1,0,0,1,1,1,1,0.434219377056578
355543998343e7,42123503,0,0,0,1,0,0,0,1,0,0,6550,100,60,1,0,0,0,1,0,0,0,1,0,0,0,1,0,0,0,0,1,0,1,0,1,0,1,1,0,1,1,0.5583624545682656
-486116538401e7,78136328,0,1,0,0,0,0,0,0,1,0,2230,100,41,1,0,0,0,1,0,1,0,0,0,0,1,1,1,1,0,0,1,0,0,0,1,0,0,0,0,0,1,0.28255220586139995
753803680477e7,78134254,1,0,0,0,0,0,0,0,1,0,330,100,20,1,0.5714286,0,0,1,0,0,1,0,0,0,1,1,0,0,0,0,1,0,0,0,1,0,0,0,1,0,1,0.2927864962863105
-2.0655618181699999e+018,80119079,0,0,1,0,0,0,0,0,0,1,5900,70,62,1,0,0,0,1,0,0,1,0,0,0,1,0,0,0,0,1,0,1,1,0,1,0,1,0,0,0,1,0.09256285851743669
637943404026e7,42124317,1,0,0,0,0,0,0,1,0,0,1420,100,65,1,1,0,0,1,0,0,0,0,0,0,1,1,0,0,0,0,1,1,1,0,1,0,0,1,0,1,1,0.4810065251662503
-756664221401e7,78133914,0,0,0,1,0,0,0,0,1,0,3540,100,58,3,0.14285715,0,0,1,0,1,0,0,1,0,1,1,0,0,0,0,0,0,0,1,0,0,1,1,0,0,1,0.34584741075746417
845784381382e7,5514341,0,1,0,0,0,0,1,0,0,0,1570,100,26,1,1,0,1,0,0,1,0,0,0,0,1,1,0,0,0,0,1,1,0,0,0,0,0,0,1,0,1,0.2951505428645064
1.4502290105500001e+018,42124650,0,0,0,1,0,0,0,1,0,0,1710,90,47,1,0,0,1,0,0,1,0,0,0,0,1,1,0,1,1,1,1,0,0,0,0,0,1,0,0,1,1,0.606474397940966
106778360729e7,78131730,0,0,0,0,0,0,0,0,1,0,2060,100,39,1,0.42857143,0,1,0,0,1,0,0,0,0,1,1,0,0,0,1,1,1,1,0,0,0,0,0,1,0,1,0.3003433088284842
-588670539379e7,5522835,0,1,0,0,0,0,1,0,0,0,840,100,43,1,0.71428573,0,1,0,0,1,0,0,0,0,0,1,0,0,0,1,1,0,0,0,0,0,0,1,1,0,1,0.3195498345782365
707040601022e6,78133640,0,1,0,0,0,0,0,0,1,0,5120,100,29,1,0,0,0,1,0,0,1,0,0,0,0,1,1,1,0,1,0,1,0,0,0,0,0,0,1,0,1,0.3108745198986096
448968201553e7,3592276,0,0,0,0,0,1,0,0,0,0,2010,100,50,1,0.14285715,0,1,0,0,1,0,0,0,0,1,1,0,0,1,1,1,0,0,0,1,0,1,0,0,1,1,0.6335130009579885
4.0372305459399997e+018,80117706,0,0,0,0,0,0,0,0,0,1,2850,100,30,1,0,0,1,0,0,1,0,0,0,0,1,1,0,0,1,0,0,0,0,0,1,0,1,1,0,0,1,0.07880683818987537
-570557461954e7,78133725,0,0,0,0,1,0,0,0,1,0,470,50,40,1,0.5714286,0,0,1,0,1,0,0,0,0,1,1,0,1,0,0,1,1,0,0,0,1,1,1,0,0,1,0.2948058987710309
-638343438368e6,78136308,0,1,0,0,0,0,0,0,1,0,910,100,44,1,0.14285715,0,0,1,0,0,1,0,0,0,1,1,0,0,1,1,1,0,0,0,1,0,1,1,1,0,1,0.29587009511650547
355543998343e7,42123504,0,0,0,1,0,0,0,1,0,0,3450,100,60,1,0,0,0,1,0,0,0,1,0,0,0,1,0,0,0,0,1,0,1,0,1,0,1,1,0,1,1,0.5511913012100439
420975226632e7,80118921,0,0,1,0,0,0,0,0,0,1,730,100,56,2,0.85714287,0,0,0,1,1,0,0,0,1,0,1,0,1,0,0,0,1,0,0,0,0,0,0,1,0,1,0.08135488120702379
7.6327453144399995e+018,42123946,1,0,0,0,0,0,0,1,0,0,1300,100,47,1,0.14285715,0,0,0,0,0,1,0,0,0,1,1,0,0,0,0,0,0,0,0,1,0,1,1,1,0,1,0.5326255936300303
-802727407911e7,78134245,1,0,0,0,0,0,0,0,1,0,250,90,43,1,0,0,1,0,0,0,1,0,0,0,1,1,0,0,0,0,1,1,0,0,0,0,1,1,0,1,1,0.38918090363888336
855717393593e7,80118939,0,0,1,0,0,0,0,0,0,1,1100,100,31,1,0,0,0,1,0,1,0,0,0,0,1,1,0,0,1,1,1,0,1,0,1,0,0,0,1,0,1,0.08318737077383376
-617654866774e7,10463314,0,1,0,0,0,0,0,0,0,0,1910,100,54,1,0,0,0,1,0,1,0,0,0,0,0,1,0,0,0,1,1,0,0,0,1,0,0,1,0,0,1,0.3468917229146058
32462739034e7,78136273,1,0,0,0,0,0,0,0,1,0,1640,100,54,1,0,0,0,1,0,0,1,0,0,0,1,1,1,1,0,0,1,1,0,0,1,0,1,1,0,0,1,0.3643557354923805
113329005384e7,78134531,0,0,0,1,0,0,0,0,1,0,1110,70,44,1,0.14285715,0,0,1,0,1,0,0,0,0,0,1,0,0,0,1,1,0,0,0,0,0,1,1,0,0,1,0.3216589524883706
409370020327e7,10462595,0,0,1,0,0,0,0,0,0,0,2180,80,43,1,0,0,1,0,0,0,1,0,0,0,1,1,0,1,0,0,1,0,0,0,1,0,1,1,1,0,1,0.47447870526502417
-332390477992e7,80118486,0,0,0,1,0,0,0,0,0,1,1280,100,26,1,0,0,0,0,0,0,1,0,0,0,0,1,0,0,1,0,1,0,0,0,1,0,0,0,1,0,1,0.09170028805253495
190895899168e7,80118309,0,0,0,1,0,0,0,0,0,1,200,100,73,1,0.42857143,0,1,0,0,0,0,0,0,0,1,1,0,0,0,0,0,1,0,0,1,0,1,1,0,0,1,0.08155166666477087
1.2270479259299999e+018,5522845,0,1,0,0,0,0,1,0,0,0,2250,100,35,1,0,0,1,0,0,1,0,0,0,0,1,1,0,0,1,1,1,0,1,0,1,0,1,0,0,1,1,0.5006647339246025
-572922754643e7,80118869,0,0,0,0,0,0,0,0,0,1,770,100,24,1,0,0,1,0,0,0,1,0,0,0,1,1,0,0,1,1,1,0,1,0,1,0,1,1,1,0,1,0.08185766521881882
-152819828698e7,80116877,0,0,0,1,0,0,0,0,0,1,4020,70,48,1,0.85714287,0,0,1,0,1,0,0,0,0,1,1,0,0,0,1,1,1,0,0,0,0,0,0,1,0,1,0.09719194549002791
71206583009e8,10462399,0,1,0,0,0,0,0,0,0,0,2770,100,46,1,0,0,0,1,0,1,0,0,0,0,0,1,0,0,1,0,1,1,0,1,1,0,1,1,0,0,1,0.39527681146038973
262652186935e7,10463458,0,0,0,1,0,0,0,0,0,0,1260,100,45,1,0,0,0,1,0,1,0,0,0,0,0,0,0,0,0,0,0,0,0,0,1,0,1,1,0,1,1,0.5212962809790503
-723036903523e7,10463526,0,0,0,1,0,0,0,0,0,0,1020,100,40,1,0,1,0,0,0,0,1,0,0,0,0,0,1,1,0,0,1,0,0,0,1,0,1,0,1,0,1,0.4263326732349849
876628028869e7,78133637,0,1,0,0,0,0,0,0,1,0,1140,100,48,2,0.14285715,0,0,1,0,0,1,0,1,0,0,1,1,0,0,0,1,1,0,0,0,0,1,0,0,1,1,0.3116589867254515
-102638225173e7,80117693,0,0,0,0,0,0,0,0,0,1,2070,100,53,2,0,0,1,0,0,1,0,0,0,0,1,0,0,0,0,0,0,0,0,0,1,0,1,1,0,0,1,0.07309504809945491
369879038247e7,78132487,0,0,0,0,0,0,0,0,1,0,1020,100,62,1,0.14285715,0,1,0,0,1,0,0,0,0,1,1,1,1,0,1,0,0,1,0,1,0,1,1,0,0,1,0.3186671996680159
129209362164e7,3586695,0,0,0,0,0,1,0,0,0,0,620,100,28,1,0,0,0,1,0,0,0,1,0,0,1,1,1,1,1,1,1,1,0,0,1,0,1,1,1,0,1,0.40349976538423143
502593203022e7,78134611,1,0,0,0,0,0,0,0,1,0,690,100,50,1,0,0,0,1,0,0,0,0,0,0,1,1,0,0,1,1,1,0,0,0,1,0,0,1,0,0,1,0.3347534183142531
2.1718309618499999e+018,78132715,0,0,0,0,0,0,0,0,1,0,1100,75,24,1,0.14285715,0,0,1,0,1,0,0,0,0,0,1,0,0,1,1,1,0,0,0,0,1,1,1,1,0,1,0.2960665862261186
16787712451e8,3592049,1,0,0,0,0,1,0,0,0,0,5310,90,37,1,0.2857143,1,0,0,0,1,0,0,0,0,1,1,0,1,0,0,1,0,0,0,0,0,1,1,0,1,1,0.5845640395415563
-438381265267e7,42124320,1,0,0,0,0,0,0,1,0,0,530,100,52,1,0.2857143,1,0,0,0,1,0,0,0,0,1,1,0,0,0,0,1,1,0,0,1,0,0,1,0,1,1,0.5450601745657367
541471173681e7,80116881,0,0,0,1,0,0,0,0,0,1,1900,100,50,1,0,0,0,0,0,1,0,0,0,0,0,1,0,1,1,1,1,0,0,1,0,0,1,1,1,0,1,0.07859230844432026
-473602795722e7,42125274,0,0,0,1,0,0,0,1,0,0,990,90,36,1,0.14285715,0,0,1,0,1,0,0,0,0,1,1,1,1,0,1,0,1,0,0,1,0,1,1,0,1,1,0.5565587969596119
-2.0144174106899999e+018,3595313,0,0,0,0,0,1,0,0,0,0,1400,100,58,1,0,0,0,1,0,1,0,0,0,0,0,1,0,0,0,1,0,0,1,0,0,0,0,0,0,0,1,0.4160633098310376
6.9662030810800005e+018,80117378,0,1,0,0,0,0,0,0,0,1,660,100,48,1,0,0,1,0,0,1,0,0,0,0,1,1,0,0,1,1,1,0,0,0,1,0,1,1,0,1,1,0.10326501503351655
-6.8861753379599995e+018,80119085,0,0,1,0,0,0,0,0,0,1,560,100,36,1,0.42857143,0,0,1,0,1,0,0,0,0,0,1,1,1,1,1,0,0,0,0,1,0,0,0,1,0,1,0.08502308055544518
-670999065392e7,42124661,0,0,0,1,0,0,0,1,0,0,550,50,57,1,0.2857143,0,1,0,0,1,0,0,0,0,1,1,0,1,0,1,1,1,1,0,1,0,1,1,0,0,1,0.43052101597280995
-849328955346e7,42124249,0,0,0,0,0,0,0,1,0,0,1490,40,29,1,0,1,0,0,0,1,0,0,0,0,0,1,0,0,0,0,1,0,0,0,0,1,1,1,0,0,1,0.4365953783008312
-394352389673e7,10463952,0,0,0,0,0,0,0,0,0,0,2050,90,49,1,0,0,1,0,0,0,0,1,0,0,1,1,1,1,0,1,1,0,0,1,1,0,0,1,0,1,1,0.6684981978805512
763128029101e7,80118480,0,0,0,1,0,0,0,0,0,1,3100,100,62,3,0,0,0,1,0,0,0,0,0,0,1,1,0,0,1,0,0,1,0,0,1,0,1,1,0,0,1,0.0785360822081738
280020528781e7,78136107,0,1,0,0,0,0,0,0,1,0,1530,75,43,1,0.2857143,0,1,0,0,0,1,0,0,0,1,0,0,0,0,0,0,0,0,0,1,0,1,1,1,0,1,0.30831570450554197
518290946971e7,80119061,0,1,0,0,0,0,0,0,0,1,800,100,30,2,0,0,0,1,0,0,1,0,1,0,1,1,1,0,0,0,1,0,0,0,1,0,0,0,0,0,1,0.09797144345120765
-776104540894e7,78132605,0,1,0,0,0,0,0,0,1,0,2200,100,32,1,0,0,0,1,0,0,1,0,0,0,0,1,0,0,0,0,0,1,0,0,1,0,0,1,0,0,1,0.29396403233168455
325842711023e7,80117455,0,0,0,1,0,0,0,0,0,1,1460,80,32,1,1,0,0,0,1,1,0,0,0,0,0,1,0,0,0,0,0,0,0,0,1,0,1,0,0,0,1,0.08164650051104434
704688239254e7,10463757,0,0,0,0,1,0,0,0,0,0,1720,100,45,1,0,0,0,1,0,1,0,0,0,0,1,1,0,1,0,0,1,0,0,0,1,0,1,1,0,1,1,0.5187156843908235
-376232431679e7,78132509,0,0,0,0,0,0,0,0,1,0,680,100,27,1,0,0,0,1,0,0,1,0,0,0,1,0,0,0,1,0,1,0,0,0,1,0,1,1,0,1,1,0.3930561615282086
2.6156850095399997e+018,3592027,1,0,0,0,0,1,0,0,0,0,380,90,55,1,0,0,0,1,0,0,1,0,0,0,1,1,0,0,0,1,0,0,0,0,1,0,1,1,1,1,1,0.5182296403767355
-698411831071e7,78133902,0,0,0,1,0,0,0,0,1,0,1710,100,40,1,0,0,1,0,0,1,0,0,0,0,1,1,0,0,0,1,1,0,0,0,1,0,1,1,0,0,1,0.33922621759945787
489514094719e7,78134385,0,0,0,0,0,0,0,0,1,0,1700,100,55,1,0,0,1,0,0,0,1,0,0,0,1,1,0,0,1,1,1,0,0,0,1,0,1,1,0,1,1,0.39710967416205145
-534910489079e7,5514349,0,1,0,0,0,0,1,0,0,0,1020,100,50,2,0.42857143,0,0,1,0,1,0,0,0,0,1,1,0,1,0,0,1,0,0,0,1,0,1,1,0,0,1,0.35786215982894465
-562971620912e7,10463007,0,0,0,1,0,0,0,0,0,0,1420,100,70,2,0.14285715,0,0,1,0,0,0,0,0,1,1,1,0,1,0,0,1,0,0,0,1,0,1,0,0,0,1,0.44183891781927714
-583848517686e7,3594387,0,0,0,0,0,1,0,0,0,0,1100,100,46,1,0,0,0,0,1,0,1,0,0,0,0,1,0,0,1,0,1,0,0,0,1,0,1,1,0,0,1,0.48997832545463205
-426571651483e7,10463013,0,0,0,1,0,0,0,0,0,0,990,50,38,1,0.14285715,0,0,1,0,0,1,0,0,0,0,1,0,0,0,0,1,0,0,0,1,0,0,0,0,1,1,0.47999986281702456
-1.4527786631699999e+018,10463802,0,0,0,0,0,0,0,0,0,0,450,100,41,1,0,0,0,1,0,1,0,0,0,0,1,0,0,0,1,1,0,0,0,0,0,0,0,0,0,1,1,0.47219067170251805
351471360124e7,78136124,0,1,0,0,0,0,0,0,1,0,480,100,29,1,0.14285715,0,0,1,0,1,0,0,0,0,1,1,0,0,0,0,1,1,0,0,0,0,1,0,0,0,1,0.26896622960212496
-3.6336297997799997e+018,80118011,0,0,0,0,0,0,0,0,0,1,2990,100,39,1,0.5714286,0,0,1,0,0,1,0,0,0,1,1,1,0,1,0,1,1,1,0,1,1,1,1,1,0,1,0.08014036124339854
77008830837e8,5521239,0,1,0,0,0,0,1,0,0,0,1800,100,40,1,0.42857143,0,0,1,0,1,0,0,0,0,1,1,0,0,0,0,1,1,0,0,0,0,0,0,1,0,1,0.32847433093815215
-6.0451291089500006e+017,78134516,0,0,0,1,0,0,0,0,1,0,3100,100,74,2,0,0,0,0,0,0,1,0,0,0,1,1,1,0,0,1,1,0,0,0,1,0,0,1,0,0,1,0.351937715376828
-422040897908e7,78136122,0,1,0,0,0,0,0,0,1,0,150,100,33,2,0,0,0,1,0,1,0,0,0,0,0,1,0,0,0,0,1,0,0,0,1,0,1,1,0,0,1,0.2758759107403235
448968201553e7,3592280,0,0,0,0,0,1,0,0,0,0,2340,100,50,1,0.14285715,0,1,0,0,1,0,0,0,0,1,1,0,0,1,1,1,0,0,0,1,0,1,0,0,1,1,0.6326637579688645
730135088088e7,42124247,0,0,0,0,0,0,0,1,0,0,2950,100,41,1,0.42857143,0,0,1,0,0,1,0,0,0,1,1,0,1,1,0,0,1,0,0,1,0,1,1,0,1,1,0.5419911475665216
133611652918e7,78134113,0,0,0,1,0,0,0,0,1,0,1030,100,33,1,0.42857143,0,1,0,0,1,0,0,0,0,1,1,1,0,0,0,0,0,0,0,1,0,0,0,1,0,1,0.2761353069003994
-852933167677e7,5524106,0,0,0,0,0,0,1,0,0,0,3500,95,48,1,0,0,0,1,0,0,1,0,0,0,1,0,0,0,1,1,0,0,0,0,0,0,1,1,0,0,1,0.48056789155319307
-136287854228e7,80116875,0,0,0,1,0,0,0,0,0,1,3210,100,55,1,0.14285715,0,0,1,0,1,0,0,0,0,1,1,0,0,1,1,1,0,0,0,1,0,1,0,0,0,1,0.08117521416148786
448968201553e7,3592275,0,0,0,0,0,1,0,0,0,0,2230,100,50,1,0.14285715,0,1,0,0,1,0,0,0,0,1,1,0,0,1,1,1,0,0,0,1,0,1,0,0,1,1,0.6324159252460321
882677519178e7,5514481,0,0,0,0,0,0,1,0,0,0,2760,100,29,1,0.2857143,0,1,0,0,1,0,0,0,0,1,1,0,0,1,1,1,0,0,0,0,0,0,1,1,0,1,0.43711587091052106
763128029101e7,80118479,0,0,0,1,0,0,0,0,0,1,2740,100,62,3,0,0,0,1,0,0,0,0,0,0,1,1,0,0,1,0,0,1,0,0,1,0,1,1,0,0,1,0.07674346347943405
720724405443e7,5521235,0,1,0,0,0,0,1,0,0,0,700,100,58,1,1,0,0,1,0,0,1,0,0,0,1,1,1,1,1,0,0,1,0,0,0,0,0,0,1,0,1,0.3283779804005499
-377567946077e7,3592025,1,0,0,0,0,1,0,0,0,0,9270,90,42,1,0,0,0,0,1,0,1,0,0,0,0,1,1,0,1,1,1,0,1,0,0,1,0,0,0,1,1,0.5101793424296256
-462051959045e7,5521331,0,0,0,0,0,0,1,0,0,0,1070,100,76,1,0.71428573,0,0,1,0,0,0,0,0,0,1,1,0,0,0,1,0,1,0,0,0,0,0,1,1,0,1,0.392150680352928
-394352389673e7,10463953,0,0,0,0,0,0,0,0,0,0,1790,90,49,1,0,0,1,0,0,0,0,1,0,0,1,1,1,1,0,1,1,0,0,1,1,0,0,1,0,1,1,0.6737596313481623
-3.6336297997799997e+018,80118008,0,0,0,0,0,0,0,0,0,1,4560,100,39,1,0.5714286,0,0,1,0,0,1,0,0,0,1,1,1,0,1,0,1,1,1,0,1,1,1,1,1,0,1,0.08246295188206804
3.2660173174200003e+018,42124253,0,0,0,0,0,0,0,1,0,0,2700,75,49,1,0,0,0,1,0,0,0,1,0,0,1,0,1,1,0,0,1,0,0,0,1,0,0,1,0,1,1,0.5678586822634241
-3.2744191927800003e+018,10462810,1,0,0,0,0,0,0,0,0,0,1350,100,46,2,0.14285715,0,0,1,0,0,1,0,1,0,1,1,1,1,1,1,1,0,0,1,1,0,1,0,1,1,1,0.5168150440536571
796754982227e7,80117273,0,0,0,0,1,0,0,0,0,1,2960,90,51,1,0,0,0,1,0,1,0,0,0,0,0,1,0,1,1,0,1,0,1,0,0,0,0,0,1,0,1,0.11861891678205125
486679177477e7,10462452,0,0,0,0,1,0,0,0,0,0,4490,90,24,1,0.14285715,0,1,0,0,0,1,0,0,0,0,1,1,1,1,1,1,0,0,1,1,0,1,1,0,1,1,0.5852319260918485
-270944694739e7,42124693,0,0,1,0,0,0,0,1,0,0,730,50,29,1,0,1,0,0,0,1,0,0,0,0,0,1,0,0,0,0,1,0,0,0,0,0,1,1,0,0,1,0.4108242977426042
-830565069958e7,5514337,0,1,0,0,0,0,1,0,0,0,5480,50,65,1,1,0,0,1,0,0,0,0,0,0,1,1,1,1,0,1,0,1,1,0,0,0,0,0,0,0,1,0.41319048729504315
-670999065392e7,42124663,0,0,0,1,0,0,0,1,0,0,1240,50,57,1,0.2857143,0,1,0,0,1,0,0,0,0,1,1,0,1,0,1,1,1,1,0,1,0,1,1,0,0,1,0.4350888105106399
-431445730763e7,78132517,0,0,0,0,0,0,0,0,1,0,4380,90,48,1,0,0,1,0,0,0,0,0,0,0,1,1,0,0,0,0,0,0,0,0,1,0,0,1,0,0,1,0.35623153044519995
-547847251554e7,78136119,0,1,0,0,0,0,0,0,1,0,2150,100,50,1,0.14285715,0,1,0,0,1,0,0,0,0,0,1,0,0,0,0,0,0,0,0,1,0,1,1,0,0,1,0.2780056936954922
-108840725432e7,80117679,0,0,0,0,0,0,0,0,0,1,2690,100,39,1,0.5714286,0,0,1,0,0,1,0,0,0,1,1,1,0,1,0,1,1,1,0,1,1,1,1,1,0,1,0.07939878230139932
1.2270479259299999e+018,5522843,0,1,0,0,0,0,1,0,0,0,1270,100,35,1,0,0,1,0,0,1,0,0,0,0,1,1,0,0,1,1,1,0,1,0,1,0,1,0,0,1,1,0.4857661456932208
-377567946077e7,3590975,1,0,0,0,0,1,0,0,0,0,6830,90,42,1,0,0,0,0,1,0,1,0,0,0,0,1,1,0,1,1,1,0,1,0,0,1,0,0,0,0,1,0.5078212796590629
113329005384e7,78134532,0,0,0,1,0,0,0,0,1,0,2440,70,44,1,0.14285715,0,0,1,0,1,0,0,0,0,0,1,0,0,0,1,1,0,0,0,0,0,1,1,0,0,1,0.32377373718616786
-2.3601971854599997e+018,78134234,1,0,0,0,0,0,0,0,1,0,4400,100,60,1,0,0,1,0,0,0,1,0,0,0,1,1,0,0,0,1,0,0,0,0,1,0,0,1,1,1,1,0.421586373524144
-328943546999e7,80117965,0,0,1,0,0,0,0,0,0,1,1000,100,53,1,0,0,1,0,0,1,0,0,0,0,1,0,0,0,0,1,0,0,0,0,0,0,1,0,0,0,1,0.07718679145599844
-62885300699e8,80118852,0,0,0,0,0,0,0,0,0,1,1510,100,33,1,0,0,0,1,0,1,0,0,0,0,1,1,0,0,0,1,1,0,0,1,1,1,1,1,1,0,1,0.08215125677253525
-569117116456e7,5521212,0,1,0,0,0,0,1,0,0,0,1680,50,65,1,1,0,0,1,0,0,0,0,0,0,1,1,1,1,0,1,0,1,1,0,0,0,0,0,0,1,1,0.406518890593589
46692552844e8,78133411,0,0,0,0,1,0,0,0,1,0,450,90,35,1,0.42857143,0,0,1,0,1,0,0,0,0,1,1,1,1,0,0,1,1,1,0,0,0,1,1,1,0,1,0.2832267987712484
467118632592e7,80118319,0,0,0,1,0,0,0,0,0,1,400,100,37,1,0,0,0,1,0,0,0,1,0,0,1,1,0,0,1,0,1,0,0,0,1,0,1,1,0,0,1,0.08101958140650871
894115223043e7,10463773,0,0,0,0,1,0,0,0,0,0,1280,100,28,1,0,0,1,0,0,0,1,0,0,0,0,0,0,0,0,1,1,0,0,0,0,0,1,1,0,1,1,0.5032587590180075
834155744982e7,10462812,1,0,0,0,0,0,0,0,0,0,2120,100,39,1,0.14285715,0,1,0,0,0,1,0,0,0,1,0,0,0,0,0,1,0,1,0,0,0,1,1,0,0,1,0.47401984737002945
-549999507582e7,10462948,0,0,1,0,0,0,0,0,0,0,160,100,59,1,0,0,0,1,0,0,1,0,0,0,1,1,0,0,1,0,1,0,0,0,1,0,1,0,0,0,1,0.4143028429033366
-311686363175e7,78132506,0,0,0,0,0,0,0,0,1,0,960,100,34,1,0.14285715,0,0,1,0,1,0,0,0,0,1,1,0,0,0,0,1,0,0,0,1,0,1,1,0,1,1,0.32010075513856534
427086641899e7,78136329,0,1,0,0,0,0,0,0,1,0,560,70,18,1,0,0,0,0,0,0,1,0,0,0,0,0,1,0,1,0,1,0,0,0,0,0,1,1,0,0,1,0.34095221907493106
727322581417e7,80115949,0,0,1,0,0,0,0,0,0,1,2180,100,33,1,0,0,0,1,0,1,0,0,0,0,1,1,0,0,0,0,0,0,0,0,0,0,1,0,0,0,1,0.07706013677260493
-363488836008e7,42124626,0,0,1,0,0,0,0,1,0,0,1310,100,87,1,0.14285715,0,1,0,0,0,0,0,0,0,1,1,0,0,1,1,0,0,0,1,1,0,1,0,0,1,1,0.572074274375809
-428758931189e7,80117978,0,0,1,0,0,0,0,0,0,1,1340,90,29,2,0.14285715,0,1,0,0,1,0,0,0,0,0,0,0,0,1,1,1,0,1,0,1,0,0,0,0,0,1,0.09311848165941577
449901365029e7,80118483,0,0,0,1,0,0,0,0,0,1,1430,100,33,2,0.14285715,0,0,1,0,0,0,1,0,0,1,1,1,1,1,1,1,0,1,0,1,0,0,0,1,0,1,0.08423462196853249
53633687975e8,42125614,0,0,0,1,0,0,0,1,0,0,1530,20,18,1,0.71428573,0,0,1,0,0,1,0,0,0,1,0,0,0,1,1,1,1,0,0,0,0,0,0,0,1,1,0.5401260225501175
356365642531e6,78136106,0,1,0,0,0,0,0,0,1,0,3170,100,49,1,0.14285715,0,0,1,0,1,0,0,0,0,1,1,1,0,1,0,1,0,0,0,1,0,1,1,1,0,1,0.3028336656286234
-84162627124e8,80119076,0,0,1,0,0,0,0,0,0,1,440,90,43,1,0.14285715,0,0,1,0,1,0,0,0,0,1,1,1,1,0,1,0,0,0,0,1,0,1,0,0,0,1,0.08812912816784607
300001129939e7,5524161,0,0,0,0,0,0,1,0,0,0,4130,100,34,1,0,1,0,0,0,0,0,1,0,0,0,1,0,0,1,1,1,0,0,0,1,0,1,0,0,1,1,0.5778078625284635
696197397668e6,10463501,1,0,0,0,0,0,0,0,0,0,2080,100,39,1,0,0,0,1,0,1,0,0,0,0,0,1,0,1,1,1,1,1,0,0,1,0,0,0,0,1,1,0.5159794788321413
647579692503e7,3591004,0,0,0,0,0,1,0,0,0,0,2230,100,41,1,1,0,1,0,0,1,0,0,0,0,0,1,0,0,1,0,1,0,0,0,0,0,1,1,0,1,1,0.5172096636628476
-4.7114398688399995e+018,78133639,0,1,0,0,0,0,0,0,1,0,9600,100,43,1,0,0,1,0,0,0,0,1,0,0,0,1,1,1,1,0,1,0,0,0,1,1,1,1,0,0,1,0.3455339214161462
790580812237e7,78133626,0,1,0,0,0,0,0,0,1,0,2010,100,37,1,0,0,0,1,0,0,1,0,0,0,1,1,0,0,0,1,1,0,0,0,1,1,1,1,0,0,1,0.29458067191138493
456519180839e7,42124329,1,0,0,0,0,0,0,1,0,0,210,90,33,1,0,0,1,0,0,1,0,0,0,0,1,1,0,0,0,1,1,0,0,0,1,0,0,1,0,1,1,0.5551203993481267
2.3825653914599997e+018,78133065,0,0,1,0,0,0,0,0,1,0,510,100,21,1,0,0,1,0,0,0,1,0,0,0,1,0,0,0,0,0,1,0,0,0,0,0,1,1,0,1,1,0.4082705376181562
-8.2972163691599995e+018,78134609,1,0,0,0,0,0,0,0,1,0,3010,75,42,1,0.2857143,0,0,1,0,1,0,0,0,0,0,1,1,1,1,0,1,0,0,0,0,0,0,1,1,0,1,0.328308261336235
6.0935554885100006e+017,42122480,1,0,0,0,0,0,0,1,0,0,770,80,44,1,0.5,0,0,1,0,1,0,0,0,0,1,1,1,1,0,1,0,1,1,0,0,0,1,1,1,0,1,0.3737844165244393
-874851245055e7,5524168,0,0,0,0,0,0,1,0,0,0,2150,80,49,1,0.2857143,0,0,1,0,0,1,0,0,0,1,1,0,1,0,1,1,0,0,0,1,0,1,1,0,1,1,0.5504008728839352
833609646374e7,42125327,0,0,0,0,0,0,0,1,0,0,3110,100,50,1,0,0,0,0,1,0,0,1,0,0,1,1,1,0,1,0,1,0,1,0,1,0,1,1,1,0,1,0.48758014287069645
-1.9022689580499999e+018,5521219,0,1,0,0,0,0,1,0,0,0,4750,100,38,1,0.2857143,1,0,0,0,1,0,0,0,0,0,1,1,0,0,0,1,1,1,0,1,0,0,0,1,0,1,0.38852211054779334
326817207107e7,10463348,0,0,1,0,0,0,0,0,0,0,750,100,56,1,0,0,1,0,0,0,1,0,0,0,1,0,0,0,1,1,0,0,0,0,1,0,1,1,0,1,1,0.5239123077266168
-875507827006e7,80117050,0,0,1,0,0,0,0,0,0,1,440,90,60,1,0,0,0,1,0,1,0,0,0,0,1,1,0,0,0,0,0,0,1,0,0,0,0,0,0,0,1,0.09180871852879999
448968201553e7,3592282,0,0,0,0,0,1,0,0,0,0,510,100,50,1,0.14285715,0,1,0,0,1,0,0,0,0,1,1,0,0,1,1,1,0,0,0,1,0,1,0,0,1,1,0.5657077529625879
921385454383e7,80118065,0,0,0,1,0,0,0,0,0,1,2640,100,50,1,0,0,0,1,0,0,1,0,0,0,0,0,0,0,1,0,1,0,1,0,1,1,1,0,1,0,1,0.07960244062920664
913260781122e7,3590977,1,0,0,0,0,1,0,0,0,0,500,100,29,1,0,0,0,1,0,1,0,0,0,0,1,1,0,0,0,0,0,0,0,1,0,0,0,1,0,0,1,0.43097064660126283
873986392211e7,80115945,0,0,1,0,0,0,0,0,0,1,2300,100,54,1,0.14285715,0,0,1,0,0,0,1,0,0,1,1,0,0,1,0,1,0,0,0,1,0,1,1,0,0,1,0.07444841659792728
789152311783e7,3590983,1,0,0,0,0,1,0,0,0,0,840,50,66,1,1,0,0,1,0,1,0,0,0,0,0,1,0,0,0,0,0,1,0,0,0,0,1,0,0,0,1,0.42597469628898976
-731125707912e7,80116889,0,0,0,1,0,0,0,0,0,1,4300,100,50,1,0.14285715,0,1,0,0,0,1,0,0,0,1,1,1,1,0,0,1,0,0,0,1,0,0,0,1,0,1,0.09762286378994652
300001129939e7,5524160,0,0,0,0,0,0,1,0,0,0,2040,100,34,1,0,1,0,0,0,0,0,1,0,0,0,1,0,0,1,1,1,0,0,0,1,0,1,0,0,1,1,0.5626424209955447
-547847251554e7,78136117,0,1,0,0,0,0,0,0,1,0,1900,100,50,1,0.14285715,0,1,0,0,1,0,0,0,0,0,1,0,0,0,0,0,0,0,0,1,0,1,1,0,0,1,0.2765972947547624
4.0628536467399997e+018,42124672,0,0,0,1,0,0,0,1,0,0,2520,100,22,1,0.42857143,0,1,0,0,1,0,0,0,0,0,1,0,0,0,0,0,1,0,0,0,0,1,1,1,1,1,0.6293945831643343
845784381382e7,5514344,0,1,0,0,0,0,1,0,0,0,730,100,26,1,1,0,1,0,0,1,0,0,0,0,1,1,0,0,0,0,1,1,0,0,0,0,0,0,1,0,1,0.29796523341699926
-2.3073130369400003e+018,78133712,0,0,0,0,1,0,0,0,1,0,1040,100,46,1,1,0,1,0,0,0,0,1,0,0,1,1,0,0,0,0,0,1,0,0,1,0,0,0,0,0,1,0.3028574031300256
-543485098967e7,80119328,1,0,0,0,0,0,0,0,0,1,2270,80,28,2,0,0,1,0,0,1,0,0,1,0,1,1,0,0,1,1,0,0,1,0,1,0,0,0,0,0,1,0.0963241021967455
-671356529291e7,80118763,0,1,0,0,0,0,0,0,0,1,400,90,53,1,0.5714286,0,0,0,1,0,1,0,0,0,1,1,1,1,0,1,0,1,0,0,1,0,0,0,1,0,1,0.09960515416825384
-1.8417786580499999e+018,10463522,0,0,0,1,0,0,0,0,0,0,1460,100,43,1,0,0,1,0,0,1,0,0,0,0,0,0,0,0,0,0,1,0,0,0,1,0,1,1,0,1,1,0.5348167943384514
-534910489079e7,5514350,0,1,0,0,0,0,1,0,0,0,1230,100,50,2,0.42857143,0,0,1,0,1,0,0,0,0,1,1,0,1,0,0,1,0,0,0,1,0,1,1,0,0,1,0.3563037668586264
-317805075308e7,42124630,0,0,1,0,0,0,0,1,0,0,1870,100,51,1,0.42857143,0,0,1,0,0,1,0,0,0,1,1,1,0,0,0,0,0,1,0,0,0,0,1,0,0,1,0.45086647792566525
-645683079329e7,42123952,1,0,0,0,0,0,0,1,0,0,880,80,46,1,0.14285715,0,0,1,0,1,0,0,0,0,1,1,1,0,1,1,0,0,0,0,1,0,1,1,1,1,1,0.5377345494656349
-655453977466e7,5521225,0,1,0,0,0,0,1,0,0,0,1080,100,30,1,1,0,1,0,0,0,1,0,0,0,1,1,0,1,0,1,1,1,0,0,1,0,1,0,1,0,1,0.32232988538646545
-441334532065e7,42124651,0,0,0,1,0,0,0,1,0,0,9010,50,22,1,0.2857143,0,0,0,1,0,1,0,0,0,0,1,1,1,0,0,1,1,0,0,0,1,0,1,0,1,1,0.5615451583927001
-240614703319e7,80117105,0,0,0,0,1,0,0,0,0,1,600,100,29,1,0,0,1,0,0,0,1,0,0,0,1,1,1,1,1,1,0,0,0,0,1,1,1,1,0,0,1,0.10682534812397795
-928985161548e6,78132733,0,0,0,0,0,0,0,0,1,0,1900,100,44,1,0,0,0,1,0,1,0,0,0,0,1,1,1,1,1,1,1,0,1,0,0,1,0,0,1,0,1,0.30911963000857
716073032073e7,78131789,0,0,0,0,1,0,0,0,1,0,1060,70,53,1,0,0,0,1,0,1,0,0,0,0,1,1,0,0,0,1,0,0,0,0,1,0,1,1,0,0,1,0.33566209189997964
-364929439379e7,78134640,0,1,0,0,0,0,0,0,1,0,1140,90,37,1,0.14285715,0,0,1,0,0,1,0,0,0,1,1,0,1,1,1,0,0,0,0,0,1,0,1,1,0,1,0.2740560236908791
115313695583e6,10463173,0,1,0,0,0,0,0,0,0,0,430,100,27,1,0.2857143,0,0,1,0,1,0,0,0,0,0,1,0,0,1,1,1,0,0,1,1,0,1,1,0,0,1,0.34381210697592135
814082098595e7,42124686,0,0,1,0,0,0,0,1,0,0,130,100,37,1,0,0,0,0,0,0,1,0,0,0,1,1,0,1,0,0,0,0,0,0,1,0,1,1,0,0,1,0.45992581951219547
-7.9198838352399995e+018,78134399,0,0,0,0,0,0,0,0,1,0,1280,100,24,1,0,0,0,1,0,0,1,0,0,0,1,1,0,0,0,0,1,0,0,0,1,1,0,1,0,0,1,0.3186194681486373
-2.2404712898499999e+018,42125615,0,0,0,1,0,0,0,1,0,0,250,100,25,1,0,0,0,0,1,1,0,0,0,0,1,0,0,0,0,0,0,0,0,0,0,0,1,1,0,1,1,0.5606494374258949
-193436078224e7,42124318,1,0,0,0,0,0,0,1,0,0,450,100,35,1,0.2857143,0,0,1,0,0,0,1,0,0,1,1,1,0,0,0,0,1,1,0,1,0,0,0,1,0,1,0.43324649237279644
-874851245055e7,5524167,0,0,0,0,0,0,1,0,0,0,3810,80,49,1,0.2857143,0,0,1,0,0,1,0,0,0,1,1,0,1,0,1,1,0,0,0,1,0,1,1,0,1,1,0.5507708004111946
-690243175834e7,3594404,0,0,0,0,0,1,0,0,0,0,5090,100,56,1,1,0,1,0,0,1,0,0,0,0,1,1,0,1,0,1,0,1,0,0,0,0,0,0,1,0,1,0.43205618903968357
-141226434639e6,78134614,1,0,0,0,0,0,0,0,1,0,2470,90,37,1,0.2857143,0,1,0,0,1,0,0,0,0,1,1,0,0,1,1,1,0,0,0,0,0,0,1,1,0,1,0.3193830946150831
456761651173e7,78134217,1,0,0,0,0,0,0,0,1,0,8530,100,30,1,0.14285715,1,0,0,0,0,1,0,0,0,0,1,1,1,1,1,1,0,0,0,1,0,1,1,1,1,1,0.4160180413468913
713292388699e5,78132579,0,1,0,0,0,0,0,0,1,0,350,100,24,1,0.42857143,0,1,0,0,1,0,0,0,0,1,1,1,1,0,1,1,0,0,0,0,1,1,0,0,0,1,0.25837004681033193
540619497561e7,80118842,0,0,0,0,1,0,0,0,0,1,2100,100,52,1,0.71428573,0,0,1,0,0,1,0,0,0,1,1,0,1,0,0,0,0,0,0,0,0,0,0,1,0,1,0.1084231180662693
-564679036529e7,10462946,0,0,1,0,0,0,0,0,0,0,740,100,21,1,0.42857143,0,1,0,0,0,1,0,0,0,1,1,1,1,1,0,1,0,0,0,1,0,1,1,0,0,1,0.4337202165523503
-13299501062e8,78134521,0,0,0,1,0,0,0,0,1,0,970,100,52,1,0,1,0,0,0,1,0,0,0,0,1,1,1,1,1,1,1,0,0,0,1,0,1,1,0,0,1,0.33316259711363994
723814044506e7,80117102,0,0,0,0,1,0,0,0,0,1,2920,100,32,1,0,0,0,1,0,0,1,0,0,0,1,1,1,1,1,1,1,0,0,0,1,0,1,1,1,0,1,0.10384933777071939
-547927472407e7,78133893,0,0,0,1,0,0,0,0,1,0,840,100,51,1,0,0,1,0,0,1,0,0,0,0,1,1,1,1,0,0,0,1,0,0,1,0,1,1,0,0,1,0.3345933005150567
-394352389673e7,10463955,0,0,0,0,0,0,0,0,0,0,11460,90,49,1,0,0,1,0,0,0,0,1,0,0,1,1,1,1,0,1,1,0,0,1,1,0,0,1,0,1,1,0.6802814191183774
-321939777495e7,78134536,0,0,0,1,0,0,0,0,1,0,1500,75,47,2,0.5714286,0,1,0,0,0,1,0,0,0,0,0,1,1,1,0,1,0,0,1,0,0,1,0,1,0,1,0.3326692735017564
-383405176777e7,80119334,1,0,0,0,0,0,0,0,0,1,1970,90,40,1,1,0,1,0,0,1,0,0,0,0,1,0,1,0,0,1,0,1,0,0,1,1,1,0,0,0,1,0.08965338168805886
489058430291e7,42124254,0,0,0,0,0,0,0,1,0,0,1140,100,38,1,0.14285715,0,1,0,0,1,0,0,0,0,0,1,0,0,1,1,0,1,0,1,0,0,1,1,0,0,1,0.5235930880842321
133611652918e7,78134112,0,0,0,1,0,0,0,0,1,0,640,100,33,1,0.42857143,0,1,0,0,1,0,0,0,0,1,1,1,0,0,0,0,0,0,0,1,0,0,0,1,0,1,0.2703980914769851
-705447274978e7,80119058,0,1,0,0,0,0,0,0,0,1,1420,100,27,1,0,0,0,1,0,1,0,0,0,0,1,1,0,0,0,0,1,0,0,0,1,0,0,0,0,0,1,0.1003049899132965
289355301328e7,80118533,1,0,0,0,0,0,0,0,0,1,2010,70,59,1,0,0,1,0,0,1,0,0,0,0,1,1,0,0,0,0,1,1,1,0,1,0,1,1,0,0,1,0.09126382823472397
-899104389128e7,80118770,0,1,0,0,0,0,0,0,0,1,2470,80,45,1,0,0,1,0,0,1,0,0,0,0,1,1,0,0,0,0,0,0,0,0,0,0,0,1,0,1,1,0.11519536768956537
831485715105e7,78131782,0,0,0,0,1,0,0,0,1,0,1000,100,42,1,0,0,0,1,0,1,0,0,0,0,1,1,0,0,0,1,1,0,0,0,1,0,1,1,0,0,1,0.3273073299926884
-3.6336297997799997e+018,80118012,0,0,0,0,0,0,0,0,0,1,3910,100,39,1,0.5714286,0,0,1,0,0,1,0,0,0,1,1,1,0,1,0,1,1,1,0,1,1,1,1,1,0,1,0.08231412384268082
-4.2971933591800003e+018,10463019,0,0,0,1,0,0,0,0,0,0,1990,100,28,1,0,0,0,1,0,0,1,0,0,0,1,1,0,0,1,1,1,0,0,0,1,0,0,1,0,0,1,0.4194227741737431
459600633693e7,10463009,0,0,0,1,0,0,0,0,0,0,4010,100,34,1,0.42857143,0,1,0,0,0,1,0,0,0,1,1,1,1,0,0,1,1,0,0,1,1,0,0,1,1,1,0.49356367346835867
886367437299e7,5524170,0,0,0,0,0,0,1,0,0,0,3070,100,43,1,0,0,1,0,0,1,0,0,0,0,1,0,0,0,0,1,1,0,0,0,1,0,1,1,0,0,1,0.5378137593162919
-252003987085e6,5524171,0,0,0,0,0,0,1,0,0,0,1140,100,38,1,0,0,0,0,0,0,1,0,0,0,0,1,0,0,0,0,0,0,0,0,0,0,1,1,0,1,1,0.4879771663430295
-835165713352e6,5524602,0,0,0,0,0,0,1,0,0,0,400,100,57,2,0,0,1,0,0,1,0,0,0,0,1,1,1,1,1,1,0,1,0,1,1,0,1,0,1,1,1,0.5114191136938661
-347181391445e7,80118474,0,0,0,1,0,0,0,0,0,1,4750,100,50,1,0,0,0,1,0,0,1,0,0,0,0,0,0,0,1,0,1,0,1,0,1,1,1,0,1,0,1,0.08241450114139638
494234870679e7,5514477,0,0,0,0,0,0,1,0,0,0,2780,100,31,1,0.14285715,0,0,1,0,0,1,0,0,0,1,0,0,0,0,1,1,0,0,0,1,0,1,1,1,1,1,0.4901212132007423
829002583549e7,42124241,0,0,0,0,0,0,0,1,0,0,730,100,28,1,0,0,0,1,0,0,1,0,0,0,0,1,1,1,0,0,1,0,0,0,0,1,1,1,1,0,1,0.3806501269678732
-562971620912e7,10463006,0,0,0,1,0,0,0,0,0,0,1060,100,70,2,0.14285715,0,0,1,0,0,0,0,0,1,1,1,0,1,0,0,1,0,0,0,1,0,1,0,0,0,1,0.42810311492307523
331944503996e7,80118816,0,0,0,0,1,0,0,0,0,1,2160,100,50,1,0,0,1,0,0,1,0,0,0,0,0,1,0,0,1,1,0,0,0,0,1,0,0,1,1,0,1,0.10693266384105592
539646523084e6,78136285,1,0,0,0,0,0,0,0,1,0,4220,100,59,1,0,0,1,0,0,0,0,0,0,0,1,1,1,0,0,0,0,0,0,0,1,0,1,1,0,0,1,0.3626559173048102
-3.6336297997799997e+018,80118013,0,0,0,0,0,0,0,0,0,1,2340,100,39,1,0.5714286,0,0,1,0,0,1,0,0,0,1,1,1,0,1,0,1,1,1,0,1,1,1,1,1,0,1,0.07939206409590739
-443296066576e7,80117674,0,0,0,0,0,0,0,0,0,1,2440,100,59,2,0,0,0,1,0,0,0,0,0,0,0,1,1,1,1,1,1,0,0,0,1,0,0,1,1,0,1,0.08456454514569796
431350238023e6,78136284,1,0,0,0,0,0,0,0,1,0,5370,100,45,1,0,0,0,1,0,1,0,0,0,0,0,1,0,0,1,1,1,0,1,0,1,0,0,0,0,0,1,0.33800792260868023
497290824846e7,3592055,1,0,0,0,0,1,0,0,0,0,2930,90,40,1,0,0,0,1,0,1,0,0,0,0,1,1,0,0,0,0,1,0,1,0,0,0,0,1,0,1,1,0.5389320111318233
812146645005e7,10463189,0,1,0,0,0,0,0,0,0,0,2070,80,40,1,0.2857143,0,0,1,0,0,1,0,0,0,1,1,1,0,0,0,1,0,0,0,0,0,0,0,0,0,1,0.38038471438915045
-406338271304e7,3591003,0,0,0,0,0,1,0,0,0,0,1060,100,44,1,0,0,0,1,0,1,0,0,0,0,1,1,1,1,0,0,1,1,0,0,0,0,0,1,0,0,1,0.44173629114718216
224428968496e7,78133916,0,0,0,1,0,0,0,0,1,0,670,90,30,1,0,0,1,0,0,1,0,0,0,0,1,1,0,0,0,1,0,0,1,0,1,0,1,1,1,0,1,0.2917900996919421
-43513897106e8,10463756,0,0,0,0,1,0,0,0,0,0,1130,100,53,2,0.14285715,0,1,0,0,1,0,0,0,0,1,1,1,1,0,1,0,0,0,0,1,0,1,0,0,1,1,0.5243321370832541
280601519641e7,10462446,0,0,0,0,1,0,0,0,0,0,11360,90,35,1,0.2857143,0,0,0,0,1,0,0,0,0,1,1,1,1,1,1,1,0,0,1,1,0,1,1,1,1,1,0.5849910907309781
-1.6929467758300001e+018,80118768,0,1,0,0,0,0,0,0,0,1,1290,100,62,1,0.42857143,0,0,1,0,0,0,0,0,0,1,1,0,0,0,0,0,0,0,0,1,0,0,0,0,0,1,0.09698822419829928
4.0628536467399997e+018,42124673,0,0,0,1,0,0,0,1,0,0,2300,100,22,1,0.42857143,0,1,0,0,1,0,0,0,0,0,1,0,0,0,0,0,1,0,0,0,0,1,1,1,1,1,0.6292291674525948
-308224707744e7,80118006,0,0,0,0,0,0,0,0,0,1,1510,100,22,1,0.14285715,0,0,1,0,0,1,0,0,0,1,1,0,1,0,0,1,0,0,0,1,1,0,0,1,0,1,0.0949249889612519
214845096016e7,42125811,1,0,0,0,0,0,0,1,0,0,980,80,41,1,0.14285715,0,0,1,0,1,0,0,0,0,1,1,0,0,0,1,0,0,0,0,0,0,0,0,0,1,1,0.5777735385996194
-1.5130568825900001e+018,78133617,0,1,0,0,0,0,0,0,1,0,1690,100,37,2,0,1,0,0,0,0,1,0,1,0,1,1,0,0,0,1,1,0,0,0,1,0,1,1,1,0,1,0.2955426358284689
782263954293e7,42125664,1,0,0,0,0,0,0,1,0,0,2550,100,42,1,0,0,1,0,0,0,1,0,0,0,0,1,0,0,0,1,1,0,1,0,1,0,1,1,0,0,1,0.5017466209118305
915324928909e7,80117038,0,0,1,0,0,0,0,0,0,1,100,100,25,1,0,0,0,1,0,1,0,0,0,0,0,1,0,0,0,1,1,0,0,0,0,1,0,1,0,0,1,0.09390976252162835
133611652918e7,78134111,0,0,0,1,0,0,0,0,1,0,570,100,33,1,0.42857143,0,1,0,0,1,0,0,0,0,1,1,1,0,0,0,0,0,0,0,1,0,0,0,1,0,1,0.2703071363536771
381218961859e6,80117301,0,0,0,0,1,0,0,0,0,1,2320,100,32,1,0,0,0,1,0,1,0,0,0,0,0,1,1,1,1,0,1,0,0,0,1,0,1,1,1,0,1,0.09967989277770296
843770852334e7,5514469,0,0,0,0,0,0,1,0,0,0,400,100,24,1,0.5714286,0,1,0,0,0,1,0,0,0,1,1,0,0,0,0,1,1,0,0,0,1,1,1,0,0,1,0.37662264638620857
-431445730763e7,78132516,0,0,0,0,0,0,0,0,1,0,2270,90,48,1,0,0,1,0,0,0,0,0,0,0,1,1,0,0,0,0,0,0,0,0,1,0,0,1,0,0,1,0.33611437255803017
-913936589531e7,42125021,0,0,0,0,0,0,0,1,0,0,3980,100,22,1,0,0,0,1,0,0,1,0,0,0,1,1,0,1,1,1,1,0,1,0,1,0,0,1,1,0,1,0.444799783031154
-571037990711e7,80117382,0,1,0,0,0,0,0,0,0,1,2260,100,40,1,0.2857143,0,0,1,0,0,0,1,0,0,1,1,1,1,0,1,1,0,0,0,1,0,1,1,1,0,1,0.09098282619685623
3.1411030957799997e+018,78134615,1,0,0,0,0,0,0,0,1,0,4230,100,63,1,0.14285715,0,1,0,0,1,0,0,0,0,1,1,1,1,1,0,1,1,0,0,0,0,0,1,0,0,1,0.3571537359803689
-511671260918e7,80118762,0,1,0,0,0,0,0,0,0,1,1200,100,50,1,0.14285715,1,0,0,0,0,1,0,0,0,1,1,0,0,1,0,1,1,0,0,1,0,0,1,0,0,1,0.09652759724773938
-723437256517e7,78133160,0,0,0,0,1,0,0,0,1,0,2500,100,50,1,0,0,1,0,0,0,1,0,0,0,1,1,0,0,0,0,1,0,1,0,1,0,1,1,0,1,1,0.3548554167847065
-745146593841e7,42123515,0,0,0,1,0,0,0,1,0,0,230,100,43,1,0.5714286,0,1,0,0,0,1,0,0,0,1,1,0,1,1,1,0,1,0,0,1,0,1,1,1,0,1,0.41120632620077424
3.1082099948600003e+018,78133627,0,1,0,0,0,0,0,0,1,0,610,100,18,1,0.14285715,1,0,0,0,0,1,0,0,0,0,1,1,0,1,1,1,1,1,0,1,0,0,1,0,0,1,0.29370723074174904
356365642531e6,78135098,0,1,0,0,0,0,0,0,1,0,480,100,49,1,0.14285715,0,0,1,0,1,0,0,0,0,1,1,1,0,1,0,1,0,0,0,1,0,1,1,1,1,1,0.3099683936666585
-242079457532e7,78134141,0,0,0,1,0,0,0,0,1,0,510,100,70,1,0.14285715,0,1,0,0,1,0,0,0,0,0,0,1,1,0,0,1,0,0,0,0,0,1,1,0,0,1,0.3306057650721541
-4.2846937760999997e+018,10462062,0,1,0,0,0,0,0,0,0,0,410,80,46,1,0.14285715,0,1,0,0,1,0,0,0,0,0,1,0,0,0,1,1,0,0,0,1,0,1,1,0,1,1,0.43177275010970245
-61320777776e8,10463555,1,0,0,0,0,0,0,0,0,0,730,100,53,1,0,0,1,0,0,1,0,0,0,0,0,1,0,0,1,1,1,0,0,0,1,0,1,1,0,0,1,0.48369602354051794
2.2954612246300001e+018,3591983,1,0,0,0,0,1,0,0,0,0,1530,50,78,2,1,0,0,1,0,0,0,0,1,0,1,1,0,1,0,0,0,0,0,0,1,1,1,0,0,1,1,0.5136237470461341
-5.9002960956400005e+018,78133420,0,0,0,1,0,0,0,0,1,0,2280,100,57,1,0.14285715,0,1,0,0,1,0,0,0,0,1,1,1,1,0,0,1,0,0,0,1,0,1,1,0,0,1,0.3256773402785616
-65990135239e8,78132493,0,0,0,0,0,0,0,0,1,0,2600,100,34,1,0,0,1,0,0,0,1,0,0,0,1,1,0,0,0,0,1,0,0,1,1,0,1,1,0,0,1,0.36047613805927947
-3.6056552199800003e+018,80117695,0,0,0,0,0,0,0,0,0,1,380,100,62,1,0,0,0,1,0,0,0,1,0,0,1,1,0,0,1,0,1,0,0,0,1,0,0,0,0,0,1,0.08841905960193056
784531614409e7,10462949,0,0,1,0,0,0,0,0,0,0,2980,80,25,1,0,0,0,1,0,1,0,0,0,0,1,0,1,0,1,1,1,0,0,0,0,0,0,0,0,1,1,0.5031444389230944
-142672195217e6,42124637,0,0,1,0,0,0,0,1,0,0,1270,80,58,1,0,0,1,0,0,0,0,0,0,0,1,1,0,0,0,1,1,0,0,0,0,0,0,1,0,0,1,0.5017284613885236
69633345383e8,78134575,0,0,0,0,0,0,0,0,1,0,300,100,50,2,0.42857143,0,0,1,0,1,0,0,0,0,1,1,1,0,0,0,1,0,0,0,1,0,1,0,0,0,1,0.31034084766726977
364516883955e7,10463503,1,0,0,0,0,0,0,0,0,0,2170,80,50,2,0.2857143,0,0,1,0,0,1,0,1,0,1,1,0,0,1,1,1,0,0,0,1,0,0,0,0,0,1,0.49974600328087687
-196061744958e7,10463448,0,0,0,1,0,0,0,0,0,0,620,100,25,1,0.14285715,0,0,1,0,0,1,0,0,0,1,1,0,0,0,0,1,1,0,1,0,0,0,0,0,0,1,0.4044680592141888
-831457653967e7,10462074,1,0,0,0,0,0,0,0,0,0,3460,100,51,1,0.42857143,0,0,1,0,0,1,0,0,0,1,1,0,0,1,1,1,0,0,1,1,0,0,0,1,0,1,0.462957062365688
-465405728239e7,42124327,1,0,0,0,0,0,0,1,0,0,580,100,52,1,0.2857143,0,1,0,0,1,0,0,0,0,0,0,0,0,0,0,1,0,1,0,1,0,1,1,1,1,1,0.5274665547064535
-2.0841844932700001e+018,10463792,0,0,0,0,0,0,0,0,0,0,5160,100,30,1,0,0,1,0,0,1,0,0,0,0,0,0,0,0,0,0,0,0,0,0,1,0,1,1,0,1,1,0.5733975268902686
615551679942e7,5522833,0,1,0,0,0,0,1,0,0,0,1460,100,21,1,0,0,1,0,0,0,1,0,0,0,1,0,0,0,1,1,1,0,0,0,1,0,1,1,0,0,1,0.43195465230680147
397347848356e7,10463317,0,1,0,0,0,0,0,0,0,0,5840,70,35,1,0,0,0,1,0,1,0,0,0,0,1,1,0,1,1,1,1,0,0,0,1,0,0,0,0,1,1,0.4900329930087719
4.2299600136999997e+018,42123541,1,0,0,0,0,0,0,1,0,0,2930,100,78,1,0,0,0,0,1,1,0,0,0,0,0,0,0,0,0,0,1,1,1,0,1,0,1,0,1,1,1,0.5457900955143306
-40419238528e8,80117425,0,0,1,0,0,0,0,0,0,1,15170,100,28,1,0,1,0,0,0,1,0,0,0,0,1,0,0,0,0,0,1,0,0,0,1,0,0,1,0,0,1,0.10320385133322059
-3.8131018894599997e+018,42123509,0,0,0,1,0,0,0,1,0,0,1070,100,47,1,0,0,0,1,0,1,0,0,0,0,1,1,0,0,0,0,1,1,0,0,0,0,0,1,1,1,1,0.5953993078922135
240122570713e7,5514353,0,1,0,0,0,0,1,0,0,0,1610,100,28,1,0.42857143,0,0,1,0,0,0,1,0,0,1,1,1,1,0,1,1,0,0,0,0,1,0,1,1,0,1,0.3064414927665672
676678206729e7,5524609,0,0,0,0,0,0,1,0,0,0,3080,100,56,1,0.14285715,0,0,1,0,1,0,0,0,0,0,1,0,0,0,0,0,0,0,0,1,0,1,1,0,0,1,0.4363706816599863
1.5950834864499999e+018,80116897,0,0,0,1,0,0,0,0,0,1,50,100,47,1,0,0,0,1,0,0,0,0,0,0,1,1,0,0,1,1,0,0,0,0,1,0,0,0,1,0,1,0.0842537275226454
-847109820046e7,10463861,0,0,0,0,1,0,0,0,0,0,800,80,25,1,0.14285715,0,0,1,0,0,0,1,0,0,0,0,1,1,0,1,1,0,0,0,0,0,1,0,0,0,1,0.4148926867557582
-323674866557e7,80118872,0,0,0,0,0,0,0,0,0,1,3750,100,43,2,0,0,1,0,0,1,0,0,0,0,1,1,0,0,0,1,0,0,0,0,0,1,0,0,1,0,1,0.09538948098173108
-852314025867e7,5521223,0,1,0,0,0,0,1,0,0,0,510,100,32,1,0.42857143,0,1,0,0,0,1,0,0,0,1,1,0,0,0,0,1,0,0,0,0,0,1,1,1,1,1,0.3672269744636583
-8.2972163691599995e+018,78134608,1,0,0,0,0,0,0,0,1,0,1690,75,42,1,0.2857143,0,0,1,0,1,0,0,0,0,0,1,1,1,1,0,1,0,0,0,0,0,0,1,1,0,1,0.31839638264489767
431397408787e7,78131774,0,0,1,0,0,0,0,0,1,0,1830,100,56,1,1,0,1,0,0,0,1,0,0,0,1,0,0,0,0,0,0,0,0,0,1,0,1,0,1,0,1,0.3421694840356646
279405504176e7,78134386,0,0,0,0,0,0,0,0,1,0,1770,100,38,1,0,0,1,0,0,0,1,0,0,0,0,1,0,1,0,1,1,0,0,0,0,0,0,1,0,1,1,0.3750784411379777
-645729086202e7,78133724,0,0,0,0,1,0,0,0,1,0,2820,80,27,1,0,0,1,0,0,0,1,0,0,0,1,1,1,0,1,1,1,0,0,0,1,1,0,1,0,0,1,0.34043495177525307
18191360161e8,78133275,0,1,0,0,0,0,0,0,1,0,330,100,21,1,0,0,0,1,0,0,1,0,0,0,1,1,0,0,1,0,0,1,0,0,1,0,1,0,0,0,1,0.2845043791787409
30808419958e8,80117431,0,0,0,1,0,0,0,0,0,1,3200,100,23,1,0.42857143,0,1,0,0,0,1,0,0,0,1,1,0,1,1,1,0,0,0,0,1,0,0,0,1,1,1,0.11206429485263956
4.0628536467399997e+018,42124674,0,0,0,1,0,0,0,1,0,0,1490,100,22,1,0.42857143,0,1,0,0,1,0,0,0,0,0,1,0,0,0,0,0,1,0,0,0,0,1,1,1,1,1,0.6049960981217216
6.0935554885100006e+017,42122477,1,0,0,0,0,0,0,1,0,0,2260,80,44,1,0.5,0,0,1,0,1,0,0,0,0,1,1,1,1,0,1,0,1,1,0,0,0,1,1,1,0,1,0.3880470292926343
-910323975224e7,10463800,0,0,0,0,0,0,0,0,0,0,2970,100,39,1,0,0,0,1,0,1,0,0,0,0,0,1,0,0,0,0,0,0,0,0,1,0,0,0,0,1,1,0.5061027056069134
-378400204184e7,78133635,0,1,0,0,0,0,0,0,1,0,4030,100,25,1,0,0,0,1,0,1,0,0,0,0,0,0,1,0,1,0,1,0,0,0,1,0,1,1,0,1,1,0.35295114816125023
-485205653105e7,3595311,0,0,0,0,0,1,0,0,0,0,1830,100,60,1,0,0,0,1,0,0,0,0,0,0,1,1,0,1,0,0,1,1,0,0,0,0,1,0,0,0,1,0.46046675185770686
-632663813733e7,10463772,0,0,0,0,1,0,0,0,0,0,7180,100,45,1,0,0,1,0,0,0,1,0,0,0,0,1,0,0,0,1,1,0,0,0,1,0,1,1,0,1,1,0.5497017655409226
-7.5538682927600005e+018,42123955,1,0,0,0,0,0,0,1,0,0,1940,40,25,1,0.5714286,0,1,0,0,0,1,0,0,0,1,1,1,1,0,0,0,1,0,0,1,0,0,0,0,1,1,0.515180031805096
-685597651912e7,10463312,0,1,0,0,0,0,0,0,0,0,230,100,34,1,0,0,1,0,0,0,0,1,0,0,1,1,0,0,0,0,0,0,0,0,0,1,0,0,0,0,1,0.3955165204520047
-770044884851e7,3591992,1,0,0,0,0,1,0,0,0,0,1860,100,31,1,0,0,0,1,0,0,1,0,0,0,0,1,0,0,1,0,1,1,0,0,1,0,1,0,0,1,1,0.5206971039063416
593453233218e7,10462451,0,0,0,0,1,0,0,0,0,0,130,100,46,1,0,0,0,1,0,1,0,0,0,0,1,0,0,1,1,0,1,0,1,0,1,0,0,0,0,0,1,0.419044912194357
-832936764946e7,80118493,0,0,0,1,0,0,0,0,0,1,880,100,43,1,0,0,0,1,0,1,0,0,0,0,1,1,0,0,1,1,0,0,0,0,0,1,1,1,1,0,1,0.07705059052880146
-730082986786e7,80118495,0,0,0,1,0,0,0,0,0,1,1030,100,24,1,0.14285715,0,0,0,1,0,1,0,0,0,1,1,0,0,0,0,0,0,0,0,0,1,0,0,0,0,1,0.09277005907661741
-863807826182e7,80118831,0,0,0,0,1,0,0,0,0,1,730,70,34,1,0,0,0,1,0,1,0,0,0,0,1,1,0,0,0,1,1,0,0,0,1,0,0,0,1,0,1,0.11684047978207915
-212244100594e7,78132581,0,1,0,0,0,0,0,0,1,0,880,100,30,1,0,0,0,1,0,1,0,0,0,0,0,1,0,0,0,0,0,0,0,0,1,0,1,1,0,0,1,0.28413738225917556
1.9749044126300001e+018,80117657,0,0,0,0,1,0,0,0,0,1,840,100,35,1,0,0,1,0,0,1,0,0,0,0,1,1,0,0,1,1,0,0,0,0,0,0,1,0,0,0,1,0.09747563891911773
-774778591921e7,78136042,0,0,0,1,0,0,0,0,1,0,150,100,22,1,0,0,0,1,0,0,1,0,0,0,1,1,0,0,0,0,1,0,0,0,0,0,1,1,0,0,1,0.33964639316409845
-550603819969e7,80116893,0,0,0,1,0,0,0,0,0,1,1070,100,30,1,0.14285715,0,1,0,0,1,0,0,0,0,1,1,0,1,1,1,1,0,0,1,1,0,1,0,0,0,1,0.08030198270816347
2.7547733428600003e+018,80116883,0,0,0,1,0,0,0,0,0,1,1060,100,37,1,0.71428573,0,0,1,0,1,0,0,0,0,0,1,0,1,0,1,1,1,0,1,1,1,0,0,0,0,1,0.09108006238040867
-585058277656e7,78133907,0,0,0,1,0,0,0,0,1,0,1610,100,44,1,0,0,0,1,0,1,0,0,0,0,1,1,0,1,0,0,1,0,0,0,1,0,1,1,0,1,1,0.36452414104629566
-731125707912e7,80116891,0,0,0,1,0,0,0,0,0,1,2400,100,50,1,0.14285715,0,1,0,0,0,1,0,0,0,1,1,1,1,0,0,1,0,0,0,1,0,0,0,1,0,1,0.08499650583734983
-546102263995e7,80119369,0,0,0,1,0,0,0,0,0,1,1100,100,52,1,1,0,1,0,0,0,0,1,0,0,1,1,1,1,0,1,0,0,0,0,0,0,1,0,0,0,1,0.07762025855340751
896021058442e7,3592043,1,0,0,0,0,1,0,0,0,0,650,100,21,1,0.2857143,0,1,0,0,0,1,0,0,0,1,0,0,0,0,0,0,0,0,0,1,0,1,1,1,1,1,0.5206754051429953
626820880552e7,80117094,0,0,0,0,1,0,0,0,0,1,900,40,19,1,0.85714287,0,1,0,0,1,0,0,0,0,1,0,0,0,0,0,1,0,0,0,1,0,1,1,0,0,1,0.11435792507547257
-673091513581e7,42125802,1,0,0,0,0,0,0,1,0,0,6390,100,59,1,0,1,0,0,0,0,1,0,0,0,1,1,0,0,1,0,1,1,0,0,0,0,1,1,0,1,1,0.5569741915917129
264525898193e7,5524608,0,0,0,0,0,0,1,0,0,0,880,100,58,1,0.14285715,0,1,0,0,0,1,0,0,0,1,1,0,0,0,0,0,0,0,0,1,0,0,0,0,0,1,0.4457501802555822
351471360124e7,78136125,0,1,0,0,0,0,0,0,1,0,380,100,29,1,0.14285715,0,0,1,0,1,0,0,0,0,1,1,0,0,0,0,1,1,0,0,0,0,1,0,0,0,1,0.2644721522243602
-394352389673e7,10463959,0,0,0,0,0,0,0,0,0,0,1140,90,49,1,0,0,1,0,0,0,0,1,0,0,1,1,1,1,0,1,1,0,0,1,1,0,0,1,0,1,1,0.6534311926915058
384396508775e7,80116900,0,0,0,1,0,0,0,0,0,1,3910,100,43,1,0,0,1,0,0,0,1,0,0,0,1,1,0,0,0,1,0,1,1,0,1,0,1,0,1,0,1,0.07850224044954773
6.1611121404400005e+018,10463457,0,0,0,1,0,0,0,0,0,0,3280,100,48,2,0,0,1,0,0,0,0,0,0,0,1,1,0,1,1,0,1,0,0,0,0,0,0,1,0,1,1,0.576345823296127
-108840725432e7,80117678,0,0,0,0,0,0,0,0,0,1,1010,100,39,1,0.5714286,0,0,1,0,0,1,0,0,0,1,1,1,0,1,0,1,1,1,0,1,1,1,1,1,0,1,0.08098793784500509
785441059603e7,78136044,0,0,0,1,0,0,0,0,1,0,1130,100,35,4,0.42857143,0,0,1,0,0,1,0,1,0,1,1,1,0,1,0,1,0,0,0,1,0,0,0,0,0,1,0.31478608889173015
-832408207975e7,80118097,0,1,0,0,0,0,0,0,0,1,1350,100,54,1,0,0,0,1,0,1,0,0,0,0,1,1,1,1,1,1,1,0,0,0,1,0,1,1,0,0,1,0.09271960623607799
-3.3270364531000003e+018,3592247,0,0,0,0,0,1,0,0,0,0,2840,100,69,1,1,0,0,1,0,1,0,0,0,0,1,1,0,0,0,0,0,1,0,0,0,0,1,1,0,1,1,0.4599233033998528
-453894517791e7,80118822,0,0,0,0,1,0,0,0,0,1,3840,80,35,1,0.14285715,0,0,1,0,0,1,0,0,0,1,1,0,0,1,0,1,0,0,0,1,0,0,0,1,1,1,0.13412408013330768
-159312504404e7,10462567,0,0,1,0,0,0,0,0,0,0,330,100,51,1,0.14285715,0,0,1,0,1,0,0,0,0,0,1,0,1,0,0,1,1,0,0,1,0,1,1,1,1,1,0.44294450927263035
1.9029911353500001e+018,10462406,0,1,0,0,0,0,0,0,0,0,4830,100,55,1,1,0,0,1,0,0,1,0,0,0,1,1,0,0,1,1,1,1,0,1,1,1,1,1,0,0,1,0.3737313751011984
-394352389673e7,10463956,0,0,0,0,0,0,0,0,0,0,3760,90,49,1,0,0,1,0,0,0,0,1,0,0,1,1,1,1,0,1,1,0,0,1,1,0,0,1,0,1,1,0.6772444770399878
514262415503e6,78133896,0,0,0,1,0,0,0,0,1,0,640,100,42,1,0,0,1,0,0,0,1,0,0,0,1,0,0,0,0,1,1,0,0,0,1,0,1,1,1,0,1,0.35288550411086106
863480511657e7,42125290,0,0,0,1,0,0,0,1,0,0,1920,80,28,1,0.2857143,0,0,1,0,1,0,0,0,0,1,0,1,0,0,1,1,0,0,0,1,0,1,1,1,1,1,0.5434334656934574
-848585346992e7,80116886,0,0,0,1,0,0,0,0,0,1,2000,100,31,1,0,0,0,1,0,1,0,0,0,0,0,0,0,0,1,0,0,0,0,0,0,0,1,0,0,0,1,0.08218296831576606
729719217919e7,80117970,0,0,1,0,0,0,0,0,0,1,280,100,25,1,0,0,0,1,0,1,0,0,0,0,0,1,1,1,1,1,1,0,0,0,1,0,1,1,1,0,1,0.0843444267704484
-896449096822e7,78133294,0,1,0,0,0,0,0,0,1,0,860,75,25,1,0.14285715,0,1,0,0,1,0,0,0,0,1,1,0,0,1,1,0,1,0,0,0,0,1,1,0,0,1,0.29577660562785785
-3.6336297997799997e+018,80117689,0,0,0,0,0,0,0,0,0,1,3720,100,39,1,0.5714286,0,0,1,0,0,1,0,0,0,1,1,1,0,1,0,1,1,1,0,1,1,1,1,1,0,1,0.08280708978079761
-233468456831e7,10463797,0,0,0,0,0,0,0,0,0,0,620,100,60,2,0,0,0,0,0,0,1,0,0,0,1,1,0,1,0,0,0,0,0,0,1,0,0,0,0,1,1,0.5008251109564615
-465204260322e7,3591976,1,0,0,0,0,1,0,0,0,0,1280,100,28,1,0,0,0,1,0,1,0,0,0,0,1,1,0,0,1,0,1,0,0,0,1,0,1,1,0,1,1,0.5091735280252495
-859294320223e7,5521228,0,1,0,0,0,0,1,0,0,0,780,100,33,1,0,0,1,0,0,1,0,0,0,0,0,1,0,1,1,0,1,0,0,0,1,0,1,1,0,1,1,0.4382269048522667
3.7190607910599997e+018,3594391,0,0,0,0,0,1,0,0,0,0,1280,100,70,1,0,0,0,0,0,0,0,0,0,0,1,1,0,0,0,0,0,0,1,0,0,0,0,1,0,0,1,0.4553161886409161
-439967310429e7,42123491,0,0,0,1,0,0,0,1,0,0,1530,100,40,1,0,0,0,1,0,1,0,0,0,0,1,1,0,0,0,0,0,0,0,0,1,0,1,1,1,0,1,0.5606837065519268
240122570713e7,5514355,0,1,0,0,0,0,1,0,0,0,1690,100,28,1,0.42857143,0,0,1,0,0,0,1,0,0,1,1,1,1,0,1,1,0,0,0,0,1,0,1,1,0,1,0.30716788998046435
-731125707912e7,80116890,0,0,0,1,0,0,0,0,0,1,2450,100,50,1,0.14285715,0,1,0,0,0,1,0,0,0,1,1,1,1,0,0,1,0,0,0,1,0,0,0,1,0,1,0.08711543685823163
-204384713312e7,80117958,0,0,1,0,0,0,0,0,0,1,3150,100,32,1,0.14285715,0,1,0,0,0,1,0,0,0,0,1,0,0,0,0,1,0,0,0,0,0,1,1,0,0,1,0.08483010949873777
-763785527751e7,80117687,0,0,0,0,0,0,0,0,0,1,1120,100,39,1,0.5714286,0,0,1,0,0,1,0,0,0,1,1,1,0,1,0,1,1,1,0,1,1,1,1,1,0,1,0.08051053299207953
715034679268e6,10463949,0,0,0,0,0,0,0,0,0,0,3360,80,47,1,0,0,1,0,0,1,0,0,0,0,1,1,0,0,1,0,1,0,0,0,1,0,0,0,0,1,1,0.6111169887587894
-776104540894e7,78133641,0,1,0,0,0,0,0,0,1,0,1720,0,32,2,0,0,0,0,0,0,1,0,0,1,0,1,0,0,0,0,0,1,1,0,1,0,0,1,0,0,1,0.30022842269623545
-244714848325e7,78132488,0,0,0,0,0,0,0,0,1,0,330,100,30,1,0.14285715,0,1,0,0,0,1,0,0,0,0,1,1,1,0,1,0,0,0,0,1,0,0,0,0,0,1,0.2964441255113696
-101103720607e7,80118529,1,0,0,0,0,0,0,0,0,1,1720,100,20,1,0,0,1,0,0,1,0,0,0,0,0,1,1,0,1,1,1,0,0,0,1,0,1,1,1,0,1,0.08982472700168995
464402212283e7,10463003,0,0,1,0,0,0,0,0,0,0,840,80,40,1,0,0,1,0,0,0,1,0,0,0,1,1,1,0,1,0,0,0,0,0,1,0,1,1,0,1,1,0.5203121681126736
-294453718323e6,78132705,0,0,0,0,0,0,0,0,1,0,1020,100,25,1,0.5714286,0,1,0,0,1,0,0,0,0,1,1,0,0,0,0,0,0,0,0,1,0,0,0,1,0,1,0.270169115733257
440133510715e7,10463561,1,0,0,0,0,0,0,0,0,0,730,100,37,1,0,1,0,0,0,0,1,0,0,0,0,0,0,0,1,0,1,0,0,0,1,0,0,1,0,0,1,0.46313686296366624
16485777775e8,78133165,0,0,0,0,1,0,0,0,1,0,370,70,42,1,0.14285715,0,0,1,0,1,0,0,0,0,1,1,0,0,0,0,1,0,0,0,1,0,0,0,0,0,1,0.3148377422384724
372817044569e7,78133719,0,0,0,0,1,0,0,0,1,0,1010,100,54,1,0,1,0,0,0,0,0,0,0,0,1,1,1,0,0,1,1,0,0,0,1,1,1,1,0,0,1,0.32263996475655843
677368294718e7,80119062,0,1,0,0,0,0,0,0,0,1,860,100,45,1,0.14285715,1,0,0,0,0,1,0,0,0,1,1,0,0,1,1,1,0,0,0,0,0,0,1,1,0,1,0.0948038561677861
-473602795722e7,42125275,0,0,0,1,0,0,0,1,0,0,260,90,36,1,0.14285715,0,0,1,0,1,0,0,0,0,1,1,1,1,0,1,0,1,0,0,1,0,1,1,0,1,1,0.5272689866820467
502593203022e7,78134613,1,0,0,0,0,0,0,0,1,0,730,100,50,1,0,0,0,1,0,0,0,0,0,0,1,1,0,0,1,1,1,0,0,0,1,0,0,1,0,0,1,0.3346223106537976
-65779143305e8,42125813,1,0,0,0,0,0,0,1,0,0,1160,100,39,1,0.14285715,0,0,0,1,1,0,0,0,0,0,0,0,0,0,0,1,1,0,0,1,0,1,1,0,0,1,0.5385985461098932
-466239752227e7,78134142,0,0,0,1,0,0,0,0,1,0,1810,100,55,1,0.14285715,0,0,1,0,1,0,0,0,0,0,1,1,1,1,1,1,0,1,0,1,0,1,1,0,1,1,0.3600742868989139
-3.6336297997799997e+018,80118003,0,0,0,0,0,0,0,0,0,1,3540,100,39,1,0.5714286,0,0,1,0,0,1,0,0,0,1,1,1,0,1,0,1,1,1,0,1,1,1,1,1,0,1,0.0827112106599185
824933828408e7,78133633,0,1,0,0,0,0,0,0,1,0,1110,100,38,1,0.2857143,1,0,0,0,0,1,0,0,0,1,1,1,0,0,1,1,1,1,0,1,0,0,1,0,1,1,0.31412799443942235
873986392211e7,80115947,0,0,1,0,0,0,0,0,0,1,2300,100,54,1,0.14285715,0,0,1,0,0,0,1,0,0,1,1,0,0,1,0,1,0,0,0,1,0,1,1,0,0,1,0.07444841659792728
-547847251554e7,78136118,0,1,0,0,0,0,0,0,1,0,1830,100,50,1,0.14285715,0,1,0,0,1,0,0,0,0,0,1,0,0,0,0,0,0,0,0,1,0,1,1,0,0,1,0.27713926667173433
-347181391445e7,80118477,0,0,0,1,0,0,0,0,0,1,1310,100,50,1,0,0,0,1,0,0,1,0,0,0,0,0,0,0,1,0,1,0,1,0,1,1,1,0,1,0,1,0.08088184780402033
-571037990711e7,80117381,0,1,0,0,0,0,0,0,0,1,4290,100,40,1,0.2857143,0,0,1,0,0,0,1,0,0,1,1,1,1,0,1,1,0,0,0,1,0,1,1,1,0,1,0.09574990491867008
392568288525e7,80116885,0,0,0,1,0,0,0,0,0,1,1000,100,23,1,0.42857143,0,1,0,0,1,0,0,0,0,1,0,0,0,0,0,1,0,0,0,0,0,1,1,0,0,1,0.09246975783181646
-566996283383e7,80118926,0,0,1,0,0,0,0,0,0,1,3270,100,52,1,1,0,0,0,1,1,0,0,0,0,1,1,0,0,0,0,0,0,0,0,0,0,0,0,0,1,1,0.09433995408775174
634509977467e7,5524153,0,0,0,0,0,0,1,0,0,0,2000,100,49,1,0.42857143,0,1,0,0,1,0,0,0,0,1,1,1,0,0,1,1,0,1,0,1,0,0,0,0,1,1,0.5131789643269853
9.1860094571599995e+018,10463012,0,0,0,1,0,0,0,0,0,0,1280,100,36,3,0,0,1,0,0,1,0,0,1,0,1,1,0,0,1,0,1,0,0,0,1,0,1,0,1,0,1,0.48078921595357793
431350238023e6,78136282,1,0,0,0,0,0,0,0,1,0,4550,100,45,1,0,0,0,1,0,1,0,0,0,0,0,1,0,0,1,1,1,0,1,0,1,0,0,0,0,0,1,0.3357164696711965
-5.7134329590000005e+018,5522818,0,1,0,0,0,0,1,0,0,0,2200,90,39,1,0,0,0,1,0,0,0,1,0,0,1,0,0,0,1,1,0,0,0,0,0,0,0,0,0,0,1,0.4043623151882364
-3.8131018894599997e+018,42123512,0,0,0,1,0,0,0,1,0,0,1070,100,47,1,0,0,0,1,0,1,0,0,0,0,1,1,0,0,0,0,1,1,0,0,0,0,0,1,1,1,1,0.5953993078922135
2.0134262344300001e+018,42124645,0,0,1,0,0,0,0,1,0,0,1760,100,42,1,0.14285715,0,1,0,0,0,1,0,0,0,1,1,0,0,1,1,1,0,0,0,1,0,0,1,0,1,1,0.5532598920870161
-835919203888e7,3595302,0,0,0,0,0,1,0,0,0,0,7920,80,54,1,0,0,0,1,0,0,1,0,0,0,1,1,0,0,0,0,1,0,0,0,1,0,1,1,0,0,1,0.48952769377396066
-547927472407e7,78133892,0,0,0,1,0,0,0,0,1,0,1750,100,51,1,0,0,1,0,0,1,0,0,0,0,1,1,1,1,0,0,0,1,0,0,1,0,1,1,0,1,1,0.3405101466605611
448968201553e7,3592277,0,0,0,0,0,1,0,0,0,0,1720,100,50,1,0.14285715,0,1,0,0,1,0,0,0,0,1,1,0,0,1,1,1,0,0,0,1,0,1,0,0,1,1,0.6317296476566999
233431322756e7,80117960,0,0,1,0,0,0,0,0,0,1,810,90,65,1,0.2857143,0,1,0,0,1,0,0,0,0,1,1,0,0,0,1,0,0,0,1,0,0,0,0,0,0,1,0.09120426821319327
-308224707744e7,80118004,0,0,0,0,0,0,0,0,0,1,1310,100,22,1,0.14285715,0,0,1,0,0,1,0,0,0,1,1,0,1,0,0,1,0,0,0,1,1,0,0,1,0,1,0.09514733540707661
845784381382e7,5514342,0,1,0,0,0,0,1,0,0,0,1100,100,26,1,1,0,1,0,0,1,0,0,0,0,1,1,0,0,0,0,1,1,0,0,0,0,0,0,1,0,1,0.29443221984550627
-9.0056311785100006e+017,5524162,0,0,0,0,0,0,1,0,0,0,1720,100,62,1,0.14285715,0,0,1,0,0,0,0,0,0,1,1,1,0,0,0,1,0,0,0,1,0,1,0,0,1,1,0.4579549309119068
447116548599e7,80118767,0,1,0,0,0,0,0,0,0,1,580,100,28,1,0,0,0,0,0,0,1,0,0,0,0,1,0,0,0,0,1,1,0,0,0,1,1,1,1,0,1,0.09362731043178832
814381816568e7,78134595,0,0,0,0,0,0,0,0,1,0,1190,80,57,1,0.42857143,0,0,1,0,1,0,0,0,0,0,0,0,0,0,0,0,1,0,1,1,0,0,0,1,1,1,0.43696589339696745
583962502297e7,10463495,1,0,0,0,0,0,0,0,0,0,770,80,44,1,0,0,1,0,0,1,0,0,0,0,1,1,0,0,0,0,1,1,0,0,1,0,0,0,1,1,1,0.551884439171893
4.8464489885199995e+018,3586698,0,0,0,0,0,1,0,0,0,0,2700,100,55,1,0,0,0,1,0,1,0,0,0,0,1,1,0,0,0,0,1,0,0,0,1,0,1,1,0,0,1,0.4595475551903295
349108413827e6,80116871,0,0,0,1,0,0,0,0,0,1,710,100,53,1,0.14285715,1,0,0,0,1,0,0,0,0,1,1,1,1,0,0,1,1,0,0,1,1,1,1,1,0,1,0.07816791163110809
-761416542296e7,10462072,0,0,0,0,1,0,0,0,0,0,2590,100,38,1,0,0,0,1,0,1,0,0,0,0,1,1,1,1,0,0,1,0,0,0,1,0,0,0,0,0,1,0.4821035017456251
523121674903e7,10462566,0,0,1,0,0,0,0,0,0,0,5090,50,62,1,0.14285715,0,0,1,0,1,0,0,0,0,1,1,0,0,1,1,0,0,0,0,1,0,0,0,0,1,1,0.5200278504666714
-509212607791e7,80118937,0,0,1,0,0,0,0,0,0,1,250,100,18,1,0,0,1,0,0,0,1,0,0,0,1,0,1,0,0,0,0,0,0,0,1,0,1,1,0,0,1,0.09358217320268113
-809142248197e7,3591978,1,0,0,0,0,1,0,0,0,0,2130,20,58,1,1,0,0,1,0,1,0,0,0,0,1,1,1,1,0,0,0,1,0,0,0,0,0,0,0,1,1,0.49200481138528235
405924837187e7,3592265,0,0,0,0,0,1,0,0,0,0,2000,100,39,2,0,1,0,0,0,0,1,0,0,0,0,1,0,0,0,0,1,0,0,0,0,0,0,0,1,1,1,0.47543787890604167
415943475559e7,10462814,1,0,0,0,0,0,0,0,0,0,3000,100,26,1,0,0,1,0,0,0,1,0,0,0,1,1,0,0,1,0,1,0,1,0,1,0,1,1,0,0,1,0.47706561386471
-23525099362e8,80117450,0,0,0,1,0,0,0,0,0,1,8000,100,21,1,0.14285715,0,1,0,0,0,1,0,0,0,0,0,1,1,1,1,1,0,0,1,1,0,0,0,1,0,1,0.12022868130261162
-732598510121e7,78134390,0,0,0,0,0,0,0,0,1,0,1790,20,55,1,0.42857143,0,1,0,0,1,0,0,0,0,0,1,0,0,0,0,0,0,0,0,0,0,1,1,0,0,1,0.30695002798531396
784745935449e7,3592030,1,0,0,0,0,1,0,0,0,0,350,100,70,1,0,0,0,1,0,0,1,0,0,0,1,1,0,0,0,0,1,0,0,0,0,0,0,0,0,1,1,0.48797084726124357
900822185214e7,42124328,1,0,0,0,0,0,0,1,0,0,330,100,50,2,0.2857143,0,0,0,0,0,0,1,1,0,1,1,0,0,0,0,0,0,0,0,0,0,1,1,1,1,1,0.5351092658363588
-600522739118e7,42125803,1,0,0,0,0,0,0,1,0,0,460,100,33,1,0,0,1,0,0,0,1,0,0,0,1,1,0,0,1,1,1,1,0,0,0,0,1,1,0,0,1,0.49448191013701537
-862495702462e7,10463191,0,1,0,0,0,0,0,0,0,0,3140,100,60,1,0,0,0,1,0,1,0,0,0,0,0,1,1,0,0,0,1,0,0,0,1,0,1,0,0,0,1,0.3558114380809515
36901535802e8,78134652,0,1,0,0,0,0,0,0,1,0,9240,100,56,2,0,0,1,0,0,1,0,0,1,0,1,1,0,0,1,1,1,0,0,0,1,0,1,1,0,1,1,0.40313025410074826
855717393593e7,80118940,0,0,1,0,0,0,0,0,0,1,870,100,31,1,0,0,0,1,0,1,0,0,0,0,1,1,0,0,1,1,1,0,1,0,1,0,0,0,1,0,1,0.08371275168875343
-4.2971933591800003e+018,10463018,0,0,0,1,0,0,0,0,0,0,3210,100,28,1,0,0,0,1,0,0,1,0,0,0,1,1,0,0,1,1,1,0,0,0,1,0,0,1,0,0,1,0.44007727852261264
420975226632e7,80118920,0,0,1,0,0,0,0,0,0,1,1430,100,56,2,0.85714287,0,0,0,1,1,0,0,0,1,0,1,0,1,0,0,0,1,0,0,0,0,0,0,1,0,1,0.07982973304424347
-670999065392e7,42124662,0,0,0,1,0,0,0,1,0,0,890,50,57,1,0.2857143,0,1,0,0,1,0,0,0,0,1,1,0,1,0,1,1,1,1,0,1,0,1,1,0,0,1,0.4312730837310262
-230142693444e6,42123968,1,0,0,0,0,0,0,1,0,0,1810,90,25,1,0.85714287,0,1,0,0,1,0,0,0,0,1,1,0,0,0,0,1,1,0,0,1,0,1,1,1,0,1,0.4455600725482686
-543485098967e7,80119329,1,0,0,0,0,0,0,0,0,1,1610,100,28,2,0,1,0,0,0,1,0,0,1,0,1,1,0,0,0,1,0,0,1,0,1,0,0,0,0,0,1,0.09184093750498051
22809425834e8,78134166,0,0,0,0,1,0,0,0,1,0,440,100,28,2,0,0,1,0,0,0,1,0,0,1,0,1,1,1,0,0,1,0,0,0,1,0,0,0,0,0,1,0.30750091847480043
-3.0117641687399997e+018,80117438,0,0,0,1,0,0,0,0,0,1,460,100,25,1,0.2857143,0,1,0,0,1,0,0,0,0,1,1,1,1,1,1,1,0,0,0,1,0,1,1,0,0,1,0.08346733226213113
-763785527751e7,80117688,0,0,0,0,0,0,0,0,0,1,980,100,39,1,0.5714286,0,0,1,0,0,1,0,0,0,1,1,1,0,1,0,1,1,1,0,1,1,1,1,1,0,1,0.08081041683660171
763466148358e5,3586699,0,0,0,0,0,1,0,0,0,0,2180,100,56,1,0,0,1,0,0,0,1,0,0,0,1,1,0,0,0,1,1,0,0,0,1,0,1,1,0,0,1,0.48682613448690476
-860053679837e7,42124516,1,0,0,0,0,0,0,1,0,0,2590,100,33,1,0,0,0,1,0,1,0,0,0,0,1,1,0,0,1,1,1,0,0,0,1,0,1,0,0,1,1,0.5877369879137408
214845096016e7,42125810,1,0,0,0,0,0,0,1,0,0,810,80,41,1,0.14285715,0,0,1,0,1,0,0,0,0,1,1,0,0,0,1,0,0,0,0,0,0,0,0,0,1,1,0.5700791361165379
4.4345912658599997e+018,3591997,1,0,0,0,0,1,0,0,0,0,7230,100,54,1,0.14285715,0,0,1,0,1,0,0,0,0,1,1,0,0,0,0,1,0,0,0,1,1,1,1,0,1,1,0.5254252067520645
-394352389673e7,10463957,0,0,0,0,0,0,0,0,0,0,5950,90,49,1,0,0,1,0,0,0,0,1,0,0,1,1,1,1,0,1,1,0,0,1,1,0,0,1,0,1,1,0.6782279559149141
-102638225173e7,80117691,0,0,0,0,0,0,0,0,0,1,4350,100,53,2,0,0,1,0,0,1,0,0,0,0,1,0,0,0,0,0,0,0,0,0,1,0,1,1,0,0,1,0.07641395225271755
-862495702462e7,10463192,0,1,0,0,0,0,0,0,0,0,2090,100,60,1,0,0,0,1,0,1,0,0,0,0,0,1,1,0,0,0,1,0,0,0,1,0,1,0,0,0,1,0.34724546743243534
-8.5646699894000005e+018,80118823,0,0,0,0,1,0,0,0,0,1,3450,100,30,1,0,0,0,1,0,0,1,0,0,0,1,1,1,1,1,1,0,1,1,0,1,1,0,0,1,1,1,0.13118686398612983
812527726166e7,42123507,0,0,0,1,0,0,0,1,0,0,1010,100,20,1,0,0,1,0,0,0,1,0,0,0,0,0,0,0,1,0,1,0,0,0,1,0,1,0,0,1,1,0.5667586189474846
-564976792141e7,80117299,0,0,0,0,1,0,0,0,0,1,800,100,59,2,0.14285715,0,1,0,0,1,0,0,0,0,1,1,1,0,0,1,1,1,0,0,0,0,0,0,1,0,1,0.11144116305953544
-374266602972e7,80117698,0,0,0,0,0,0,0,0,0,1,500,100,41,1,0.71428573,0,1,0,0,1,0,0,0,0,1,1,0,0,0,0,0,1,0,0,0,0,0,0,0,0,1,0.08681554127234464
-376245581438e6,5524177,0,0,0,0,0,0,1,0,0,0,1200,100,43,1,0,0,0,1,0,0,0,0,0,0,1,1,0,0,0,0,1,0,0,0,1,0,1,0,0,1,1,0.514100864528228
-874851245055e7,5524169,0,0,0,0,0,0,1,0,0,0,1830,80,49,1,0.2857143,0,0,1,0,0,1,0,0,0,1,1,0,1,0,1,1,0,0,0,1,0,1,1,0,1,1,0.5553738804043915
-886676045667e7,3586696,0,0,0,0,0,1,0,0,0,0,290,100,48,1,0,0,0,1,0,1,0,0,0,0,0,1,0,0,1,1,0,0,0,0,1,1,1,0,0,0,1,0.44252144721106523
-447280859944e7,10463563,1,0,0,0,0,0,0,0,0,0,10000,100,27,2,0,0,1,0,0,1,0,0,1,0,1,1,0,0,1,0,1,0,0,0,1,0,1,1,0,1,1,0.5697033109155607
-893172895562e7,78134579,0,0,0,0,0,0,0,0,1,0,510,100,45,1,0,0,0,1,0,0,0,1,0,0,1,0,0,0,0,0,1,1,1,0,1,0,1,1,0,1,1,0.40952020820659524
-897336807299e7,42125660,1,0,0,0,0,0,0,1,0,0,970,80,37,1,0.33333334,0,0,0,1,0,0,1,0,0,1,0,0,0,0,0,1,1,0,0,0,0,0,1,1,1,1,0.5435220622378569
-376245581438e6,5524176,0,0,0,0,0,0,1,0,0,0,1100,100,43,1,0,0,0,1,0,0,0,0,0,0,1,1,0,0,0,0,1,0,0,0,1,0,1,0,0,1,0,0.50314370460244
-6.9593190173199995e+018,10463186,0,1,0,0,0,0,0,0,0,0,930,100,35,3,0,0,0,1,0,0,1,0,1,0,1,1,0,0,1,0,1,0,0,0,1,0,1,1,0,1,0,0.39148986401649877
-613363686477e7,42125017,0,0,0,0,0,0,0,1,0,0,1100,100,46,1,0.2857143,0,1,0,0,1,0,0,0,0,0,1,0,1,0,0,1,1,1,0,0,1,1,1,0,1,0,0.4843097897198954
-335675227993e7,80117051,0,0,1,0,0,0,0,0,0,1,550,100,53,2,0.85714287,0,0,1,0,0,0,1,1,0,1,1,1,0,0,1,1,0,0,0,1,0,0,0,0,0,0,0.08684664963316656
623871275462e7,78132722,0,0,0,0,0,0,0,0,1,0,950,70,30,1,0.42857143,0,0,1,0,0,1,0,0,0,1,1,1,0,0,0,1,1,0,0,0,0,1,1,1,0,0,0.3202291276352079
450413154261e6,78133746,0,0,0,0,1,0,0,0,1,0,440,80,23,1,0.14285715,0,1,0,0,1,0,0,0,0,1,0,0,0,1,0,0,1,0,0,0,0,1,1,0,0,0,0.35693088357012254
-3.8428869304999997e+018,42125163,0,0,0,0,1,0,0,1,0,0,1970,75,24,1,0,0,0,0,0,1,0,0,0,0,0,1,0,1,1,1,1,0,0,0,0,0,1,1,1,0,0,0.44470307186533586
-557391175143e7,80117703,0,0,0,0,0,0,0,0,0,1,710,100,19,1,0,0,1,0,0,0,1,0,0,0,0,0,0,1,0,0,1,0,1,0,1,0,0,0,1,0,0,0.10454387273871964
-550603819969e7,80116894,0,0,0,1,0,0,0,0,0,1,2160,100,30,1,0.14285715,0,1,0,0,1,0,0,0,0,1,1,0,1,1,1,1,0,0,1,1,0,1,0,0,0,0,0.08124299642763612
-876322753681e7,80118817,0,0,0,0,1,0,0,0,0,1,470,100,50,1,0,0,1,0,0,1,0,0,0,0,0,1,0,0,1,1,0,0,0,0,1,0,0,1,1,0,0,0.11212682188499412
-733155700214e7,80118864,0,0,0,0,0,0,0,0,0,1,2070,100,31,1,0,0,1,0,0,0,1,0,0,0,1,1,1,1,1,0,1,0,0,0,1,0,0,0,0,0,0,0.09070687155382605
637943404026e7,42124315,1,0,0,0,0,0,0,1,0,0,2740,100,65,1,1,0,0,1,0,0,0,0,0,0,1,1,0,0,0,0,1,1,1,0,1,0,0,1,0,1,0,0.48743585076754953
843086128221e7,78133638,0,1,0,0,0,0,0,0,1,0,1740,100,23,1,0,0,0,0,1,0,1,0,0,0,1,1,1,0,1,1,1,0,1,0,1,1,0,1,0,1,0,0.3051787646597654
530859401801e7,10463499,1,0,0,0,0,0,0,0,0,0,1930,100,49,2,0,0,1,0,0,0,1,0,1,0,1,1,1,0,0,0,1,0,0,0,1,0,0,0,0,1,0,0.5201143511981883
824933828408e7,78133632,0,1,0,0,0,0,0,0,1,0,3120,100,38,1,0.2857143,1,0,0,0,0,1,0,0,0,1,1,1,0,0,1,1,1,1,0,1,0,0,1,0,1,0,0.32157779358141325
-249946501145e7,3592036,1,0,0,0,0,1,0,0,0,0,1380,100,38,1,0,0,0,1,0,0,1,0,0,0,1,0,0,0,0,0,0,0,0,0,1,1,1,1,0,1,0,0.5275036198298169
-43513897106e8,10463755,0,0,0,0,1,0,0,0,0,0,1190,100,53,2,0.14285715,0,1,0,0,1,0,0,0,0,1,1,1,1,0,1,0,0,0,0,1,0,1,0,0,1,0,0.5291967225223251
344729471036e7,80117096,0,0,0,0,1,0,0,0,0,1,1280,100,25,1,0.14285715,0,1,0,0,0,1,0,0,0,1,1,0,1,0,0,0,0,1,0,1,0,1,1,1,0,0,0.1036649766844936
541471173681e7,80116882,0,0,0,1,0,0,0,0,0,1,2210,100,50,1,0,0,0,0,0,1,0,0,0,0,0,1,0,1,1,1,1,0,0,1,0,0,1,1,1,0,0,0.07865298897755515
921415626312e7,80118088,0,0,1,0,0,0,0,0,0,1,2290,100,39,1,0,0,0,1,0,0,1,0,0,0,1,1,0,0,0,0,1,0,0,1,1,0,0,0,0,0,0,0.08535784859698314
316667346553e7,5521213,0,1,0,0,0,0,1,0,0,0,2480,50,20,1,0,0,0,1,0,0,1,0,0,0,0,0,0,0,1,0,1,0,1,0,0,0,0,0,0,0,0,0.4175784865410391
8.3338083027299994e+017,10462400,0,1,0,0,0,0,0,0,0,0,910,100,25,1,0,0,0,1,0,1,0,0,0,0,0,1,0,0,0,1,0,0,0,0,1,0,1,1,1,0,0,0.35049296274440456
-6.5866142121999995e+018,78132586,0,1,0,0,0,0,0,0,1,0,2720,100,44,1,0,0,0,1,0,1,0,0,0,0,1,1,0,0,1,0,1,1,0,0,1,0,1,1,0,0,0,0.3145505045747509
-325197952551e7,80118873,0,0,0,0,0,0,0,0,0,1,3500,20,50,1,0,0,0,1,0,1,0,0,0,0,1,0,0,0,1,1,0,1,1,0,0,1,1,1,0,0,0,0.08594353341937642
886968908358e7,80117702,0,0,0,0,0,0,0,0,0,1,2600,70,47,2,0.14285715,0,1,0,0,0,1,0,1,0,1,1,1,0,1,0,1,0,0,0,0,0,1,1,0,0,0,0.08798654771533902
-486116538401e7,78136327,0,1,0,0,0,0,0,0,1,0,1890,100,41,1,0,0,0,1,0,1,0,0,0,0,1,1,1,1,0,0,1,0,0,0,1,0,0,0,0,0,0,0.2826864354723158
-108840725432e7,80117681,0,0,0,0,0,0,0,0,0,1,2370,100,39,1,0.5714286,0,0,1,0,0,1,0,0,0,1,1,1,0,1,0,1,1,1,0,1,1,1,1,1,0,0,0.0793253974292407
7.6327453144399995e+018,42123945,1,0,0,0,0,0,0,1,0,0,720,100,47,1,0.14285715,0,0,0,0,0,1,0,0,0,1,1,0,0,0,0,0,0,0,0,1,0,1,1,1,0,0,0.5343504549337882
89612955597e8,80118935,0,0,1,0,0,0,0,0,0,1,1230,100,23,1,0,0,0,1,0,0,1,0,0,0,0,1,1,1,1,1,1,0,0,0,1,0,1,1,1,0,0,0.08668364690748011
240480902745e7,78133425,0,0,0,0,1,0,0,0,1,0,3840,100,48,1,0,0,0,1,0,1,0,0,0,0,1,1,0,0,0,0,1,0,0,0,0,0,1,1,0,0,0,0.35561787608301826
-7.8066476493299994e+017,5521214,0,1,0,0,0,0,1,0,0,0,2920,100,63,1,1,0,0,1,0,0,0,0,0,0,1,1,0,0,0,0,0,1,1,0,0,0,0,0,0,1,0,0.38552094455276464
-534910489079e7,5514348,0,1,0,0,0,0,1,0,0,0,1140,100,50,2,0.42857143,0,0,1,0,1,0,0,0,0,1,1,0,1,0,0,1,0,0,0,1,0,1,1,0,0,0,0.35594677944373654
177813335806e7,78131776,0,0,1,0,0,0,0,0,1,0,1460,95,73,1,0,1,0,0,0,1,0,0,0,0,0,1,0,0,1,0,1,0,0,0,1,0,0,0,0,0,0,0.3514428322216662
113329005384e7,78134529,0,0,0,1,0,0,0,0,1,0,1170,70,44,1,0.14285715,0,0,1,0,1,0,0,0,0,0,1,0,0,0,1,1,0,0,0,0,0,1,1,0,0,0,0.3227694294570791
448968201553e7,3592281,0,0,0,0,0,1,0,0,0,0,1330,100,50,1,0.14285715,0,1,0,0,1,0,0,0,0,1,1,0,0,1,1,1,0,0,0,1,0,1,0,0,1,0,0.6155419012955894
2.2776364960300001e+018,3592240,0,0,0,0,0,1,0,0,0,0,880,70,38,1,0.42857143,0,0,1,0,0,1,0,0,0,1,1,1,0,0,0,0,0,0,0,1,1,0,0,0,1,0,0.48697492980453577
195731865502e7,10462583,0,0,1,0,0,0,0,0,0,0,1600,100,42,1,0.2857143,0,1,0,0,1,0,0,0,0,0,1,1,0,0,1,1,0,0,0,1,0,0,0,0,0,0,0.5117714289893043
547700533795e7,80117100,0,0,0,0,1,0,0,0,0,1,1600,100,52,2,0,0,1,0,0,0,1,0,1,0,1,1,1,1,0,0,1,0,0,0,0,0,0,0,0,0,0,0.11098560020895465
-5.6545113328399995e+018,78132731,0,0,0,0,0,0,0,0,1,0,390,100,27,1,0.2857143,0,0,1,0,1,0,0,0,0,1,1,0,0,1,1,1,0,1,0,0,0,1,1,0,0,0,0.3015803243069272
-917467215167e7,10462066,0,0,0,0,1,0,0,0,0,0,610,100,52,1,0,0,1,0,0,0,0,0,0,0,0,1,1,0,1,0,1,0,0,0,0,0,0,0,1,0,0,0.45203428864525147
-737011200592e7,78134164,0,0,0,0,1,0,0,0,1,0,340,90,41,1,0,0,1,0,0,0,0,1,0,0,0,1,0,0,1,0,0,0,0,0,1,0,1,1,0,0,0,0.33243339413790174
114616641915e7,78134158,0,0,0,0,1,0,0,0,1,0,290,100,53,1,1,0,0,1,0,1,0,0,0,0,0,1,0,1,0,0,1,1,0,0,1,0,1,1,0,1,0,0.31531402165457506
765059131967e7,80118923,0,0,1,0,0,0,0,0,0,1,610,100,59,1,1,0,0,1,0,1,0,0,0,0,0,1,1,0,0,1,0,0,0,0,0,0,0,0,1,0,0,0.08918521905262786
5.1783672603599995e+018,78134145,0,0,0,1,0,0,0,0,1,0,220,90,21,1,0.14285715,0,1,0,0,0,1,0,0,0,0,1,0,0,0,1,1,0,0,0,0,0,0,0,0,1,0,0.3197271767177619
-438371539457e7,78134523,0,0,0,1,0,0,0,0,1,0,2600,100,27,1,0.14285715,0,1,0,0,0,1,0,0,0,1,1,0,0,0,1,1,0,1,0,1,0,1,1,0,0,0,0.34696404949227216
-869948772703e7,42124966,0,0,0,1,0,0,0,1,0,0,440,100,59,1,0.2857143,0,0,1,0,0,0,0,0,0,1,1,0,0,0,1,0,1,0,1,0,0,1,1,0,0,0,0.5282710631177424
-2.6876421970599997e+018,80117439,0,0,0,1,0,0,0,0,0,1,200,90,36,1,0.71428573,0,0,1,0,1,0,0,0,0,1,1,0,0,0,0,0,0,0,0,1,0,0,0,0,0,0,0.09210906632534246
-852644270811e7,78134221,1,0,0,0,0,0,0,0,1,0,80,100,46,2,0.42857143,0,1,0,0,1,0,0,0,0,1,1,0,0,0,0,0,0,0,0,1,0,1,1,1,1,0,0.3290130556343275
-7.0681214903600005e+018,3591999,1,0,0,0,0,1,0,0,0,0,3210,100,30,1,0.2857143,0,1,0,0,0,0,0,0,0,1,1,0,0,0,1,1,0,0,0,0,0,0,1,1,0,0,0.5208017925394707
356365642531e6,78135094,0,1,0,0,0,0,0,0,1,0,2490,100,49,1,0.14285715,0,0,1,0,1,0,0,0,0,1,1,1,0,1,0,1,0,0,0,1,0,1,1,1,1,0,0.2970655108858434
408798061251e7,80117297,0,0,0,0,1,0,0,0,0,1,900,100,35,1,0.14285715,0,1,0,0,1,0,0,0,0,1,1,0,0,0,0,1,1,0,0,1,0,0,0,0,0,0,0.11095857906289361
833590393486e7,10463017,0,0,0,1,0,0,0,0,0,0,2600,100,52,1,0,0,0,1,0,1,0,0,0,0,0,0,1,0,1,0,1,0,0,0,0,0,0,0,0,1,0,0.4434634919344447
425094363141e7,78133296,0,1,0,0,0,0,0,0,1,0,680,100,39,2,0,0,1,0,0,1,0,0,0,0,1,1,0,0,1,1,0,0,0,0,1,0,0,1,0,0,0,0.3105502366606301
397747531625e7,78131775,0,0,1,0,0,0,0,0,1,0,200,100,32,2,0.14285715,0,0,0,1,0,1,0,0,0,1,1,0,0,1,1,1,0,0,0,1,0,1,1,0,0,0,0.3145057084084256
110065132223e7,42125165,0,0,0,0,1,0,0,1,0,0,1120,100,46,1,0.2857143,1,0,0,0,0,1,0,0,0,1,0,0,0,0,1,1,0,0,0,1,0,1,1,1,1,0,0.545495404948745
723814044506e7,80117101,0,0,0,0,1,0,0,0,0,1,3940,100,32,1,0,0,0,1,0,0,1,0,0,0,1,1,1,1,1,1,1,0,0,0,1,0,1,1,1,0,0,0.11262824893367503
4.1184115956600003e+018,78136038,0,0,0,1,0,0,0,0,1,0,1460,20,33,1,0.2857143,0,0,1,0,1,0,0,0,0,1,1,1,1,1,1,1,0,0,0,1,0,0,1,1,0,0,0.3206916197201258
1.3644590305500001e+018,78136297,1,0,0,0,0,0,0,0,1,0,23300,90,44,1,0,0,1,0,0,1,0,0,0,0,1,0,0,0,0,0,1,0,0,0,0,0,0,1,0,0,0,0.40747346846346205
-453767400261e7,3591991,1,0,0,0,0,1,0,0,0,0,2520,60,40,1,0.14285715,0,0,1,0,0,0,1,0,0,1,1,1,1,0,1,1,0,0,0,1,0,1,1,0,1,0,0.5596257202541007
893666979561e7,42125022,0,0,0,0,0,0,0,1,0,0,770,100,52,2,0.14285715,0,0,0,0,0,0,0,1,0,1,1,1,1,1,1,1,0,0,0,1,0,1,0,0,0,0,0.5270185912381582
302392634401e7,80118304,0,0,0,1,0,0,0,0,0,1,1110,100,56,1,0.5714286,0,0,1,0,1,0,0,0,0,0,1,0,1,1,0,0,0,0,0,1,1,0,0,0,0,0,0.0868359691819058
110065132223e7,42125166,0,0,0,0,1,0,0,1,0,0,1230,100,46,1,0.2857143,1,0,0,0,0,1,0,0,0,1,0,0,0,0,1,1,0,0,0,1,0,1,1,1,1,0,0.5454318183964086
-287729634807e7,10463450,0,0,0,1,0,0,0,0,0,0,1570,100,69,1,0,0,0,1,0,0,1,0,0,0,1,1,0,0,0,0,0,0,0,0,1,0,1,1,0,1,0,0.4723101068476601
448968201553e7,3592278,0,0,0,0,0,1,0,0,0,0,800,100,50,1,0.14285715,0,1,0,0,1,0,0,0,0,1,1,0,0,1,1,1,0,0,0,1,0,1,0,0,1,0,0.579896520879902
-144021388272e7,80118562,1,0,0,0,0,0,0,0,0,1,4800,100,50,1,0,0,0,1,0,1,0,0,0,0,1,1,0,1,0,0,1,0,0,0,1,0,0,1,0,0,0,0.11269282330652447
3.7165504820199997e+018,78136278,1,0,0,0,0,0,0,0,1,0,1920,100,22,1,0,0,0,1,0,0,1,0,0,0,0,1,1,1,0,0,1,1,0,0,0,0,0,1,0,0,0,0.3573385472322022
873986392211e7,80115948,0,0,1,0,0,0,0,0,0,1,1690,100,54,1,0.14285715,0,0,1,0,0,0,1,0,0,1,1,0,0,1,0,1,0,0,0,1,0,1,1,0,0,0,0.07668221434659582
-6.8353776653299994e+017,80117446,0,0,0,1,0,0,0,0,0,1,1400,100,40,3,0,0,0,1,0,1,0,0,1,0,1,1,1,0,1,0,1,0,0,0,1,1,1,1,0,0,0,0.08035337789126419
-705580624668e6,10463781,0,0,0,0,1,0,0,0,0,0,1500,100,30,1,0,0,0,1,0,1,0,0,0,0,0,1,1,1,0,1,1,0,0,0,1,1,1,1,0,1,0,0.4551448254470942
457902886152e7,78133909,0,0,0,1,0,0,0,0,1,0,740,95,55,1,0,0,1,0,0,0,0,0,0,0,1,1,0,0,0,0,1,0,0,1,0,0,1,1,0,1,0,0.36397009886008996
-394352389673e7,10463958,0,0,0,0,0,0,0,0,0,0,1200,90,49,1,0,0,1,0,0,0,0,1,0,0,1,1,1,1,0,1,1,0,0,1,1,0,0,1,0,1,0,0.6562884221287353
-449673066163e6,78134645,0,1,0,0,0,0,0,0,1,0,2150,80,18,1,0,0,0,1,0,0,1,0,0,0,0,0,1,1,0,1,1,0,0,0,1,0,1,1,0,1,0,0.3254865740295857
-375418049188e7,42124703,0,0,1,0,0,0,0,1,0,0,690,0,62,1,0,0,0,1,0,1,0,0,0,0,0,1,0,0,0,0,1,0,0,0,1,0,1,1,0,1,0,0.46830868090915007
-737829808685e7,78134514,0,0,0,1,0,0,0,0,1,0,1060,100,31,1,0.14285715,0,0,1,0,1,0,0,0,0,1,1,1,1,1,0,1,1,0,1,1,0,0,1,0,0,0,0.33449854437001225
6.1866352489999995e+018,3590979,1,0,0,0,0,1,0,0,0,0,1640,100,40,1,0.14285715,0,0,0,0,1,0,0,0,0,1,1,0,0,0,1,1,0,0,1,1,0,0,1,0,0,0,0.5503928518563806
5.9023968514800005e+018,78132588,0,1,0,0,0,0,0,0,1,0,4170,100,63,1,0,0,0,1,0,0,1,0,0,0,1,1,0,0,1,0,0,1,0,0,1,0,0,1,0,0,0,0.3341737454503711
233431322756e7,80117961,0,0,1,0,0,0,0,0,0,1,730,90,65,1,0.2857143,0,1,0,0,1,0,0,0,0,1,1,0,0,0,1,0,0,0,1,0,0,0,0,0,0,0,0.09114883066828204
-136287854228e7,80116876,0,0,0,1,0,0,0,0,0,1,2080,100,55,1,0.14285715,0,0,1,0,1,0,0,0,0,1,1,0,0,1,1,1,0,0,0,1,0,1,0,0,0,0,0.07783188862349216
600836542398e7,10462590,0,0,1,0,0,0,0,0,0,0,3000,100,40,1,0,0,1,0,0,1,0,0,0,0,1,1,0,0,1,0,1,0,0,0,0,0,1,1,0,0,0,0.5513712165684475
-585058277656e7,78133908,0,0,0,1,0,0,0,0,1,0,830,100,44,1,0,0,0,1,0,1,0,0,0,0,1,1,0,1,0,0,1,0,0,0,1,0,1,1,0,1,0,0.35255781740067077
536853648981e7,80118311,0,0,0,1,0,0,0,0,0,1,1000,100,40,5,0.14285715,0,0,1,0,1,0,0,0,1,0,0,0,0,0,0,0,0,0,0,1,0,1,0,0,0,0,0.08162239694695117
479014756579e7,78133744,0,0,0,0,1,0,0,0,1,0,3110,100,24,1,0,0,0,0,0,0,0,1,0,0,1,1,0,0,0,0,1,1,0,0,0,0,0,1,0,1,0,0.36224604715425873
-496824201117e7,80118077,0,0,0,0,1,0,0,0,0,1,2300,80,25,1,0.14285715,0,0,1,0,1,0,0,0,0,0,1,0,1,1,1,0,0,0,0,1,0,1,1,1,0,0,0.10788279915623815
448968201553e7,3592279,0,0,0,0,0,1,0,0,0,0,1020,100,50,1,0.14285715,0,1,0,0,1,0,0,0,0,1,1,0,0,1,1,1,0,0,0,1,0,1,0,0,1,0,0.5884241088627034
557068430862e6,80118494,0,0,0,1,0,0,0,0,0,1,2290,100,24,1,0.14285715,0,0,0,1,0,1,0,0,0,1,1,0,0,0,0,0,0,0,0,0,1,0,0,0,0,0,0.09311044690097325
113329005384e7,78134530,0,0,0,1,0,0,0,0,1,0,1290,70,44,1,0.14285715,0,0,1,0,1,0,0,0,0,0,1,0,0,0,1,1,0,0,0,0,0,1,1,0,0,0,0.32263282107753594
-920924936431e7,42124669,0,0,0,1,0,0,0,1,0,0,1260,100,50,1,0.2857143,1,0,0,0,0,1,0,0,0,1,1,0,0,0,0,1,0,1,0,0,1,1,0,1,1,0,0.4998644240252926
500056472672e7,80117413,0,0,1,0,0,0,0,0,0,1,1170,100,33,2,0,0,0,1,0,1,0,0,0,0,0,1,0,0,1,0,1,0,0,0,1,0,0,0,0,1,0,0.085173158825379
415943475559e7,10462813,1,0,0,0,0,0,0,0,0,0,1500,100,26,1,0,0,1,0,0,0,1,0,0,0,1,1,0,0,1,0,1,0,1,0,1,0,1,1,0,0,0,0.4674843780696723
502593203022e7,78134612,1,0,0,0,0,0,0,0,1,0,1020,100,50,1,0,0,0,1,0,0,0,0,0,0,1,1,0,0,1,1,1,0,0,0,1,0,0,1,0,0,0,0.33057434779023753
-6.7772172892400005e+018,80118829,0,0,0,0,1,0,0,0,0,1,8580,100,52,1,0.14285715,0,0,0,1,1,0,0,0,0,1,1,0,0,1,0,1,0,0,0,1,0,1,1,0,0,0,0.10374160487035673
489514094719e7,78134517,0,0,0,1,0,0,0,0,1,0,2340,100,55,2,0,0,1,0,0,0,1,0,1,0,1,1,0,0,0,0,1,0,0,0,1,0,1,1,0,0,0,0.36485712271593485
-887980610533e7,78133302,0,1,0,0,0,0,0,0,1,0,3040,100,39,1,0,0,0,1,0,1,0,0,0,0,1,1,0,0,1,1,1,0,0,0,0,1,1,1,1,0,0,0.31374023235995674
7.6327453144399995e+018,42123947,1,0,0,0,0,0,0,1,0,0,1130,100,47,1,0.14285715,0,0,0,0,0,1,0,0,0,1,1,0,0,0,0,0,0,0,0,1,0,1,1,1,0,0,0.5381996703715725
